PZN;ENR;Bearbeitungsnummer;Referenzierte Erstmeldung;Meldungsart;Beginn;Ende;Datum der letzten Meldung;Art des Grundes;Arzneimittlbezeichnung;Atc Code;Wirkstoffe;Krankenhausrelevant;Zulassungsinhaber;Telefon;E-Mail;Grund;Anm. zum Grund;Alternativpräparat;Datum der Erstmeldung;Info an Fachkreise;Darreichungsform;klassifikation
06312605;2135881;LE2026003295;N/A;Erstmeldung;03.08.2026;06.10.2026;09.09.2026;Sonstige;Naproxen 500 - 1 A Pharma;M01AE02;Naproxen;nein;1 A Pharma GmbH;N/A;info@1apharma.com;Sonstige;N/A;N/A;09.09.2026;Vorgesehen;Tablette;weder versrel noch verskri
06312611;2135881;LE2026003295;N/A;Erstmeldung;03.08.2026;06.10.2026;09.09.2026;Sonstige;Naproxen 500 - 1 A Pharma;M01AE02;Naproxen;nein;1 A Pharma GmbH;N/A;info@1apharma.com;Sonstige;N/A;N/A;09.09.2026;Vorgesehen;Tablette;weder versrel noch verskri
06312628;2135881;LE2026003295;N/A;Erstmeldung;03.08.2026;06.10.2026;09.09.2026;Sonstige;Naproxen 500 - 1 A Pharma;M01AE02;Naproxen;nein;1 A Pharma GmbH;N/A;info@1apharma.com;Sonstige;N/A;N/A;09.09.2026;Vorgesehen;Tablette;weder versrel noch verskri
00038505;2134386;LE2026003294;N/A;Erstmeldung;31.08.2026;31.12.2026;09.09.2026;Sonstige;EMLA Pflaster;N01BB52, N01BB54;"Lidocain; Prilocain";nein;Aspen Pharma Trading Limited;N/A;de_quality@aspenpharma.eu;Sonstige;"Die fehlenden Angaben zum Pharmazeutischen Unternehmer auf der Folie der wirkstoffhaltigen Pflaster entspricht nicht dem Zulassungstext. Vorhandene Bestände wurden gesperrt; Maßnahmen zur Korrektur werden eingeleitet. Eine Herstellerinformation an die Fachkreise ist nach Abstimmung mit der zuständigen Behörde für KW 38 vorgesehen.";EMLA - Einreichungsnummer: 2142850;09.09.2026;Nein;wirkstoffhaltiges Pflaster;weder versrel noch verskri
08864800;2134386;LE2026003294;N/A;Erstmeldung;31.08.2026;31.12.2026;09.09.2026;Sonstige;EMLA Pflaster;N01BB52, N01BB54;"Lidocain; Prilocain";nein;Aspen Pharma Trading Limited;N/A;de_quality@aspenpharma.eu;Sonstige;"Die fehlenden Angaben zum Pharmazeutischen Unternehmer auf der Folie der wirkstoffhaltigen Pflaster entspricht nicht dem Zulassungstext. Vorhandene Bestände wurden gesperrt; Maßnahmen zur Korrektur werden eingeleitet. Eine Herstellerinformation an die Fachkreise ist nach Abstimmung mit der zuständigen Behörde für KW 38 vorgesehen.";EMLA - Einreichungsnummer: 2142850;09.09.2026;Nein;wirkstoffhaltiges Pflaster;weder versrel noch verskri
19847325;2138495;LE2026003293;N/A;Erstmeldung;02.09.2026;29.01.2027;09.09.2026;Sonstige;Dexa-inject mibe 10 mg/ml;H02AB02;Dexamethasondihydrogenphosphat-Dinatrium (Ph.Eur.);ja;Mibe GmbH Arzneimittel;034954 2470;zulassung-sekretariat@mibegmbh.de;Sonstige;N/A;Dexa-inject mibe 10 mg/ml - Einreichungsnummer: 2138495;09.09.2026;Nein;Injektionslösung;verskri (auch versrel)
14141879;2138185;LE2026003292;LE2026002019;Änderungsmeldung;01.06.2026;29.01.2027;09.09.2026;Sonstige;Dexa-inject mibe 4 mg/ml;H02AB02;Dexamethasondihydrogenphosphat-Dinatrium (Ph.Eur.);ja;Mibe GmbH Arzneimittel;034954 2470;zulassung-sekretariat@mibegmbh.de;Sonstige;N/A;Dexa-inject mibe 4 mg/ml - Einreichungsnummer: 2138185;02.06.2026;Nein;Injektionslösung;verskri (auch versrel)
19847265;2138185;LE2026003292;LE2026002019;Änderungsmeldung;01.06.2026;29.01.2027;09.09.2026;Sonstige;Dexa-inject mibe 4 mg/ml;H02AB02;Dexamethasondihydrogenphosphat-Dinatrium (Ph.Eur.);ja;Mibe GmbH Arzneimittel;034954 2470;zulassung-sekretariat@mibegmbh.de;Sonstige;N/A;Dexa-inject mibe 4 mg/ml - Einreichungsnummer: 2138185;02.06.2026;Nein;Injektionslösung;verskri (auch versrel)
19847271;2138185;LE2026003292;LE2026002019;Änderungsmeldung;01.06.2026;29.01.2027;09.09.2026;Sonstige;Dexa-inject mibe 4 mg/ml;H02AB02;Dexamethasondihydrogenphosphat-Dinatrium (Ph.Eur.);ja;Mibe GmbH Arzneimittel;034954 2470;zulassung-sekretariat@mibegmbh.de;Sonstige;N/A;Dexa-inject mibe 4 mg/ml - Einreichungsnummer: 2138185;02.06.2026;Nein;Injektionslösung;verskri (auch versrel)
19014358;2714031, 2714918;LE2026003290;LE2026000606;Änderungsmeldung;12.02.2026;30.09.2027;08.09.2026;Sonstige;Ritonavir Viatris 100 mg Filmtabletten - OP30;J05AE03;Ritonavir;nein;Viatris Limited;0800 0700 800		;kundenservice@viatris.com;Sonstige;N/A;N/A;16.02.2026;Nein;Filmtablette;versrel
19014370;2714031, 2714918;LE2026003290;LE2026000606;Änderungsmeldung;12.02.2026;30.09.2027;08.09.2026;Sonstige;Ritonavir Viatris 100 mg Filmtabletten - OP30;J05AE03;Ritonavir;nein;Viatris Limited;0800 0700 800		;kundenservice@viatris.com;Sonstige;N/A;N/A;16.02.2026;Nein;Filmtablette;versrel
19696091;7009633;LE2026003289;LE2026003287;Änderungsmeldung;25.08.2026;31.01.2027;08.09.2026;Sonstige;Anatrofer 1000 mg magensaftresistente Tabletten;A02AH;Natriumhydrogencarbonat;nein;LOGENEX Pharm GmbH;N/A;patrick.oehler@logenex-pharm.com;Erhöhte Nachfrage;N/A;N/A;08.09.2026;Nein;magensaftresistente Tablette;weder versrel noch verskri
16779008;2201997;LE2026003278;LE2025003556;Änderungsmeldung;09.10.2025;31.10.2026;07.09.2026;Produktionsproblem;Urapidil Bluefish 30 mg Hartkapseln, retardiert;C02CA06;Urapidil;nein;Bluefish Pharmaceuticals AB (publ);N/A;maria.riemer@tentaconsult.com;Probleme in der Herstellung;Beim Hersteller liegen limitierte Produktionskapazitäten vor. Nach unserem Kenntnisstand werden aktuell in Deutschland die Kunden mit Rabattverträgen bevorzugt beliefert. ;Ebrantil 30 mg - Einreichungsnummer: 2146749;09.10.2025;Nein;Hartkapsel, retardiert;versrel
16779072;2201999;LE2026003277;LE2025003557;Änderungsmeldung;09.10.2025;31.10.2026;07.09.2026;Produktionsproblem;Urapidil Bluefish 90 mg Hartkapseln, retardiert;C02CA06;Urapidil;nein;Bluefish Pharmaceuticals AB (publ);N/A;maria.riemer@tentaconsult.com;Probleme in der Herstellung;N/A;Ebrantil 90 mg - Einreichungsnummer: 2165933;09.10.2025;Nein;Hartkapsel, retardiert;versrel
13881321;2198054;LE2026003276;LE2026000700;Änderungsmeldung;18.02.2026;22.09.2026;04.09.2026;Sonstige;Telmisartan Micro Labs 20 mg Tabletten;C09CA07;Telmisartan;ja;Micro Labs GmbH;N/A;ausschreibungen@microlabsgmbh.de;Erhöhte Nachfrage;N/A;N/A;23.02.2026;Nein;Tablette;weder versrel noch verskri
17422171;2204856;LE2026003275;N/A;Erstmeldung;01.09.2026;04.11.2026;04.09.2026;Produktionsproblem;Fingolimod Zentiva 0,5 mg Hartkapseln;L04AE01;Fingolimodhydrochlorid;nein;Zentiva Pharma GmbH;0800 53 53 010;N/A;Probleme bei der Chargenprüfung;N/A;N/A;04.09.2026;Vorgesehen;Hartkapsel;versrel
17422188;2204856;LE2026003275;N/A;Erstmeldung;01.09.2026;04.11.2026;04.09.2026;Produktionsproblem;Fingolimod Zentiva 0,5 mg Hartkapseln;L04AE01;Fingolimodhydrochlorid;nein;Zentiva Pharma GmbH;0800 53 53 010;N/A;Probleme bei der Chargenprüfung;N/A;N/A;04.09.2026;Vorgesehen;Hartkapsel;versrel
19339787;2199886;LE2026003274;LE2026000542;Änderungsmeldung;09.02.2026;15.10.2026;04.09.2026;Sonstige;Dapson Zentiva 50 mg Tabletten;D10AX05, J04BA02;Dapson;nein;Zentiva Pharma GmbH;N/A;MedInfo.DE@zentiva.com;Erhöhte Nachfrage;erhöhte Nachfrage nach Engpass bei Mitbewerber;N/A;09.02.2026;Vorgesehen;Tablette;verskri (auch versrel)
00602561;2139825;LE2026003273;LE2026002040;Änderungsmeldung;18.05.2026;21.09.2026;04.09.2026;Sonstige;CIL 200 mg;C10AB05;Fenofibrat;nein;Winthrop Arzneimittel GmbH;N/A;MedInfo.DE@zentiva.com;Erhöhte Nachfrage;N/A;N/A;03.06.2026;Vorgesehen;Kapsel;versrel
00602584;2139825;LE2026003273;LE2026002040;Änderungsmeldung;18.05.2026;21.09.2026;04.09.2026;Sonstige;CIL 200 mg;C10AB05;Fenofibrat;nein;Winthrop Arzneimittel GmbH;N/A;MedInfo.DE@zentiva.com;Erhöhte Nachfrage;N/A;N/A;03.06.2026;Vorgesehen;Kapsel;versrel
19368381;7013504;LE2026003268;N/A;Erstmeldung;19.12.2025;05.10.2026;04.09.2026;Sonstige;Nilotinib Viatris 50 mg Hartkapseln;L01EA03;Nilotinibhydrochlorid-Dihydrat;nein;Viatris Germany GmbH;08000700800;kundenservice@viatris.com;Unzureichende Produktionskapazitäten;N/A;N/A;04.09.2026;Nein;Hartkapsel;verskri (auch versrel)
04300118;2109375;LE2026003267;LE2026003169;Änderungsmeldung;12.08.2026;27.09.2026;04.09.2026;Sonstige;Ureotop + VAS Creme;D02AE;"Harnstoff; Tretinoin";nein;Dermapharm Aktiengesellschaft;089641860;service@dermapharm.de;Unzureichende Produktionskapazitäten;N/A;N/A;27.08.2026;Nein;Creme;weder versrel noch verskri
02453390;0027068;LE2026003266;N/A;Erstmeldung;03.09.2026;20.11.2026;03.09.2026;Produktionsproblem;Ixoten;L01AA07;Trofosfamid;ja;Baxter Deutschland GmbH;N/A;uta_laux@baxter.com;Probleme in der Herstellung;N/A;N/A;03.09.2026;Vorgesehen;Manteltabletten;weder versrel noch verskri
04887402;2123159;LE2026003265;LE2026002384;Änderungsmeldung;01.07.2026;31.10.2026;03.09.2026;Produktionsproblem;Uromitexan Multidose;V03AF01;Mesna;ja;Baxter Deutschland GmbH;08931701350;uta_laux@baxter.com;Probleme bei der Endfreigabe;N/A;N/A;29.06.2026;Vorgesehen;Injektionslösung;verskri (auch versrel)
07373230;2705749;LE2026003264;LE2026002524;Änderungsmeldung;19.09.2026;02.12.2026;03.09.2026;Produktionsproblem;ZYPADHERA 210 mg Pulver und Lösungsmittel zur Herstellung einer Depot-Injektionssuspension - OP(483mg+3ml);N05AH03;Olanzapinembonat-Monohydrat;ja;Cheplapharm Registration GmbH;01601537174;mallikarjun.sunkara@cheplapharm.com;Probleme in der Herstellung;delay in product release;ZYPADHERA 405 mg Pulver und Lösungsmittel zur Herstellung einer Depot-Injektionssuspension - OP(931mg+3ml) - Einreichungsnummer: 2705751;08.07.2026;Vorgesehen;Pulver,Lösungsmittel;versrel
01658807;2701451;LE2026003263;N/A;Erstmeldung;03.09.2026;29.09.2026;03.09.2026;Produktionsproblem;ZYPREXA;N05AH03;Olanzapin;ja;Cheplapharm Registration GmbH;01601537174;mallikarjun.sunkara@cheplapharm.com;Probleme in der Herstellung;delay in product release;ZYPADHERA 405 mg Pulver und Lösungsmittel zur Herstellung einer Depot-Injektionssuspension - OP(931mg+3ml) - Einreichungsnummer: 2750868;03.09.2026;Vorgesehen;Trockensubstanz;versrel
13570650;2199510;LE2026003262;LE2026000846;Änderungsmeldung;01.01.2026;21.10.2026;03.09.2026;Produktionsproblem;Busulfan-ratiopharm 6 mg/ml Konzentrat zur Herstellung einer Infusionslösung;L01AB01;Busulfan;ja;ratiopharm GmbH;N/A;rui.araujo@ratiopharm.de;Probleme in der Herstellung;N/A;N/A;04.03.2026;Vorgesehen;Konzentrat zur Herstellung einer Infusionslösung;verskri (auch versrel)
16528312;2203839;LE2026003261;N/A;Erstmeldung;02.09.2026;28.09.2026;03.09.2026;Sonstige;Buprenorphin AL 30 Mikrogramm/Stunde transdermales Pflaster;N02AE01;Buprenorphin;nein;ALIUD PHARMA GmbH;0733396510;info@aliud.de;Erhöhte Nachfrage;N/A;N/A;03.09.2026;Vorgesehen;transdermales Pflaster;verskri (auch versrel)
16528329;2203839;LE2026003261;N/A;Erstmeldung;02.09.2026;28.09.2026;03.09.2026;Sonstige;Buprenorphin AL 30 Mikrogramm/Stunde transdermales Pflaster;N02AE01;Buprenorphin;nein;ALIUD PHARMA GmbH;0733396510;info@aliud.de;Erhöhte Nachfrage;N/A;N/A;03.09.2026;Vorgesehen;transdermales Pflaster;verskri (auch versrel)
16528335;2203839;LE2026003261;N/A;Erstmeldung;02.09.2026;28.09.2026;03.09.2026;Sonstige;Buprenorphin AL 30 Mikrogramm/Stunde transdermales Pflaster;N02AE01;Buprenorphin;nein;ALIUD PHARMA GmbH;0733396510;info@aliud.de;Erhöhte Nachfrage;N/A;N/A;03.09.2026;Vorgesehen;transdermales Pflaster;verskri (auch versrel)
12870255;2194862;LE2026003260;N/A;Erstmeldung;02.09.2026;28.09.2026;03.09.2026;Sonstige;Buprenorphin AL 20 Mikrogramm/Stunde transdermales Pflaster;N02AE01;Buprenorphin;nein;ALIUD PHARMA GmbH;0733396510;info@aliud.de;Erhöhte Nachfrage;N/A;N/A;03.09.2026;Vorgesehen;transdermales Pflaster;verskri (auch versrel)
12870261;2194862;LE2026003260;N/A;Erstmeldung;02.09.2026;28.09.2026;03.09.2026;Sonstige;Buprenorphin AL 20 Mikrogramm/Stunde transdermales Pflaster;N02AE01;Buprenorphin;nein;ALIUD PHARMA GmbH;0733396510;info@aliud.de;Erhöhte Nachfrage;N/A;N/A;03.09.2026;Vorgesehen;transdermales Pflaster;verskri (auch versrel)
12870278;2194862;LE2026003260;N/A;Erstmeldung;02.09.2026;28.09.2026;03.09.2026;Sonstige;Buprenorphin AL 20 Mikrogramm/Stunde transdermales Pflaster;N02AE01;Buprenorphin;nein;ALIUD PHARMA GmbH;0733396510;info@aliud.de;Erhöhte Nachfrage;N/A;N/A;03.09.2026;Vorgesehen;transdermales Pflaster;verskri (auch versrel)
02765132;2102829;LE2026003259;LE2026001590;Änderungsmeldung;22.04.2026;31.12.2026;03.09.2026;Sonstige;Aminosteril N-Hepa 8%;B05BA01;"Acetylcystein; Alanin; Arginin; Essigsäure 99%; Glycin; Histidin; Isoleucin; Leucin; Lysinacetat; Methionin; Phenylalanin; Prolin; Serin; Threonin; Tryptophan; Valin";ja;Fresenius Kabi Deutschland GmbH;+49617268696715;tabea.ludwig@fresenius-kabi.com;Erhöhte Nachfrage;N/A;N/A;27.04.2026;Vorgesehen;Infusionslösung;weder versrel noch verskri
08452629;2130589;LE2026003258;LE2026000745;Änderungsmeldung;19.02.2026;31.12.2026;03.09.2026;Sonstige;Aminoven infant 10%;B05BA;"Acetylcystein; Alanin; Arginin; Glycin; Histidin; Isoleucin; L-Äpfelsäure; Leucin; Lysinacetat; Methionin; N-Acetyltyrosin (Ph.Eur.); Phenylalanin; Prolin; Serin; Taurin; Threonin; Tryptophan; Valin";ja;Fresenius Kabi Deutschland GmbH;+49617268696715;tabea.ludwig@fresenius-kabi.com;Erhöhte Nachfrage;N/A;N/A;26.02.2026;Ja;Infusionslösung;weder versrel noch verskri
10382161;2130589;LE2026003258;LE2026000745;Änderungsmeldung;19.02.2026;31.12.2026;03.09.2026;Sonstige;Aminoven infant 10%;B05BA;"Acetylcystein; Alanin; Arginin; Glycin; Histidin; Isoleucin; L-Äpfelsäure; Leucin; Lysinacetat; Methionin; N-Acetyltyrosin (Ph.Eur.); Phenylalanin; Prolin; Serin; Taurin; Threonin; Tryptophan; Valin";ja;Fresenius Kabi Deutschland GmbH;+49617268696715;tabea.ludwig@fresenius-kabi.com;Erhöhte Nachfrage;N/A;N/A;26.02.2026;Ja;Infusionslösung;weder versrel noch verskri
09534594;2182703;LE2026003256;N/A;Erstmeldung;02.09.2026;29.09.2026;03.09.2026;Sonstige;Tacrolimus AL 5 mg Hartkapseln;L04AD02;Tacrolimus;nein;ALIUD PHARMA GmbH;0733396510;info@aliud.de;Erhöhte Nachfrage;N/A;N/A;03.09.2026;Vorgesehen;Hartkapsel;verskri (auch versrel)
09534602;2182703;LE2026003256;N/A;Erstmeldung;02.09.2026;29.09.2026;03.09.2026;Sonstige;Tacrolimus AL 5 mg Hartkapseln;L04AD02;Tacrolimus;nein;ALIUD PHARMA GmbH;0733396510;info@aliud.de;Erhöhte Nachfrage;N/A;N/A;03.09.2026;Vorgesehen;Hartkapsel;verskri (auch versrel)
10320680;2189797;LE2026003255;N/A;Erstmeldung;02.09.2026;30.09.2026;03.09.2026;Sonstige;Cilostazol AL 50 mg Tabletten;B01AC23;Cilostazol;nein;ALIUD PHARMA GmbH;0733396510;info@aliud.de;Erhöhte Nachfrage;N/A;N/A;03.09.2026;Vorgesehen;Tablette;weder versrel noch verskri
10320697;2189797;LE2026003255;N/A;Erstmeldung;02.09.2026;30.09.2026;03.09.2026;Sonstige;Cilostazol AL 50 mg Tabletten;B01AC23;Cilostazol;nein;ALIUD PHARMA GmbH;0733396510;info@aliud.de;Erhöhte Nachfrage;N/A;N/A;03.09.2026;Vorgesehen;Tablette;weder versrel noch verskri
03131613;2143569;LE2026003254;LE2026002140;Änderungsmeldung;01.06.2026;16.10.2026;03.09.2026;Sonstige;Cabaseril 1 mg;N04BC06;Cabergolin;ja;Pfizer Pharma GmbH;+49 (0) 30 550055-51000;medical.information@pfizer.com;Probleme beim Wirkstoffhersteller;N/A;N/A;12.06.2026;Nein;Tablette;versrel
07729655;2143569;LE2026003254;LE2026002140;Änderungsmeldung;01.06.2026;16.10.2026;03.09.2026;Sonstige;Cabaseril 1 mg;N04BC06;Cabergolin;ja;Pfizer Pharma GmbH;+49 (0) 30 550055-51000;medical.information@pfizer.com;Probleme beim Wirkstoffhersteller;N/A;N/A;12.06.2026;Nein;Tablette;versrel
03131688;2143570;LE2026003253;LE2026002141;Änderungsmeldung;01.06.2026;16.10.2026;03.09.2026;Sonstige;Cabaseril 2 mg;N04BC06;Cabergolin;ja;Pfizer Pharma GmbH;+49 (0) 30 550055-51000;medical.information@pfizer.com;Probleme beim Wirkstoffhersteller;N/A;Cabaseril 1 mg - Einreichungsnummer: 2143569;12.06.2026;Nein;Tablette;versrel
07729690;2143570;LE2026003253;LE2026002141;Änderungsmeldung;01.06.2026;16.10.2026;03.09.2026;Sonstige;Cabaseril 2 mg;N04BC06;Cabergolin;ja;Pfizer Pharma GmbH;+49 (0) 30 550055-51000;medical.information@pfizer.com;Probleme beim Wirkstoffhersteller;N/A;Cabaseril 1 mg - Einreichungsnummer: 2143569;12.06.2026;Nein;Tablette;versrel
09882697;2132293;LE2026003251;LE2026002864;Änderungsmeldung;29.07.2026;14.10.2026;02.09.2026;Produktionsproblem;Visipaque 270;V08AB09;Iodixanol;nein;GE Healthcare Buchler GmbH & Co.KG;N/A;RegulatoryAffairsDE@gehealthcare.com;Probleme in der Herstellung;N/A;Visipaque 270 - Einreichungsnummer: 2132293;31.07.2026;Vorgesehen;Injektionslösung;weder versrel noch verskri
02707956;2132294;LE2026003250;LE2026001099;Änderungsmeldung;20.07.2026;23.09.2026;02.09.2026;Sonstige;Visipaque 320;V08AB09;Iodixanol;nein;GE Healthcare Buchler GmbH & Co.KG;08996281404;RegulatoryAffairsDE@gehealthcare.com;Sonstige;N/A;N/A;23.03.2026;Vorgesehen;Injektionslösung;weder versrel noch verskri
09882734;2132294;LE2026003250;LE2026001099;Änderungsmeldung;20.07.2026;23.09.2026;02.09.2026;Sonstige;Visipaque 320;V08AB09;Iodixanol;nein;GE Healthcare Buchler GmbH & Co.KG;08996281404;RegulatoryAffairsDE@gehealthcare.com;Sonstige;N/A;N/A;23.03.2026;Vorgesehen;Injektionslösung;weder versrel noch verskri
09882740;2132294;LE2026003250;LE2026001099;Änderungsmeldung;20.07.2026;23.09.2026;02.09.2026;Sonstige;Visipaque 320;V08AB09;Iodixanol;nein;GE Healthcare Buchler GmbH & Co.KG;08996281404;RegulatoryAffairsDE@gehealthcare.com;Sonstige;N/A;N/A;23.03.2026;Vorgesehen;Injektionslösung;weder versrel noch verskri
09882757;2132294;LE2026003250;LE2026001099;Änderungsmeldung;20.07.2026;23.09.2026;02.09.2026;Sonstige;Visipaque 320;V08AB09;Iodixanol;nein;GE Healthcare Buchler GmbH & Co.KG;08996281404;RegulatoryAffairsDE@gehealthcare.com;Sonstige;N/A;N/A;23.03.2026;Vorgesehen;Injektionslösung;weder versrel noch verskri
15862842;2714959, 2714960;LE2026003249;LE2025004705;Änderungsmeldung;27.10.2025;25.09.2026;02.09.2026;Sonstige;Nepexto 50 mg Injektionslösung in einer Fertigspritze ;L04AB01;Etanercept;nein;Biosimilar Collaborations Ireland Limited;+49 15168646713;nadia.cali@biocon.com;Sonstige;N/A;Enbrel 50 mg Injektionslösung in Fertigspritze - OP4 - Einreichungsnummer: 2703354;29.12.2025;Vorgesehen;Injektionslösung;versrel
15862859;2714959, 2714960;LE2026003249;LE2025004705;Änderungsmeldung;27.10.2025;25.09.2026;02.09.2026;Sonstige;Nepexto 50 mg Injektionslösung in einer Fertigspritze ;L04AB01;Etanercept;nein;Biosimilar Collaborations Ireland Limited;+49 15168646713;nadia.cali@biocon.com;Sonstige;N/A;Enbrel 50 mg Injektionslösung in Fertigspritze - OP4 - Einreichungsnummer: 2703354;29.12.2025;Vorgesehen;Injektionslösung;versrel
00834426;7006438;LE2026003246;N/A;Erstmeldung;02.09.2026;30.10.2026;02.09.2026;Sonstige;Noxafil;J02AC04;Posaconazol;ja;Merck Sharp & Dohme B.V.;08945611873;anton.dimopoulos@msd.de;Erhöhte Nachfrage;erhöhte Nachfrage;Noxafil 300 mg Konzentrat zur Herstellung einer Infusionslösung - OP16,7ml - Einreichungsnummer: 2711505;02.09.2026;Nein;Pulver zur Herstellung einer Suspension zum Einnehmen,Lösungsmittel;verskri (auch versrel)
03572665;2113120;LE2026003241;LE2026000089;Änderungsmeldung;23.01.2026;28.02.2027;02.09.2026;Sonstige;Prepidil Gel;G02AD02;Dinoproston;ja;Pfizer Pharma GmbH;+49 (0) 30 550055-51000;medical.information@pfizer.com;Erhöhte Nachfrage;N/A;N/A;08.01.2026;Ja;Gel;verskri (auch versrel)
18168705;2122755;LE2026003240;N/A;Erstmeldung;14.07.2026;11.11.2026;02.09.2026;Sonstige;Cefuroxim - 1 A Pharma 125 mg/5 ml Granulat zur Herstellung einer Suspension zum Einnehmen;J01DC02;Cefuroximaxetil;nein;1 A Pharma GmbH;N/A;service@hexal.com;Erhöhte Nachfrage;N/A;N/A;02.09.2026;Vorgesehen;Granulat zur Herstellung einer Suspension zum Einnehmen;verskri (auch versrel)
17560499;2205277;LE2026003239;LE2026001611;Änderungsmeldung;11.02.2026;18.09.2026;02.09.2026;Sonstige;Abirateron HEXAL 500 mg Filmtabletten;L02BX03;Abirateronacetat;nein;H e x a l  Aktiengesellschaft;N/A;service@hexal.com;Sonstige;N/A;N/A;28.04.2026;Nein;Filmtablette;versrel
03286793;0403867;LE2026003238;LE2026001628;Änderungsmeldung;24.11.2025;30.09.2026;02.09.2026;Sonstige;Triamhexal 10;H02AB08;Triamcinolonacetonid;nein;H e x a l  Aktiengesellschaft;N/A;service@hexal.com;Unzureichende Produktionskapazitäten;N/A;N/A;29.04.2026;Vorgesehen;Injektionssuspension;versrel
03294798;0403867;LE2026003238;LE2026001628;Änderungsmeldung;24.11.2025;30.09.2026;02.09.2026;Sonstige;Triamhexal 10;H02AB08;Triamcinolonacetonid;nein;H e x a l  Aktiengesellschaft;N/A;service@hexal.com;Unzureichende Produktionskapazitäten;N/A;N/A;29.04.2026;Vorgesehen;Injektionssuspension;versrel
03294806;0403867;LE2026003238;LE2026001628;Änderungsmeldung;24.11.2025;30.09.2026;02.09.2026;Sonstige;Triamhexal 10;H02AB08;Triamcinolonacetonid;nein;H e x a l  Aktiengesellschaft;N/A;service@hexal.com;Unzureichende Produktionskapazitäten;N/A;N/A;29.04.2026;Vorgesehen;Injektionssuspension;versrel
03911452;0403867;LE2026003238;LE2026001628;Änderungsmeldung;24.11.2025;30.09.2026;02.09.2026;Sonstige;Triamhexal 10;H02AB08;Triamcinolonacetonid;nein;H e x a l  Aktiengesellschaft;N/A;service@hexal.com;Unzureichende Produktionskapazitäten;N/A;N/A;29.04.2026;Vorgesehen;Injektionssuspension;versrel
03286818;0403896;LE2026003236;LE2026001629;Änderungsmeldung;26.11.2025;30.09.2026;02.09.2026;Sonstige;Triamhexal 40;H02AB08;Triamcinolonacetonid;nein;H e x a l  Aktiengesellschaft;N/A;service@hexal.com;Unzureichende Produktionskapazitäten;N/A;N/A;29.04.2026;Vorgesehen;Injektionssuspension;versrel
03287048;0403896;LE2026003236;LE2026001629;Änderungsmeldung;26.11.2025;30.09.2026;02.09.2026;Sonstige;Triamhexal 40;H02AB08;Triamcinolonacetonid;nein;H e x a l  Aktiengesellschaft;N/A;service@hexal.com;Unzureichende Produktionskapazitäten;N/A;N/A;29.04.2026;Vorgesehen;Injektionssuspension;versrel
03294812;0403896;LE2026003236;LE2026001629;Änderungsmeldung;26.11.2025;30.09.2026;02.09.2026;Sonstige;Triamhexal 40;H02AB08;Triamcinolonacetonid;nein;H e x a l  Aktiengesellschaft;N/A;service@hexal.com;Unzureichende Produktionskapazitäten;N/A;N/A;29.04.2026;Vorgesehen;Injektionssuspension;versrel
03911469;0403896;LE2026003236;LE2026001629;Änderungsmeldung;26.11.2025;30.09.2026;02.09.2026;Sonstige;Triamhexal 40;H02AB08;Triamcinolonacetonid;nein;H e x a l  Aktiengesellschaft;N/A;service@hexal.com;Unzureichende Produktionskapazitäten;N/A;N/A;29.04.2026;Vorgesehen;Injektionssuspension;versrel
06155896;0403896;LE2026003236;LE2026001629;Änderungsmeldung;26.11.2025;30.09.2026;02.09.2026;Sonstige;Triamhexal 40;H02AB08;Triamcinolonacetonid;nein;H e x a l  Aktiengesellschaft;N/A;service@hexal.com;Unzureichende Produktionskapazitäten;N/A;N/A;29.04.2026;Vorgesehen;Injektionssuspension;versrel
06323365;2167594;LE2026003234;LE2026002594;Änderungsmeldung;29.05.2026;26.10.2026;02.09.2026;Sonstige;Risperidon - 1 A Pharma 6 mg Filmtabletten;N05AX08;Risperidon;nein;1 A Pharma GmbH;N/A;info@1apharma.com;Erhöhte Nachfrage;N/A;Risperidon - 1 A Pharma 2 mg Filmtabletten - Einreichungsnummer: 2161024;13.07.2026;Vorgesehen;Filmtablette;verskri (auch versrel)
06323425;2167594;LE2026003234;LE2026002594;Änderungsmeldung;29.05.2026;26.10.2026;02.09.2026;Sonstige;Risperidon - 1 A Pharma 6 mg Filmtabletten;N05AX08;Risperidon;nein;1 A Pharma GmbH;N/A;info@1apharma.com;Erhöhte Nachfrage;N/A;Risperidon - 1 A Pharma 2 mg Filmtabletten - Einreichungsnummer: 2161024;13.07.2026;Vorgesehen;Filmtablette;verskri (auch versrel)
00850483;2161497;LE2026003233;LE2026002477;Änderungsmeldung;07.05.2026;30.11.2026;02.09.2026;Sonstige;MetoHEXAL Succ 142,5 mg Retardtabletten;C07AB02;Metoprololsuccinat (Ph.Eur.);nein;H e x a l  Aktiengesellschaft;N/A;service@hexal.com;Erhöhte Nachfrage;N/A;MetoHEXAL Succ 142,5 mg Retardtabletten - Einreichungsnummer: 2161497;06.07.2026;Vorgesehen;Retardtablette;versrel
00850508;2161497;LE2026003233;LE2026002477;Änderungsmeldung;07.05.2026;30.11.2026;02.09.2026;Sonstige;MetoHEXAL Succ 142,5 mg Retardtabletten;C07AB02;Metoprololsuccinat (Ph.Eur.);nein;H e x a l  Aktiengesellschaft;N/A;service@hexal.com;Erhöhte Nachfrage;N/A;MetoHEXAL Succ 142,5 mg Retardtabletten - Einreichungsnummer: 2161497;06.07.2026;Vorgesehen;Retardtablette;versrel
12550088;2183893;LE2026003231;LE2026003153;Änderungsmeldung;10.08.2026;31.12.2026;02.09.2026;Produktionsproblem;Levetiracetam Holsten 1000 mg Filmtabletten;N03AX14;Levetiracetam;nein;Holsten Pharma GmbH - Geschäftsanschrift -;N/A;s.ebadi@holstenpharma.de;Probleme in der Herstellung;N/A;Levetiracetam Holsten 1000 mg Filmtabletten - Einreichungsnummer: 2183893;26.08.2026;Vorgesehen;keine eindeutige Darreichungsform;versrel
12550094;2183893;LE2026003231;LE2026003153;Änderungsmeldung;10.08.2026;31.12.2026;02.09.2026;Produktionsproblem;Levetiracetam Holsten 1000 mg Filmtabletten;N03AX14;Levetiracetam;nein;Holsten Pharma GmbH - Geschäftsanschrift -;N/A;s.ebadi@holstenpharma.de;Probleme in der Herstellung;N/A;Levetiracetam Holsten 1000 mg Filmtabletten - Einreichungsnummer: 2183893;26.08.2026;Vorgesehen;keine eindeutige Darreichungsform;versrel
12550042;2183892;LE2026003226;LE2026000150;Änderungsmeldung;05.01.2026;31.12.2026;02.09.2026;Produktionsproblem;Levetiracetam Holsten 750 mg Filmtabletten;N03AX14;Levetiracetam;nein;Holsten Pharma GmbH - Geschäftsanschrift -;+49 (0) 69 96 23 39 – 000;registration@holstenpharma.de;Probleme in der Herstellung;N/A;N/A;13.01.2026;Vorgesehen;Filmtablette;versrel
12550059;2183892;LE2026003226;LE2026000150;Änderungsmeldung;05.01.2026;31.12.2026;02.09.2026;Produktionsproblem;Levetiracetam Holsten 750 mg Filmtabletten;N03AX14;Levetiracetam;nein;Holsten Pharma GmbH - Geschäftsanschrift -;+49 (0) 69 96 23 39 – 000;registration@holstenpharma.de;Probleme in der Herstellung;N/A;N/A;13.01.2026;Vorgesehen;Filmtablette;versrel
12550065;2183892;LE2026003226;LE2026000150;Änderungsmeldung;05.01.2026;31.12.2026;02.09.2026;Produktionsproblem;Levetiracetam Holsten 750 mg Filmtabletten;N03AX14;Levetiracetam;nein;Holsten Pharma GmbH - Geschäftsanschrift -;+49 (0) 69 96 23 39 – 000;registration@holstenpharma.de;Probleme in der Herstellung;N/A;N/A;13.01.2026;Vorgesehen;Filmtablette;versrel
06983073;2144695;LE2026003225;LE2026001149;Änderungsmeldung;14.03.2026;31.12.2027;02.09.2026;Produktionsproblem;ARA-cell 4000mg Infusionslösung;L01BC01;Cytarabin;nein;STADAPHARM GmbH;061016033466;Minyoung.Seo@stadapharm.de;Probleme in der Herstellung;N/A;N/A;24.03.2026;Vorgesehen;Infusionslösung;verskri (auch versrel)
06983044;2144694;LE2026003224;LE2026001148;Änderungsmeldung;07.10.2025;31.12.2027;02.09.2026;Produktionsproblem;ARA-cell 1000mg Infusionslösung;L01BC01;Cytarabin;nein;STADAPHARM GmbH;061016033466;Minyoung.Seo@stadapharm.de;Probleme in der Herstellung;N/A;N/A;24.03.2026;Vorgesehen;Infusionslösung;verskri (auch versrel)
01225037;3001935;LE2026003223;LE2026001790;Änderungsmeldung;04.05.2026;31.12.2027;02.09.2026;Produktionsproblem;ARA-cell 100 mg/ml Konzentrat zur Herstellung einer Infusionslösung;L01BC01;Cytarabin;nein;STADAPHARM GmbH;061016032416;christiane.georgi@stada.de;Probleme in der Herstellung;N/A;N/A;11.05.2026;Vorgesehen;Konzentrat zur Herstellung einer Infusionslösung;verskri (auch versrel)
08654480;3001935;LE2026003223;LE2026001790;Änderungsmeldung;04.05.2026;31.12.2027;02.09.2026;Produktionsproblem;ARA-cell 100 mg/ml Konzentrat zur Herstellung einer Infusionslösung;L01BC01;Cytarabin;nein;STADAPHARM GmbH;061016032416;christiane.georgi@stada.de;Probleme in der Herstellung;N/A;N/A;11.05.2026;Vorgesehen;Konzentrat zur Herstellung einer Infusionslösung;verskri (auch versrel)
06983009;2144616;LE2026003222;N/A;Erstmeldung;02.09.2026;31.12.2027;02.09.2026;Produktionsproblem;ARA-cell 40mg Injektion;L01BC01;Cytarabin;nein;STADAPHARM GmbH;061016032416;christiane.georgi@stada.de;Probleme in der Herstellung;N/A;N/A;02.09.2026;Vorgesehen;Injektionslösung/Konzentrat zur Herstellung einer Infusionslösung;verskri (auch versrel)
17416325;2202599;LE2026003221;LE2026001804;Änderungsmeldung;12.05.2026;08.09.2026;02.09.2026;Sonstige;Sunitinib AL 12,5 mg Hartkapseln;L01EX01;Sunitinib;nein;ALIUD PHARMA GmbH;0733396510;info@aliud.de;Erhöhte Nachfrage;N/A;N/A;12.05.2026;Vorgesehen;Hartkapsel;versrel
10998703;0176696;LE2026003220;LE2026002201;Änderungsmeldung;19.05.2026;16.11.2026;02.09.2026;Produktionsproblem;Thilorbin;S01HA30;"Fluorescein-Natrium (Ph.Eur.); Oxybuprocainhydrochlorid";ja;OmniVision GmbH; +49 (0) 89 / 840792 – 30;info@omnivision.de;Probleme in der Herstellung;N/A;N/A;17.06.2026;Ja;Augentropfen;weder versrel noch verskri
11213101;2113068;LE2026003217;N/A;Erstmeldung;26.08.2026;20.11.2026;01.09.2026;Sonstige;Volon A 40;H02AB08;Triamcinolonacetonid;nein;Dermapharm Aktiengesellschaft;089641860;service@dermapharm.de;Erhöhte Nachfrage;N/A;Volon A 40 - Einreichungsnummer: 2113068;01.09.2026;Nein;Kristallsuspension;versrel
09722930;2186515;LE2026003215;N/A;Erstmeldung;28.08.2026;15.12.2026;01.09.2026;Sonstige;Perindopril/Indapamid-ratiopharm T 2,5 mg/0,625 mg Filmtabletten;C09BA04;"Indapamid; Perindopriltosilat";nein;ratiopharm GmbH;N/A;info@ratiopharm.de;Erhöhte Nachfrage;N/A;N/A;01.09.2026;Vorgesehen;Filmtablette;weder versrel noch verskri
09722947;2186515;LE2026003215;N/A;Erstmeldung;28.08.2026;15.12.2026;01.09.2026;Sonstige;Perindopril/Indapamid-ratiopharm T 2,5 mg/0,625 mg Filmtabletten;C09BA04;"Indapamid; Perindopriltosilat";nein;ratiopharm GmbH;N/A;info@ratiopharm.de;Erhöhte Nachfrage;N/A;N/A;01.09.2026;Vorgesehen;Filmtablette;weder versrel noch verskri
08801165;2179120;LE2026003214;N/A;Erstmeldung;31.08.2026;30.10.2026;31.08.2026;Sonstige;Ropivacain HCl B. Braun 2 mg/ml Injektions-/Infusionslösung;N01BB09;Ropivacainhydrochlorid-Monohydrat;ja;B. Braun Melsungen Aktiengesellschaft;0566191477309;benjamin.strippel@bbraun.com;Erhöhte Nachfrage;N/A;N/A;31.08.2026;Vorgesehen;Injektions-/Infusionslösung;weder versrel noch verskri
00500636;3004003;LE2026003213;LE2026002382;Änderungsmeldung;22.05.2026;30.09.2026;31.08.2026;Produktionsproblem;ACCUPAQUE 350;V08AB02;Iohexol;nein;GE Healthcare Buchler GmbH & Co.KG;N/A;RegulatoryAffairsDE@gehealthcare.com;Probleme in der Herstellung;erhöhte Nachfrage durch Substitution;ACCUPAQUE 350 - Einreichungsnummer: 3004003;29.06.2026;Vorgesehen;Injektionslösung oder Lösung zum Einnehmen;verskri (auch versrel)
09882533;3004003;LE2026003213;LE2026002382;Änderungsmeldung;22.05.2026;30.09.2026;31.08.2026;Produktionsproblem;ACCUPAQUE 350;V08AB02;Iohexol;nein;GE Healthcare Buchler GmbH & Co.KG;N/A;RegulatoryAffairsDE@gehealthcare.com;Probleme in der Herstellung;erhöhte Nachfrage durch Substitution;ACCUPAQUE 350 - Einreichungsnummer: 3004003;29.06.2026;Vorgesehen;Injektionslösung oder Lösung zum Einnehmen;verskri (auch versrel)
09882556;3004003;LE2026003213;LE2026002382;Änderungsmeldung;22.05.2026;30.09.2026;31.08.2026;Produktionsproblem;ACCUPAQUE 350;V08AB02;Iohexol;nein;GE Healthcare Buchler GmbH & Co.KG;N/A;RegulatoryAffairsDE@gehealthcare.com;Probleme in der Herstellung;erhöhte Nachfrage durch Substitution;ACCUPAQUE 350 - Einreichungsnummer: 3004003;29.06.2026;Vorgesehen;Injektionslösung oder Lösung zum Einnehmen;verskri (auch versrel)
09882562;3004003;LE2026003213;LE2026002382;Änderungsmeldung;22.05.2026;30.09.2026;31.08.2026;Produktionsproblem;ACCUPAQUE 350;V08AB02;Iohexol;nein;GE Healthcare Buchler GmbH & Co.KG;N/A;RegulatoryAffairsDE@gehealthcare.com;Probleme in der Herstellung;erhöhte Nachfrage durch Substitution;ACCUPAQUE 350 - Einreichungsnummer: 3004003;29.06.2026;Vorgesehen;Injektionslösung oder Lösung zum Einnehmen;verskri (auch versrel)
12727078;2152214;LE2026003211;N/A;Erstmeldung;01.09.2026;30.09.2026;31.08.2026;Sonstige;L-Thyroxin Aventis 50 Mikrogramm Tabletten;H03AA01;Levothyroxin-Natrium;nein;Sanofi-Aventis Deutschland GmbH;0800 52 52 010;medinfo.de@sanofi.com ;Unzureichende Produktionskapazitäten;Eingeschränkt lieferfähigmögliche Alternative: L-THYROXIN Aventis 25 µg Tabletten;N/A;31.08.2026;Nein;Tablette;verskri (auch versrel)
12727084;2152214;LE2026003211;N/A;Erstmeldung;01.09.2026;30.09.2026;31.08.2026;Sonstige;L-Thyroxin Aventis 50 Mikrogramm Tabletten;H03AA01;Levothyroxin-Natrium;nein;Sanofi-Aventis Deutschland GmbH;0800 52 52 010;medinfo.de@sanofi.com ;Unzureichende Produktionskapazitäten;Eingeschränkt lieferfähigmögliche Alternative: L-THYROXIN Aventis 25 µg Tabletten;N/A;31.08.2026;Nein;Tablette;verskri (auch versrel)
11377423;2198648;LE2026003208;LE2026001513;Änderungsmeldung;23.02.2026;05.10.2026;31.08.2026;Produktionsproblem;Brimo-Vision sine 2 mg/ml Augentropfen, Lösung im Einzeldosisbehältnis;S01EA05;Brimonidintartrat;nein;OmniVision GmbH;+49 89 840792-80;s.monat@omnivision.de;Sonstige;Grund des Lieferengpasses: Kapazitätsengpass in der Produktion beim registrierten Fertigprodukthersteller.Die 30er Packungsgröße wird voraussichtlich am 05.10.2026 wieder lieferbar sein.;N/A;21.04.2026;Nein;Augentropfen, Lösung im Einzeldosisbehältnis;versrel
04250018;0192577;LE2026003206;LE2025004422;Änderungsmeldung;08.12.2025;19.10.2026;31.08.2026;Sonstige;Isozid 0,5 N;J04AC01;Isoniazid;nein;Riemser Pharma GmbH;030338427413;mratzlaff@esteve.com;Erhöhte Nachfrage;short-term increase in demand + delay in production at CMO;N/A;09.12.2025;Nein;Pulver zur Herstellung einer Infusionslösung;verskri (auch versrel)
17378435;2188428;LE2026003205;LE2026002450;Änderungsmeldung;14.08.2026;16.10.2026;31.08.2026;Sonstige;Pantoprazol-Micro Labs 20 mg magensaftresistente Tabletten;A02BC02;Pantoprazol-Natrium-Sesquihydrat;ja;Micro Labs GmbH;N/A;ausschreibungen@microlabsgmbh.de;Erhöhte Nachfrage;N/A;N/A;03.07.2026;Vorgesehen;magensaftresistente Tablette;versrel
01429225;2142619;LE2026003204;N/A;Erstmeldung;01.07.2026;15.10.2026;28.08.2026;Produktionsproblem;Aggrastat 50 Mikrogramm/ml Infusionslösung;B01AC17;Tirofibanhydrochlorid-Monohydrat;nein;Advanz Pharma Limited;02129 5301577;fzimmermann@productlife-group.com;Probleme in der Herstellung;A labelling discrepancy has been identified where serialization data was printed on label instead of the carton, all recent Aggrastat bag batches delivered from Tjopack are currently on Quality Hold.Expiry dates mentioned different on Carton(correct expiry details) & inside pouch(one month expiry gap compared to Carton);Aggrastat 250 Mikrogramm/ml Konzentrat zur Herstellung einer Infusionslösung - Einreichungsnummer: 2142618;28.08.2026;Vorgesehen;Infusionslösung;verskri (auch versrel)
09505115;2106371;LE2026003201;N/A;Erstmeldung;26.08.2026;14.09.2026;28.08.2026;Sonstige;Eremfat i.v. 600mg;J04AB02;Rifampicin-Natrium;nein;Riemser Pharma GmbH;030338427413;mratzlaff@esteve.com;Erhöhte Nachfrage;higher (unexpected) sales;Eremfat i.v. 600mg - Einreichungsnummer: 2106371;28.08.2026;Nein;Pulver zur Herstellung einer Infusionslösung;verskri (auch versrel)
09505090;2106370;LE2026003200;N/A;Erstmeldung;26.08.2026;14.09.2026;28.08.2026;Sonstige;Eremfat i.v. 300mg;J04AB02;Rifampicin-Natrium;nein;Riemser Pharma GmbH;030338427413;mratzlaff@esteve.com;Erhöhte Nachfrage;higher (unexpected) sales ;Eremfat i.v. 300mg - Einreichungsnummer: 2106370;28.08.2026;Nein;Pulver zur Herstellung einer Infusionslösung;verskri (auch versrel)
16531828;2201947;LE2026003199;LE2026001237;Änderungsmeldung;10.06.2026;09.10.2026;28.08.2026;Sonstige;Amitriptylin Micro Labs 66,29 mg Filmtabletten;N06AA09;Amitriptylinhydrochlorid;ja;Micro Labs GmbH;N/A;ausschreibungen@microlabsgmbh.de;Erhöhte Nachfrage;N/A;N/A;30.03.2026;Nein;Filmtablette;versrel
16531834;2201947;LE2026003199;LE2026001237;Änderungsmeldung;10.06.2026;09.10.2026;28.08.2026;Sonstige;Amitriptylin Micro Labs 66,29 mg Filmtabletten;N06AA09;Amitriptylinhydrochlorid;ja;Micro Labs GmbH;N/A;ausschreibungen@microlabsgmbh.de;Erhöhte Nachfrage;N/A;N/A;30.03.2026;Nein;Filmtablette;versrel
16531863;2201947;LE2026003199;LE2026001237;Änderungsmeldung;10.06.2026;09.10.2026;28.08.2026;Sonstige;Amitriptylin Micro Labs 66,29 mg Filmtabletten;N06AA09;Amitriptylinhydrochlorid;ja;Micro Labs GmbH;N/A;ausschreibungen@microlabsgmbh.de;Erhöhte Nachfrage;N/A;N/A;30.03.2026;Nein;Filmtablette;versrel
06455380;2178016;LE2026003193;LE2026003077;Änderungsmeldung;03.08.2026;24.11.2026;28.08.2026;Produktionsproblem;Ropivacainhydrochlorid Kabi 2 mg/ml Injektionslösung;N01BB09;Ropivacainhydrochlorid;ja;Fresenius Kabi Deutschland GmbH;N/A;anfragen_generics_fluids@fresenius-kabi.com;Probleme in der Herstellung;N/A;N/A;19.08.2026;Vorgesehen;Injektionslösung;weder versrel noch verskri
06455428;2178016;LE2026003193;LE2026003077;Änderungsmeldung;03.08.2026;24.11.2026;28.08.2026;Produktionsproblem;Ropivacainhydrochlorid Kabi 2 mg/ml Injektionslösung;N01BB09;Ropivacainhydrochlorid;ja;Fresenius Kabi Deutschland GmbH;N/A;anfragen_generics_fluids@fresenius-kabi.com;Probleme in der Herstellung;N/A;N/A;19.08.2026;Vorgesehen;Injektionslösung;weder versrel noch verskri
06455440;2178016;LE2026003193;LE2026003077;Änderungsmeldung;03.08.2026;24.11.2026;28.08.2026;Produktionsproblem;Ropivacainhydrochlorid Kabi 2 mg/ml Injektionslösung;N01BB09;Ropivacainhydrochlorid;ja;Fresenius Kabi Deutschland GmbH;N/A;anfragen_generics_fluids@fresenius-kabi.com;Probleme in der Herstellung;N/A;N/A;19.08.2026;Vorgesehen;Injektionslösung;weder versrel noch verskri
00585012;2103160;LE2026003192;N/A;Erstmeldung;27.08.2026;01.03.2027;28.08.2026;Sonstige;Allergospasmin N;R03AK05;"Natriumcromoglicat (Ph.Eur.); Reproterolhydrochlorid";nein;Viatris Healthcare GmbH;08000700800;kundenservice@viatris.com;Erhöhte Nachfrage;keine weiteren Angaben;N/A;28.08.2026;Nein;Druckgasinhalation, Suspension;weder versrel noch verskri
00585029;2103160;LE2026003192;N/A;Erstmeldung;27.08.2026;01.03.2027;28.08.2026;Sonstige;Allergospasmin N;R03AK05;"Natriumcromoglicat (Ph.Eur.); Reproterolhydrochlorid";nein;Viatris Healthcare GmbH;08000700800;kundenservice@viatris.com;Erhöhte Nachfrage;keine weiteren Angaben;N/A;28.08.2026;Nein;Druckgasinhalation, Suspension;weder versrel noch verskri
00585035;2103160;LE2026003192;N/A;Erstmeldung;27.08.2026;01.03.2027;28.08.2026;Sonstige;Allergospasmin N;R03AK05;"Natriumcromoglicat (Ph.Eur.); Reproterolhydrochlorid";nein;Viatris Healthcare GmbH;08000700800;kundenservice@viatris.com;Erhöhte Nachfrage;keine weiteren Angaben;N/A;28.08.2026;Nein;Druckgasinhalation, Suspension;weder versrel noch verskri
19551949;2716087;LE2026003191;LE2026002164;Änderungsmeldung;15.06.2026;02.10.2026;28.08.2026;Sonstige;Xarelto 1 mg/ml Granulat zur Herstellung einer Suspension zum Einnehmen;B01AF01;Rivaroxaban;ja;Bayer Aktiengesellschaft;08006422937;medical-information@bayer.com;Sonstige;N/A;N/A;15.06.2026;Nein;Granulat zur Herstellung einer Suspension zum Einnehmen;versrel
14240239;2195306;LE2026003190;N/A;Erstmeldung;17.08.2026;16.09.2026;28.08.2026;Produktionsproblem;Palonosetron Fresenius Kabi 250 Mikrogramm Injektionslösung;A04AA05;Palonosetronhydrochlorid;ja;Fresenius Kabi Deutschland GmbH;061726864285;anfragen_generics_fluids@fresenius-kabi.com;Probleme in der Herstellung;N/A;N/A;28.08.2026;Ja;Injektionslösung;versrel
01654873;0804856;LE2026003188;LE2026003010;Änderungsmeldung;11.08.2026;31.01.2027;28.08.2026;Produktionsproblem;bicaNorm;A02AH;Natriumhydrogencarbonat;nein;Fresenius Medical Care Deutschland GmbH;N/A;Joerg.Fischer@freseniusmedicalcare.com ;Probleme in der Herstellung;N/A;N/A;13.08.2026;Nein;magensaftresistente Tablette;weder versrel noch verskri
02231494;2124625;LE2026003187;LE2026001490;Änderungsmeldung;07.04.2026;30.09.2026;27.08.2026;Produktionsproblem;CEFACLOR BASICS 125 mg TS;J01DC04;Cefaclor-Monohydrat;nein;Basics GmbH;N/A;dominik.lucke@sunpharma.com;Sonstige;N/A;N/A;20.04.2026;Nein;Granulat zur Herstellung einer Suspension zum Einnehmen;verskri (auch versrel)
02231502;2124626;LE2026003186;LE2026001491;Änderungsmeldung;01.12.2025;30.09.2026;27.08.2026;Produktionsproblem;CEFACLOR BASICS 250 mg TS;J01DC04;Cefaclor-Monohydrat;nein;Basics GmbH;N/A;dominik.lucke@sunpharma.com;Sonstige;Die PZN 2231502 ist erst seit dem 19.05.2026 lieferunfähig.;N/A;20.04.2026;Nein;Granulat zur Herstellung einer Suspension zum Einnehmen;verskri (auch versrel)
05486467;2124626;LE2026003186;LE2026001491;Änderungsmeldung;01.12.2025;30.09.2026;27.08.2026;Produktionsproblem;CEFACLOR BASICS 250 mg TS;J01DC04;Cefaclor-Monohydrat;nein;Basics GmbH;N/A;dominik.lucke@sunpharma.com;Sonstige;Die PZN 2231502 ist erst seit dem 19.05.2026 lieferunfähig.;N/A;20.04.2026;Nein;Granulat zur Herstellung einer Suspension zum Einnehmen;verskri (auch versrel)
16940395;2205414;LE2026003185;LE2026001375;Änderungsmeldung;02.04.2026;30.09.2026;27.08.2026;Sonstige;FAMPRIDIN BASICS 10 mg Retardtabletten;N07XX07;Fampridin;nein;Basics GmbH;N/A;dominik.lucke@sunpharma.com;Probleme beim Wirkstoffhersteller;N/A;N/A;09.04.2026;Nein;Retardtablette;versrel
12726831;2195878;LE2026003184;LE2026000761;Änderungsmeldung;01.01.2026;30.09.2026;27.08.2026;Produktionsproblem;Tobramycin SUN 300 mg Lösung für einen Vernebler;J01GB01;Tobramycin;nein;Sun Pharmaceuticals Germany GmbH;N/A;dominik.lucke@sunpharma.com;Sonstige;N/A;N/A;26.02.2026;Nein;Lösung für einen Vernebler;weder versrel noch verskri
00524329;2184305;LE2026003183;LE2025003633;Änderungsmeldung;13.06.2025;31.12.2026;27.08.2026;Sonstige;ATORVASTATIN BASICS 80 mg Filmtabletten;C10AA05;Atorvastatin-Calcium-Trihydrat (Ph.Eur.);nein;Basics GmbH;N/A;dominik.lucke@sunpharma.com;Probleme beim Wirkstoffhersteller;Die PZN 524329 ist erst seit dem 07.10.2025 lieferunfähig.;N/A;17.10.2025;Nein;Filmtablette;versrel
00524335;2184305;LE2026003183;LE2025003633;Änderungsmeldung;13.06.2025;31.12.2026;27.08.2026;Sonstige;ATORVASTATIN BASICS 80 mg Filmtabletten;C10AA05;Atorvastatin-Calcium-Trihydrat (Ph.Eur.);nein;Basics GmbH;N/A;dominik.lucke@sunpharma.com;Probleme beim Wirkstoffhersteller;Die PZN 524329 ist erst seit dem 07.10.2025 lieferunfähig.;N/A;17.10.2025;Nein;Filmtablette;versrel
03275795;2168355;LE2026003181;LE2026001384;Änderungsmeldung;02.04.2026;31.10.2026;27.08.2026;Produktionsproblem;PANTOPRAZOL BASICS 20 mg magensaftresistente Tabletten;A02BC02;Pantoprazol-Natrium-Sesquihydrat;nein;Basics GmbH;N/A;dominik.lucke@sunpharma.com;Sonstige;Die PZN 3275795 ist erst seit dem 01.05.2026 lieferunfähig.Die PZN 3275849 ist erst seit dem 05.06.2026 lieferunfähig.Die PZN 5454415 ist erst seit dem 03.08.2026 lieferunfähig.;N/A;09.04.2026;Nein;magensaftresistente Tablette;versrel
05373763;2168355;LE2026003181;LE2026001384;Änderungsmeldung;02.04.2026;31.10.2026;27.08.2026;Produktionsproblem;PANTOPRAZOL BASICS 20 mg magensaftresistente Tabletten;A02BC02;Pantoprazol-Natrium-Sesquihydrat;nein;Basics GmbH;N/A;dominik.lucke@sunpharma.com;Sonstige;Die PZN 3275795 ist erst seit dem 01.05.2026 lieferunfähig.Die PZN 3275849 ist erst seit dem 05.06.2026 lieferunfähig.Die PZN 5454415 ist erst seit dem 03.08.2026 lieferunfähig.;N/A;09.04.2026;Nein;magensaftresistente Tablette;versrel
05454415;2168355;LE2026003181;LE2026001384;Änderungsmeldung;02.04.2026;31.10.2026;27.08.2026;Produktionsproblem;PANTOPRAZOL BASICS 20 mg magensaftresistente Tabletten;A02BC02;Pantoprazol-Natrium-Sesquihydrat;nein;Basics GmbH;N/A;dominik.lucke@sunpharma.com;Sonstige;Die PZN 3275795 ist erst seit dem 01.05.2026 lieferunfähig.Die PZN 3275849 ist erst seit dem 05.06.2026 lieferunfähig.Die PZN 5454415 ist erst seit dem 03.08.2026 lieferunfähig.;N/A;09.04.2026;Nein;magensaftresistente Tablette;versrel
10234058;2168355;LE2026003181;LE2026001384;Änderungsmeldung;02.04.2026;31.10.2026;27.08.2026;Produktionsproblem;PANTOPRAZOL BASICS 20 mg magensaftresistente Tabletten;A02BC02;Pantoprazol-Natrium-Sesquihydrat;nein;Basics GmbH;N/A;dominik.lucke@sunpharma.com;Sonstige;Die PZN 3275795 ist erst seit dem 01.05.2026 lieferunfähig.Die PZN 3275849 ist erst seit dem 05.06.2026 lieferunfähig.Die PZN 5454415 ist erst seit dem 03.08.2026 lieferunfähig.;N/A;09.04.2026;Nein;magensaftresistente Tablette;versrel
02242078;2153137;LE2026003179;LE2026001943;Änderungsmeldung;01.04.2026;30.09.2026;27.08.2026;Produktionsproblem;CEFUROX BASICS 125mg/5 ml Granulat zur Herstellung einer Suspension zum Einnehmen;J01DC02;Cefuroximaxetil;nein;Basics GmbH;N/A;dominik.lucke@sunpharma.com;Sonstige;N/A;N/A;28.05.2026;Nein;Granulat zur Herstellung einer Suspension zum Einnehmen;verskri (auch versrel)
08440170;2153742;LE2026003178;LE2025003301;Änderungsmeldung;01.07.2025;30.09.2026;27.08.2026;Produktionsproblem;CIPRO BASICS 250 mg Filmtabletten;J01MA02;Ciprofloxacinhydrochlorid-Monohydrat;nein;Basics GmbH;N/A;Dominik.Lucke@sunpharma.com;Sonstige;Die PZN 02709122 sind erst seit dem 12.02.2026 lieferunfähig.;N/A;18.09.2025;Nein;Filmtablette;versrel
08440187;2153742;LE2026003178;LE2025003301;Änderungsmeldung;01.07.2025;30.09.2026;27.08.2026;Produktionsproblem;CIPRO BASICS 250 mg Filmtabletten;J01MA02;Ciprofloxacinhydrochlorid-Monohydrat;nein;Basics GmbH;N/A;Dominik.Lucke@sunpharma.com;Sonstige;Die PZN 02709122 sind erst seit dem 12.02.2026 lieferunfähig.;N/A;18.09.2025;Nein;Filmtablette;versrel
06934809;2152007;LE2026003177;LE2025003302;Änderungsmeldung;01.07.2025;30.09.2026;27.08.2026;Produktionsproblem;CIPRO BASICS 750 mg Filmtabletten;J01MA02;Ciprofloxacinhydrochlorid-Monohydrat;nein;Basics GmbH;N/A;Dominik.Lucke@sunpharma.com;Sonstige;N/A;N/A;18.09.2025;Nein;Filmtablette;versrel
06934815;2152007;LE2026003177;LE2025003302;Änderungsmeldung;01.07.2025;30.09.2026;27.08.2026;Produktionsproblem;CIPRO BASICS 750 mg Filmtabletten;J01MA02;Ciprofloxacinhydrochlorid-Monohydrat;nein;Basics GmbH;N/A;Dominik.Lucke@sunpharma.com;Sonstige;N/A;N/A;18.09.2025;Nein;Filmtablette;versrel
13828108;2194361;LE2026003176;LE2025003121;Änderungsmeldung;01.09.2025;30.09.2026;27.08.2026;Sonstige;EZETIMIB/SIMVA BASICS 10 mg/20 mg Tabletten;C10BA02;"Ezetimib; Simvastatin";nein;Basics GmbH;N/A;dominik.lucke@sunpharma.com;Sonstige;Die PZN 13828114 ist erst seit dem 30.07.2026 nicht lieferfähig.;N/A;02.09.2025;Nein;Tablette;weder versrel noch verskri
13828114;2194361;LE2026003176;LE2025003121;Änderungsmeldung;01.09.2025;30.09.2026;27.08.2026;Sonstige;EZETIMIB/SIMVA BASICS 10 mg/20 mg Tabletten;C10BA02;"Ezetimib; Simvastatin";nein;Basics GmbH;N/A;dominik.lucke@sunpharma.com;Sonstige;Die PZN 13828114 ist erst seit dem 30.07.2026 nicht lieferfähig.;N/A;02.09.2025;Nein;Tablette;weder versrel noch verskri
13828060;2194360;LE2026003175;LE2025003120;Änderungsmeldung;01.09.2025;30.09.2026;27.08.2026;Sonstige;EZETIMIB/SIMVA BASICS 10 mg/10 mg Tabletten;C10BA02;"Ezetimib; Simvastatin";nein;Basics GmbH;0214403990;dominik.lucke@sunpharma.com;Sonstige;N/A;N/A;02.09.2025;Nein;Tablette;weder versrel noch verskri
13828137;2194362;LE2026003174;LE2025003122;Änderungsmeldung;01.09.2025;30.09.2026;27.08.2026;Sonstige;EZETIMIB/SIMVA BASICS 10 mg/40 mg Tabletten;C10BA02;"Ezetimib; Simvastatin";nein;Basics GmbH;N/A;dominik.lucke@sunpharma.com;Sonstige;N/A;N/A;02.09.2025;Nein;Tablette;weder versrel noch verskri
13828143;2194362;LE2026003174;LE2025003122;Änderungsmeldung;01.09.2025;30.09.2026;27.08.2026;Sonstige;EZETIMIB/SIMVA BASICS 10 mg/40 mg Tabletten;C10BA02;"Ezetimib; Simvastatin";nein;Basics GmbH;N/A;dominik.lucke@sunpharma.com;Sonstige;N/A;N/A;02.09.2025;Nein;Tablette;weder versrel noch verskri
13828031;2194363;LE2026003173;LE2025003123;Änderungsmeldung;01.09.2025;30.09.2026;27.08.2026;Sonstige;EZETIMIB/SIMVA BASICS 10 mg/80 mg Tabletten;C10BA02;"Ezetimib; Simvastatin";nein;Basics GmbH;N/A;dominik.lucke@sunpharma.com;Sonstige;N/A;N/A;02.09.2025;Nein;Tablette;weder versrel noch verskri
03655776;2155004;LE2026003172;LE2026002227;Änderungsmeldung;18.06.2026;31.12.2026;27.08.2026;Sonstige;Aknenormin 20 mg Weichkapseln;D10BA01;Isotretinoin;ja;ALMIRALL HERMAL GmbH;N/A;pharma-affairs@almirall.com;Erhöhte Nachfrage;N/A;N/A;18.06.2026;Nein;Weichkapsel;versrel
06577031;2157578;LE2026003168;N/A;Erstmeldung;17.08.2026;27.09.2026;27.08.2026;Sonstige;Hydrocutan Creme 1%;D07AA02;Hydrocortison;ja;Dermapharm Aktiengesellschaft;089641860;service@dermapharm.de;Unzureichende Produktionskapazitäten;N/A;Hydrocutan Creme 1% - Einreichungsnummer: 2157578;27.08.2026;Nein;Creme;versrel
14214331;2198960;LE2026003167;N/A;Erstmeldung;01.09.2026;15.09.2026;27.08.2026;Sonstige;Urapidil AL 30 mg Hartkapseln, retardiert;C02CA06;Urapidil;nein;ALIUD PHARMA GmbH;0733396510;info@aliud.de;Erhöhte Nachfrage;N/A;N/A;27.08.2026;Vorgesehen;Hartkapsel, retardiert;versrel
14214348;2198960;LE2026003167;N/A;Erstmeldung;01.09.2026;15.09.2026;27.08.2026;Sonstige;Urapidil AL 30 mg Hartkapseln, retardiert;C02CA06;Urapidil;nein;ALIUD PHARMA GmbH;0733396510;info@aliud.de;Erhöhte Nachfrage;N/A;N/A;27.08.2026;Vorgesehen;Hartkapsel, retardiert;versrel
08818964;0244127;LE2026003166;LE2026003159;Änderungsmeldung;03.08.2026;31.12.2027;27.08.2026;Produktionsproblem;IFO-cell 2g Konzentrat zur Herstellung einer Infusionslösung;L01AA06;Ifosfamid;nein;STADAPHARM GmbH;061016032416;christiane.georgi@stada.de;Probleme in der Herstellung;N/A;N/A;27.08.2026;Vorgesehen;Konzentrat zur Herstellung einer Infusionslösung;verskri (auch versrel)
00170357;0244558;LE2026003165;LE2026003160;Änderungsmeldung;17.08.2026;31.12.2027;27.08.2026;Produktionsproblem;IFO-cell 5 g Konzentrat zur Herstellung einer Infusionslösung;L01AA06;Ifosfamid;nein;STADAPHARM GmbH;061016032416;christiane.georgi@stada.de;Probleme in der Herstellung;N/A;N/A;27.08.2026;Vorgesehen;Konzentrat zur Herstellung einer Infusionslösung;verskri (auch versrel)
00834662;3000452;LE2026003164;LE2026003161;Änderungsmeldung;17.08.2026;31.12.2027;27.08.2026;Produktionsproblem;IFO-cell N 1000;L01AA06;Ifosfamid;nein;STADAPHARM GmbH;061016032416;christiane.georgi@stada.de;Probleme in der Herstellung;N/A;N/A;27.08.2026;Vorgesehen;Infusionslösung;verskri (auch versrel)
00834716;3000454;LE2026003163;LE2026003162;Änderungsmeldung;17.08.2026;31.12.2027;27.08.2026;Produktionsproblem;IFO-cell N 2000;L01AA06;Ifosfamid;nein;STADAPHARM GmbH;061016032416;christiane.georgi@stada.de;Probleme in der Herstellung;Es handelt sich um 50ml;N/A;27.08.2026;Vorgesehen;Infusionslösung;verskri (auch versrel)
02396893;2102015;LE2026003157;LE2026002553;Änderungsmeldung;16.03.2026;18.09.2026;27.08.2026;Sonstige;Remestan 20 mg;N05CD07;Temazepam;ja;Viatris Healthcare GmbH;08000700800;kundenservice@viatris.com;Unzureichende Produktionskapazitäten;N/A;Remestan 20 mg - Einreichungsnummer: 2102015;10.07.2026;Nein;Weichkapsel;weder versrel noch verskri
16385657;2199474;LE2026003156;N/A;Erstmeldung;25.08.2026;11.09.2026;26.08.2026;Sonstige;Moxifloxacin Micro Labs 5 mg/ml Augentropfen, Lösung;S01AE07;Moxifloxacinhydrochlorid (Ph.Eur.) ((mit Angaben zum Wasser-Gehalt (1:x)));ja;Micro Labs GmbH;N/A;ausschreibungen@microlabsgmbh.de;Erhöhte Nachfrage;N/A;N/A;26.08.2026;Nein;Augentropfen, Lösung;versrel
00278333;2160028;LE2026003155;LE2026001591;Änderungsmeldung;02.04.2026;30.10.2026;26.08.2026;Produktionsproblem;SMOFlipid 200 mg/ml Emulsion zur Infusion;B05BA02;"Mittelkettige Triglyceride; Omega-3-Säuren-reiches Fischöl ((mit Angaben zur Zusammensetzung)); Raffiniertes Olivenöl; Raffiniertes Sojaöl (Ph.Eur.)";ja;Fresenius Kabi Deutschland GmbH;+49617268696715;tabea.ludwig@fresenius-kabi.com;Probleme bei der Endfreigabe;N/A;N/A;27.04.2026;Vorgesehen;Emulsion zur Infusion;weder versrel noch verskri
03731632;2160028;LE2026003155;LE2026001591;Änderungsmeldung;02.04.2026;30.10.2026;26.08.2026;Produktionsproblem;SMOFlipid 200 mg/ml Emulsion zur Infusion;B05BA02;"Mittelkettige Triglyceride; Omega-3-Säuren-reiches Fischöl ((mit Angaben zur Zusammensetzung)); Raffiniertes Olivenöl; Raffiniertes Sojaöl (Ph.Eur.)";ja;Fresenius Kabi Deutschland GmbH;+49617268696715;tabea.ludwig@fresenius-kabi.com;Probleme bei der Endfreigabe;N/A;N/A;27.04.2026;Vorgesehen;Emulsion zur Infusion;weder versrel noch verskri
03731649;2160028;LE2026003155;LE2026001591;Änderungsmeldung;02.04.2026;30.10.2026;26.08.2026;Produktionsproblem;SMOFlipid 200 mg/ml Emulsion zur Infusion;B05BA02;"Mittelkettige Triglyceride; Omega-3-Säuren-reiches Fischöl ((mit Angaben zur Zusammensetzung)); Raffiniertes Olivenöl; Raffiniertes Sojaöl (Ph.Eur.)";ja;Fresenius Kabi Deutschland GmbH;+49617268696715;tabea.ludwig@fresenius-kabi.com;Probleme bei der Endfreigabe;N/A;N/A;27.04.2026;Vorgesehen;Emulsion zur Infusion;weder versrel noch verskri
06977730;2113931;LE2026003154;LE2026001589;Änderungsmeldung;22.04.2026;30.09.2026;26.08.2026;Produktionsproblem;Nephrotect;B05BA01;"Acetylcystein; Alanin; Arginin; Glycin; Histidin; Isoleucin; Leucin; Lysinacetat; Methionin; N-Glycyl-L-tyrosin-Dihydrat; Phenylalanin; Prolin; Serin; Threonin; Tryptophan; Tyrosin; Valin";ja;Fresenius Kabi Deutschland GmbH;+49617268696715;tabea.ludwig@fresenius-kabi.com;Probleme bei der Endfreigabe;N/A;N/A;27.04.2026;Vorgesehen;Infusionslösung;weder versrel noch verskri
06977747;2113931;LE2026003154;LE2026001589;Änderungsmeldung;22.04.2026;30.09.2026;26.08.2026;Produktionsproblem;Nephrotect;B05BA01;"Acetylcystein; Alanin; Arginin; Glycin; Histidin; Isoleucin; Leucin; Lysinacetat; Methionin; N-Glycyl-L-tyrosin-Dihydrat; Phenylalanin; Prolin; Serin; Threonin; Tryptophan; Tyrosin; Valin";ja;Fresenius Kabi Deutschland GmbH;+49617268696715;tabea.ludwig@fresenius-kabi.com;Probleme bei der Endfreigabe;N/A;N/A;27.04.2026;Vorgesehen;Infusionslösung;weder versrel noch verskri
03332808;2160210;LE2026003152;LE2026002219;Änderungsmeldung;18.06.2026;30.09.2026;26.08.2026;Sonstige;Risperidon AL 6 mg Filmtabletten;N05AX08;Risperidon;nein;ALIUD PHARMA GmbH;0733396510;info@aliud.de;Erhöhte Nachfrage;N/A;N/A;18.06.2026;Vorgesehen;Filmtablette;verskri (auch versrel)
00168768;2142660;LE2026003150;LE2025003687;Änderungsmeldung;22.10.2025;01.12.2026;26.08.2026;Sonstige;Flutamid AL 250;L02BB01;Flutamid;nein;ALIUD PHARMA GmbH;0733396510;info@aliud.de;Erhöhte Nachfrage;Keine Wiederverfügbarkeit, da Marktrückzug geplant!;N/A;22.10.2025;Vorgesehen;Tablette;weder versrel noch verskri
00168797;2142660;LE2026003150;LE2025003687;Änderungsmeldung;22.10.2025;01.12.2026;26.08.2026;Sonstige;Flutamid AL 250;L02BB01;Flutamid;nein;ALIUD PHARMA GmbH;0733396510;info@aliud.de;Erhöhte Nachfrage;Keine Wiederverfügbarkeit, da Marktrückzug geplant!;N/A;22.10.2025;Vorgesehen;Tablette;weder versrel noch verskri
18676011;2155218;LE2026003145;LE2026003126;Änderungsmeldung;25.08.2026;01.12.2026;25.08.2026;Sonstige;Pankreatan 40.000 Ph.Eur.-Einheiten;A09AA02;Pankreas-Pulver vom Schwein;nein;Nordmark Pharma GmbH;0049 4122 712 0;info@nordmark-pharma.de;Erhöhte Nachfrage;N/A;Pankreatan 25 000 - Einreichungsnummer: 0496685;24.08.2026;Nein;magensaftresistente Hartkapsel;verskri (auch versrel)
18676028;2155218;LE2026003145;LE2026003126;Änderungsmeldung;25.08.2026;01.12.2026;25.08.2026;Sonstige;Pankreatan 40.000 Ph.Eur.-Einheiten;A09AA02;Pankreas-Pulver vom Schwein;nein;Nordmark Pharma GmbH;0049 4122 712 0;info@nordmark-pharma.de;Erhöhte Nachfrage;N/A;Pankreatan 25 000 - Einreichungsnummer: 0496685;24.08.2026;Nein;magensaftresistente Hartkapsel;verskri (auch versrel)
18676034;2155218;LE2026003145;LE2026003126;Änderungsmeldung;25.08.2026;01.12.2026;25.08.2026;Sonstige;Pankreatan 40.000 Ph.Eur.-Einheiten;A09AA02;Pankreas-Pulver vom Schwein;nein;Nordmark Pharma GmbH;0049 4122 712 0;info@nordmark-pharma.de;Erhöhte Nachfrage;N/A;Pankreatan 25 000 - Einreichungsnummer: 0496685;24.08.2026;Nein;magensaftresistente Hartkapsel;verskri (auch versrel)
11240776;2192820;LE2026003141;LE2025000334;Änderungsmeldung;01.01.2025;16.09.2026;25.08.2026;Sonstige;Quetiapin AL 150 mg Retardtabletten;N05AH04;Quetiapinfumarat (Ph.Eur.);nein;ALIUD PHARMA GmbH;0733396510;info@aliud.de;Erhöhte Nachfrage;N/A;N/A;29.01.2025;Vorgesehen;Retardtablette;weder versrel noch verskri
11240799;2192820;LE2026003141;LE2025000334;Änderungsmeldung;01.01.2025;16.09.2026;25.08.2026;Sonstige;Quetiapin AL 150 mg Retardtabletten;N05AH04;Quetiapinfumarat (Ph.Eur.);nein;ALIUD PHARMA GmbH;0733396510;info@aliud.de;Erhöhte Nachfrage;N/A;N/A;29.01.2025;Vorgesehen;Retardtablette;weder versrel noch verskri
09745322;2192822;LE2026003140;LE2025000338;Änderungsmeldung;01.01.2025;16.09.2026;25.08.2026;Sonstige;Quetiapin AL 300 mg Retardtabletten;N05AH04;Quetiapinfumarat (Ph.Eur.);nein;ALIUD PHARMA GmbH;0733396510;info@aliud.de;Erhöhte Nachfrage;N/A;N/A;29.01.2025;Vorgesehen;Retardtablette;weder versrel noch verskri
09745345;2192822;LE2026003140;LE2025000338;Änderungsmeldung;01.01.2025;16.09.2026;25.08.2026;Sonstige;Quetiapin AL 300 mg Retardtabletten;N05AH04;Quetiapinfumarat (Ph.Eur.);nein;ALIUD PHARMA GmbH;0733396510;info@aliud.de;Erhöhte Nachfrage;N/A;N/A;29.01.2025;Vorgesehen;Retardtablette;weder versrel noch verskri
09745351;2192822;LE2026003140;LE2025000338;Änderungsmeldung;01.01.2025;16.09.2026;25.08.2026;Sonstige;Quetiapin AL 300 mg Retardtabletten;N05AH04;Quetiapinfumarat (Ph.Eur.);nein;ALIUD PHARMA GmbH;0733396510;info@aliud.de;Erhöhte Nachfrage;N/A;N/A;29.01.2025;Vorgesehen;Retardtablette;weder versrel noch verskri
00425308;2111226;LE2026003139;LE2026000087;Änderungsmeldung;31.12.2025;30.09.2026;25.08.2026;Sonstige;Indometacin AL 50;M01AB01;Indometacin;nein;ALIUD PHARMA GmbH;0733396510;info@aliud.de;Erhöhte Nachfrage;N/A;N/A;08.01.2026;Vorgesehen;Tablette;verskri (auch versrel)
03454121;2111226;LE2026003139;LE2026000087;Änderungsmeldung;31.12.2025;30.09.2026;25.08.2026;Sonstige;Indometacin AL 50;M01AB01;Indometacin;nein;ALIUD PHARMA GmbH;0733396510;info@aliud.de;Erhöhte Nachfrage;N/A;N/A;08.01.2026;Vorgesehen;Tablette;verskri (auch versrel)
08494148;2134317;LE2026003136;LE2026002530;Änderungsmeldung;01.07.2026;09.10.2026;25.08.2026;Sonstige;ISMN AbZ 40 mg Tabletten;C01DA14;Isosorbidmononitrat;nein;AbZ-Pharma GmbH;N/A;info@AbZ.de;Erhöhte Nachfrage;N/A;N/A;09.07.2026;Vorgesehen;Tablette;weder versrel noch verskri
13350569;2197411;LE2026003134;LE2025004313;Änderungsmeldung;01.12.2025;22.09.2026;25.08.2026;Sonstige;Everolimus-ratiopharm 2,5 mg Tabletten;L01EG02;Everolimus;nein;ratiopharm GmbH;N/A;info@ratiopharm.de;Erhöhte Nachfrage;N/A;N/A;03.12.2025;Vorgesehen;Tablette;versrel
20013499;7021268, 7027206, 7027207, 7027208;LE2026003124;LE2026003087;Änderungsmeldung;01.03.2026;03.05.2027;24.08.2026;Produktionsproblem;Gotenfia;L04AB06;Golimumab;nein;STADA Arzneimittel Aktiengesellschaft - Geschäftsanschrift -;061016032416;christiane.georgi@stada.de;Probleme in der Herstellung;N/A;N/A;20.08.2026;Vorgesehen;Injektionslösung in einer Fertigspritze;weder versrel noch verskri
20013507;7021268, 7027206, 7027207, 7027208;LE2026003124;LE2026003087;Änderungsmeldung;01.03.2026;03.05.2027;24.08.2026;Produktionsproblem;Gotenfia;L04AB06;Golimumab;nein;STADA Arzneimittel Aktiengesellschaft - Geschäftsanschrift -;061016032416;christiane.georgi@stada.de;Probleme in der Herstellung;N/A;N/A;20.08.2026;Vorgesehen;Injektionslösung in einer Fertigspritze;weder versrel noch verskri
20013542;7021268, 7027206, 7027207, 7027208;LE2026003124;LE2026003087;Änderungsmeldung;01.03.2026;03.05.2027;24.08.2026;Produktionsproblem;Gotenfia;L04AB06;Golimumab;nein;STADA Arzneimittel Aktiengesellschaft - Geschäftsanschrift -;061016032416;christiane.georgi@stada.de;Probleme in der Herstellung;N/A;N/A;20.08.2026;Vorgesehen;Injektionslösung in einer Fertigspritze;weder versrel noch verskri
20013559;7021268, 7027206, 7027207, 7027208;LE2026003124;LE2026003087;Änderungsmeldung;01.03.2026;03.05.2027;24.08.2026;Produktionsproblem;Gotenfia;L04AB06;Golimumab;nein;STADA Arzneimittel Aktiengesellschaft - Geschäftsanschrift -;061016032416;christiane.georgi@stada.de;Probleme in der Herstellung;N/A;N/A;20.08.2026;Vorgesehen;Injektionslösung in einer Fertigspritze;weder versrel noch verskri
02424448;2102034;LE2026003123;LE2025004249;Änderungsmeldung;01.12.2025;07.10.2026;24.08.2026;Sonstige;Propra-ratiopharm 80 mg Filmtabletten;C07AA05;Propranololhydrochlorid;nein;ratiopharm GmbH;N/A;info@ratiopharm.de;Erhöhte Nachfrage;N/A;N/A;01.12.2025;Vorgesehen;Filmtablette;weder versrel noch verskri
02424425;2102033;LE2026003122;LE2025003962;Änderungsmeldung;03.11.2025;07.10.2026;24.08.2026;Sonstige;Propra-ratiopharm 40 mg Filmtabletten;C07AA05;Propranololhydrochlorid;nein;ratiopharm GmbH;N/A;info@ratiopharm.de;Erhöhte Nachfrage;N/A;N/A;05.11.2025;Vorgesehen;Filmtablette;weder versrel noch verskri
11695979;2186907;LE2026003113;LE2026001486;Änderungsmeldung;06.07.2026;11.09.2026;21.08.2026;Sonstige;Escitalopram-Micro Labs 20 mg Filmtabletten;N06AB10;Escitalopramoxalat;ja;Micro Labs GmbH;N/A;ausschreibungen@microlabsgmbh.de;Erhöhte Nachfrage;N/A;N/A;20.04.2026;Nein;Filmtablette;versrel
11695991;2186907;LE2026003113;LE2026001486;Änderungsmeldung;06.07.2026;11.09.2026;21.08.2026;Sonstige;Escitalopram-Micro Labs 20 mg Filmtabletten;N06AB10;Escitalopramoxalat;ja;Micro Labs GmbH;N/A;ausschreibungen@microlabsgmbh.de;Erhöhte Nachfrage;N/A;N/A;20.04.2026;Nein;Filmtablette;versrel
11695904;2186905;LE2026003112;LE2026002493;Änderungsmeldung;03.07.2026;11.09.2026;21.08.2026;Sonstige;Escitalopram-Micro Labs 10 mg Filmtabletten;N06AB10;Escitalopramoxalat;ja;Micro Labs GmbH;N/A;ausschreibungen@microlabsgmbh.de;Erhöhte Nachfrage;N/A;N/A;07.07.2026;Nein;Filmtablette;versrel
11695910;2186905;LE2026003112;LE2026002493;Änderungsmeldung;03.07.2026;11.09.2026;21.08.2026;Sonstige;Escitalopram-Micro Labs 10 mg Filmtabletten;N06AB10;Escitalopramoxalat;ja;Micro Labs GmbH;N/A;ausschreibungen@microlabsgmbh.de;Erhöhte Nachfrage;N/A;N/A;07.07.2026;Nein;Filmtablette;versrel
11695927;2186905;LE2026003112;LE2026002493;Änderungsmeldung;03.07.2026;11.09.2026;21.08.2026;Sonstige;Escitalopram-Micro Labs 10 mg Filmtabletten;N06AB10;Escitalopramoxalat;ja;Micro Labs GmbH;N/A;ausschreibungen@microlabsgmbh.de;Erhöhte Nachfrage;N/A;N/A;07.07.2026;Nein;Filmtablette;versrel
11695896;2186904;LE2026003111;LE2026002491;Änderungsmeldung;30.06.2026;11.09.2026;21.08.2026;Sonstige;Escitalopram-Micro Labs 5 mg Filmtabletten;N06AB10;Escitalopramoxalat;ja;Micro Labs GmbH;N/A;ausschreibungen@microlabsgmbh.de;Erhöhte Nachfrage;N/A;N/A;07.07.2026;Nein;Filmtablette;versrel
10517187;2183414;LE2026003110;LE2026001178;Änderungsmeldung;19.03.2026;11.09.2026;21.08.2026;Sonstige;Gabapentin-Micro Labs 800 mg Filmtabletten;N02BF01;Gabapentin;ja;Micro Labs GmbH;N/A;ausschreibungen@microlabsgmbh.de;Erhöhte Nachfrage;N/A;N/A;25.03.2026;Nein;Filmtablette;versrel
10517193;2183414;LE2026003110;LE2026001178;Änderungsmeldung;19.03.2026;11.09.2026;21.08.2026;Sonstige;Gabapentin-Micro Labs 800 mg Filmtabletten;N02BF01;Gabapentin;ja;Micro Labs GmbH;N/A;ausschreibungen@microlabsgmbh.de;Erhöhte Nachfrage;N/A;N/A;25.03.2026;Nein;Filmtablette;versrel
01875775;0037055;LE2026003108;N/A;Erstmeldung;17.08.2026;21.09.2026;21.08.2026;Produktionsproblem;Mydriaticum Stulln;S01FA56;Tropicamid;nein;Pharma Stulln GmbH;09435/3008-440;torsten.cornelius@pharmastulln.de;Probleme in der Herstellung;N/A;N/A;21.08.2026;Nein;Augentropfen;versrel
04647856;0037055;LE2026003108;N/A;Erstmeldung;17.08.2026;21.09.2026;21.08.2026;Produktionsproblem;Mydriaticum Stulln;S01FA56;Tropicamid;nein;Pharma Stulln GmbH;09435/3008-440;torsten.cornelius@pharmastulln.de;Probleme in der Herstellung;N/A;N/A;21.08.2026;Nein;Augentropfen;versrel
05520023;1464144;LE2026003107;N/A;Erstmeldung;20.08.2026;21.09.2026;21.08.2026;Produktionsproblem;Mydriaticum Stulln UD;S01FA06;Tropicamid;nein;Pharma Stulln GmbH;09435/3008-440;torsten.cornelius@pharmastulln.de;Probleme in der Herstellung;N/A;N/A;21.08.2026;Nein;Augentropfen;versrel
05520052;1464144;LE2026003107;N/A;Erstmeldung;20.08.2026;21.09.2026;21.08.2026;Produktionsproblem;Mydriaticum Stulln UD;S01FA06;Tropicamid;nein;Pharma Stulln GmbH;09435/3008-440;torsten.cornelius@pharmastulln.de;Probleme in der Herstellung;N/A;N/A;21.08.2026;Nein;Augentropfen;versrel
05520129;1464144;LE2026003107;N/A;Erstmeldung;20.08.2026;21.09.2026;21.08.2026;Produktionsproblem;Mydriaticum Stulln UD;S01FA06;Tropicamid;nein;Pharma Stulln GmbH;09435/3008-440;torsten.cornelius@pharmastulln.de;Probleme in der Herstellung;N/A;N/A;21.08.2026;Nein;Augentropfen;versrel
18190834;2199063;LE2026003106;LE2025001933;Änderungsmeldung;02.06.2025;15.10.2026;21.08.2026;Produktionsproblem;Bortezomib STADA 2,5 mg/ml Injektionslösung;L01XX32;Bortezomibmannitol;nein;STADAPHARM GmbH;061016032416;christiane.georgi@stada.de;Probleme in der Herstellung;N/A;Bortezomib STADA 2,5 mg/ml Injektionslösung - Einreichungsnummer: 7008327;05.06.2025;Vorgesehen;Injektionslösung;versrel
12652475;2197258;LE2026003105;LE2026003098;Änderungsmeldung;17.08.2026;04.12.2026;21.08.2026;Sonstige;Etorican 90 mg Filmtabletten;M01AH05;Etoricoxib;nein;Hormosan Pharma Gesellschaft mit beschränkter Haftung;069478730;service@hormosan.de;Erhöhte Nachfrage;N/A;N/A;20.08.2026;Vorgesehen;Filmtablette;versrel
12652558;2197256;LE2026003104;LE2026003097;Änderungsmeldung;17.08.2026;04.12.2026;21.08.2026;Sonstige;Etorican 30 mg Filmtabletten;M01AH05;Etoricoxib;nein;Hormosan Pharma Gesellschaft mit beschränkter Haftung;069478730;service@hormosan.de;Erhöhte Nachfrage;N/A;N/A;20.08.2026;Vorgesehen;Filmtablette;versrel
12652512;2197259;LE2026003099;N/A;Erstmeldung;17.08.2026;04.12.2026;20.08.2026;Sonstige;Etorican 120 mg Filmtabletten;M01AH05;Etoricoxib;nein;Hormosan Pharma Gesellschaft mit beschränkter Haftung;069478730;service@hormosan.de;Erhöhte Nachfrage;N/A;N/A;20.08.2026;Vorgesehen;Filmtablette;versrel
14275947;2714506;LE2026003096;N/A;Erstmeldung;28.09.2026;25.10.2026;20.08.2026;Sonstige;Mektovi 15 mg Filmtabletten;L01XE41;Binimetinib;nein;Pierre Fabre Medicament;N/A;elly.bretschger@pierre-fabre.com;Erhöhte Nachfrage;N/A;N/A;20.08.2026;Vorgesehen;Filmtablette;weder versrel noch verskri
07498960;0085344;LE2026003095;N/A;Erstmeldung;19.08.2026;16.09.2026;20.08.2026;Sonstige;Thybon 20 Henning;H03AA02;Liothyroninhydrochlorid;nein;Sanofi-Aventis Deutschland GmbH;08005252010;medinfo.de@sanofi.com;Unzureichende Produktionskapazitäten;eingeschränkt lieferfähig;N/A;20.08.2026;Vorgesehen;Tablette;weder versrel noch verskri
02028994;2100344;LE2026003094;N/A;Erstmeldung;19.08.2026;16.09.2026;20.08.2026;Sonstige;Prothyrid;H03AA03;"Levothyroxin-Natrium; Liothyroninhydrochlorid";ja;Sanofi-Aventis Deutschland GmbH;08005252010;medinfo.de@sanofi.com;Unzureichende Produktionskapazitäten;nicht lieferfähig;N/A;20.08.2026;Vorgesehen;Tablette;weder versrel noch verskri
02532942;2100344;LE2026003094;N/A;Erstmeldung;19.08.2026;16.09.2026;20.08.2026;Sonstige;Prothyrid;H03AA03;"Levothyroxin-Natrium; Liothyroninhydrochlorid";ja;Sanofi-Aventis Deutschland GmbH;08005252010;medinfo.de@sanofi.com;Unzureichende Produktionskapazitäten;nicht lieferfähig;N/A;20.08.2026;Vorgesehen;Tablette;weder versrel noch verskri
02532741;2101452;LE2026003093;N/A;Erstmeldung;19.08.2026;07.10.2026;20.08.2026;Sonstige;L-Thyroxin Henning 75;H03AA01;Levothyroxin-Natrium;ja;Sanofi-Aventis Deutschland GmbH;08005252010;medinfo.de@sanofi.com;Unzureichende Produktionskapazitäten;eingeschränkt lieferfähigals Alternative kann die L-Thyroxin Henning 25mcg + 50mcg verwendet werden;N/A;20.08.2026;Vorgesehen;Tablette;verskri (auch versrel)
19378586;7005792;LE2026003092;N/A;Erstmeldung;19.08.2026;16.10.2026;20.08.2026;Sonstige;Atorvastatin Micro Labs 20 mg Filmtabletten ;C10AA05;Atorvastatin-Calcium-Trihydrat (Ph.Eur.);ja;Micro Labs GmbH;N/A;ausschreibungen@microlabsgmbh.de;Erhöhte Nachfrage;N/A;N/A;20.08.2026;Nein;Filmtablette;versrel
02165225;2141418;LE2026003082;LE2026002570;Änderungsmeldung;06.07.2026;16.10.2026;20.08.2026;Sonstige;Lamisil Spray;D01AE15;Terbinafinhydrochlorid;nein;Karo Healthcare AB;N/A;birger.kintzel@parexel.com;Erhöhte Nachfrage;N/A;Epi-Pevaryl P.v. 1 % Lösung - Einreichungsnummer: 2104443;13.07.2026;Vorgesehen;Spray zur Anwendung auf der Haut, Lösung;versrel
01214335;2138719;LE2026003081;LE2026000747;Änderungsmeldung;19.02.2026;31.12.2026;20.08.2026;Sonstige;Aminoven 10 %;B05BA01;"Alanin; Arginin; Glycin; Histidin; Isoleucin; Leucin; Lysinacetat; Methionin; Phenylalanin; Prolin; Serin; Taurin; Threonin; Tryptophan; Tyrosin; Valin";ja;Fresenius Kabi Deutschland GmbH;+49617268696715;tabea.ludwig@fresenius-kabi.com;Erhöhte Nachfrage;N/A;N/A;26.02.2026;Ja;Infusionslösung;weder versrel noch verskri
01214358;2138719;LE2026003081;LE2026000747;Änderungsmeldung;19.02.2026;31.12.2026;20.08.2026;Sonstige;Aminoven 10 %;B05BA01;"Alanin; Arginin; Glycin; Histidin; Isoleucin; Leucin; Lysinacetat; Methionin; Phenylalanin; Prolin; Serin; Taurin; Threonin; Tryptophan; Tyrosin; Valin";ja;Fresenius Kabi Deutschland GmbH;+49617268696715;tabea.ludwig@fresenius-kabi.com;Erhöhte Nachfrage;N/A;N/A;26.02.2026;Ja;Infusionslösung;weder versrel noch verskri
06301234;0127189;LE2026003080;LE2026002505;Änderungsmeldung;07.07.2026;04.12.2026;20.08.2026;Sonstige;Epipevisone;D01AC;"Econazolnitrat; Triamcinolonacetonid";nein;Karo Healthcare AB;N/A;birger.kintzel@parexel.com;Erhöhte Nachfrage;N/A;Epipevisone - Einreichungsnummer: 0127189;07.07.2026;Vorgesehen;Creme;weder versrel noch verskri
14275924;2714503;LE2026003078;N/A;Erstmeldung;16.11.2026;13.12.2026;19.08.2026;Sonstige;Braftovi 50 mg Hartkapseln;L01EC03;Encorafenib;nein;Pierre Fabre Medicament;N/A;elly.bretschger@pierre-fabre.com;Erhöhte Nachfrage;N/A;Braftovi 50 mg Hartkapseln - Einreichungsnummer: 7003504;19.08.2026;Vorgesehen;Hartkapsel;versrel
06455500;2178019;LE2026003076;N/A;Erstmeldung;17.08.2026;09.11.2026;19.08.2026;Produktionsproblem;Ropivacainhydrochlorid Kabi 10 mg/ml Injektionslösung;N01BB09;Ropivacainhydrochlorid;ja;Fresenius Kabi Deutschland GmbH;061726864285;anfragen_generics_fluids@fresenius-kabi.com;Probleme in der Herstellung;N/A;N/A;19.08.2026;Ja;Injektionslösung;weder versrel noch verskri
09232887;2200856;LE2026003074;LE2025000477;Änderungsmeldung;27.01.2025;15.12.2026;19.08.2026;Produktionsproblem;Quetiapin Heumann retard 150 mg Retardtabletten;N05AH04;Quetiapinfumarat (Ph.Eur.);nein;Heumann Pharma GmbH & Co. Generica KG;N/A;info@heumann.de;Probleme in der Herstellung;N/A;N/A;10.02.2025;Vorgesehen;Retardtablette;weder versrel noch verskri
09232918;2200856;LE2026003074;LE2025000477;Änderungsmeldung;27.01.2025;15.12.2026;19.08.2026;Produktionsproblem;Quetiapin Heumann retard 150 mg Retardtabletten;N05AH04;Quetiapinfumarat (Ph.Eur.);nein;Heumann Pharma GmbH & Co. Generica KG;N/A;info@heumann.de;Probleme in der Herstellung;N/A;N/A;10.02.2025;Vorgesehen;Retardtablette;weder versrel noch verskri
09237838;2200858;LE2026003073;LE2025000479;Änderungsmeldung;27.01.2025;15.12.2026;19.08.2026;Produktionsproblem;Quetiapin Heumann retard 300 mg Retardtabletten;N05AH04;Quetiapinfumarat (Ph.Eur.);nein;Heumann Pharma GmbH & Co. Generica KG;N/A;info@heumann.de;Probleme in der Herstellung;N/A;N/A;10.02.2025;Vorgesehen;Retardtablette;weder versrel noch verskri
09237844;2200858;LE2026003073;LE2025000479;Änderungsmeldung;27.01.2025;15.12.2026;19.08.2026;Produktionsproblem;Quetiapin Heumann retard 300 mg Retardtabletten;N05AH04;Quetiapinfumarat (Ph.Eur.);nein;Heumann Pharma GmbH & Co. Generica KG;N/A;info@heumann.de;Probleme in der Herstellung;N/A;N/A;10.02.2025;Vorgesehen;Retardtablette;weder versrel noch verskri
09237867;2200858;LE2026003073;LE2025000479;Änderungsmeldung;27.01.2025;15.12.2026;19.08.2026;Produktionsproblem;Quetiapin Heumann retard 300 mg Retardtabletten;N05AH04;Quetiapinfumarat (Ph.Eur.);nein;Heumann Pharma GmbH & Co. Generica KG;N/A;info@heumann.de;Probleme in der Herstellung;N/A;N/A;10.02.2025;Vorgesehen;Retardtablette;weder versrel noch verskri
09232924;2200859;LE2026003072;LE2025000480;Änderungsmeldung;27.01.2025;15.12.2026;19.08.2026;Produktionsproblem;Quetiapin Heumann retard 400 mg Retardtabletten;N05AH04;Quetiapinfumarat (Ph.Eur.);nein;Heumann Pharma GmbH & Co. Generica KG;N/A;info@heumann.de;Probleme in der Herstellung;N/A;N/A;10.02.2025;Vorgesehen;Retardtablette;weder versrel noch verskri
09232982;2200859;LE2026003072;LE2025000480;Änderungsmeldung;27.01.2025;15.12.2026;19.08.2026;Produktionsproblem;Quetiapin Heumann retard 400 mg Retardtabletten;N05AH04;Quetiapinfumarat (Ph.Eur.);nein;Heumann Pharma GmbH & Co. Generica KG;N/A;info@heumann.de;Probleme in der Herstellung;N/A;N/A;10.02.2025;Vorgesehen;Retardtablette;weder versrel noch verskri
09232999;2200859;LE2026003072;LE2025000480;Änderungsmeldung;27.01.2025;15.12.2026;19.08.2026;Produktionsproblem;Quetiapin Heumann retard 400 mg Retardtabletten;N05AH04;Quetiapinfumarat (Ph.Eur.);nein;Heumann Pharma GmbH & Co. Generica KG;N/A;info@heumann.de;Probleme in der Herstellung;N/A;N/A;10.02.2025;Vorgesehen;Retardtablette;weder versrel noch verskri
09232835;2200855;LE2026003071;LE2025000476;Änderungsmeldung;27.01.2025;15.12.2026;19.08.2026;Produktionsproblem;Quetiapin Heumann retard 50 mg Retardtabletten;N05AH04;Quetiapinfumarat (Ph.Eur.);nein;Heumann Pharma GmbH & Co. Generica KG;N/A;info@heumann.de;Probleme in der Herstellung;N/A;N/A;10.02.2025;Vorgesehen;Retardtablette;weder versrel noch verskri
09232858;2200855;LE2026003071;LE2025000476;Änderungsmeldung;27.01.2025;15.12.2026;19.08.2026;Produktionsproblem;Quetiapin Heumann retard 50 mg Retardtabletten;N05AH04;Quetiapinfumarat (Ph.Eur.);nein;Heumann Pharma GmbH & Co. Generica KG;N/A;info@heumann.de;Probleme in der Herstellung;N/A;N/A;10.02.2025;Vorgesehen;Retardtablette;weder versrel noch verskri
09232864;2200855;LE2026003071;LE2025000476;Änderungsmeldung;27.01.2025;15.12.2026;19.08.2026;Produktionsproblem;Quetiapin Heumann retard 50 mg Retardtabletten;N05AH04;Quetiapinfumarat (Ph.Eur.);nein;Heumann Pharma GmbH & Co. Generica KG;N/A;info@heumann.de;Probleme in der Herstellung;N/A;N/A;10.02.2025;Vorgesehen;Retardtablette;weder versrel noch verskri
09237784;2200857;LE2026003068;LE2025000478;Änderungsmeldung;27.01.2025;15.12.2026;19.08.2026;Produktionsproblem;Quetiapin Heumann retard 200 mg Retardtabletten;N05AH04;Quetiapinfumarat (Ph.Eur.);nein;Heumann Pharma GmbH & Co. Generica KG;N/A;info@heumann.de;Probleme in der Herstellung;N/A;N/A;10.02.2025;Vorgesehen;Retardtablette;weder versrel noch verskri
09237809;2200857;LE2026003068;LE2025000478;Änderungsmeldung;27.01.2025;15.12.2026;19.08.2026;Produktionsproblem;Quetiapin Heumann retard 200 mg Retardtabletten;N05AH04;Quetiapinfumarat (Ph.Eur.);nein;Heumann Pharma GmbH & Co. Generica KG;N/A;info@heumann.de;Probleme in der Herstellung;N/A;N/A;10.02.2025;Vorgesehen;Retardtablette;weder versrel noch verskri
09237815;2200857;LE2026003068;LE2025000478;Änderungsmeldung;27.01.2025;15.12.2026;19.08.2026;Produktionsproblem;Quetiapin Heumann retard 200 mg Retardtabletten;N05AH04;Quetiapinfumarat (Ph.Eur.);nein;Heumann Pharma GmbH & Co. Generica KG;N/A;info@heumann.de;Probleme in der Herstellung;N/A;N/A;10.02.2025;Vorgesehen;Retardtablette;weder versrel noch verskri
09632842;2193161;LE2026003067;N/A;Erstmeldung;14.08.2026;15.12.2026;19.08.2026;Produktionsproblem;Galantamin Heumann 8 mg Hartkapseln, retardiert;N06DA04;Galantaminhydrobromid;nein;Heumann Pharma GmbH & Co. Generica KG;N/A;info@heumann.de;Probleme in der Herstellung;N/A;N/A;19.08.2026;Vorgesehen;Hartkapsel, retardiert;weder versrel noch verskri
09901590;2193161;LE2026003067;N/A;Erstmeldung;14.08.2026;15.12.2026;19.08.2026;Produktionsproblem;Galantamin Heumann 8 mg Hartkapseln, retardiert;N06DA04;Galantaminhydrobromid;nein;Heumann Pharma GmbH & Co. Generica KG;N/A;info@heumann.de;Probleme in der Herstellung;N/A;N/A;19.08.2026;Vorgesehen;Hartkapsel, retardiert;weder versrel noch verskri
10408908;2193161;LE2026003067;N/A;Erstmeldung;14.08.2026;15.12.2026;19.08.2026;Produktionsproblem;Galantamin Heumann 8 mg Hartkapseln, retardiert;N06DA04;Galantaminhydrobromid;nein;Heumann Pharma GmbH & Co. Generica KG;N/A;info@heumann.de;Probleme in der Herstellung;N/A;N/A;19.08.2026;Vorgesehen;Hartkapsel, retardiert;weder versrel noch verskri
06195401;2193163;LE2026003066;LE2025000827;Änderungsmeldung;24.02.2025;15.12.2026;19.08.2026;Produktionsproblem;Galantamin Heumann 24 mg Hartkapseln, retardiert;N06DA04;Galantaminhydrobromid;nein;Heumann Pharma GmbH & Co. Generica KG;N/A;info@heumann.de;Probleme in der Herstellung;N/A;N/A;10.03.2025;Vorgesehen;Hartkapsel, retardiert;weder versrel noch verskri
09632888;2193163;LE2026003066;LE2025000827;Änderungsmeldung;24.02.2025;15.12.2026;19.08.2026;Produktionsproblem;Galantamin Heumann 24 mg Hartkapseln, retardiert;N06DA04;Galantaminhydrobromid;nein;Heumann Pharma GmbH & Co. Generica KG;N/A;info@heumann.de;Probleme in der Herstellung;N/A;N/A;10.03.2025;Vorgesehen;Hartkapsel, retardiert;weder versrel noch verskri
09632902;2193163;LE2026003066;LE2025000827;Änderungsmeldung;24.02.2025;15.12.2026;19.08.2026;Produktionsproblem;Galantamin Heumann 24 mg Hartkapseln, retardiert;N06DA04;Galantaminhydrobromid;nein;Heumann Pharma GmbH & Co. Generica KG;N/A;info@heumann.de;Probleme in der Herstellung;N/A;N/A;10.03.2025;Vorgesehen;Hartkapsel, retardiert;weder versrel noch verskri
19877645;7010913;LE2026003064;LE2026001841;Änderungsmeldung;01.04.2026;15.09.2026;19.08.2026;Sonstige;Pazopanib Viatris 400 mg Filmtabletten;L01EX03;Pazopanibhydrochlorid;nein;Viatris Germany GmbH;08000700800;kundenservice@viatris.com;Sonstige;N/A;N/A;19.05.2026;Nein;Filmtablette;verskri (auch versrel)
04790128;2125933;LE2026003062;LE2026002867;Änderungsmeldung;31.07.2026;08.10.2026;19.08.2026;Produktionsproblem;Sevredol 20mg;N02AA01;Morphinhemisulfat-2,5-Hydrat;ja;Mundipharma Gesellschaft mit beschränkter Haftung - Geschäftsanschrift -;+4368181281966;RegulatoryAffairsDE@mundipharma-rd.eu;Probleme bei der Endfreigabe;N/A;N/A;31.07.2026;Vorgesehen;Filmtablette;versrel
00696183;2173085;LE2026003061;N/A;Erstmeldung;19.08.2026;15.09.2026;19.08.2026;Produktionsproblem;Targin 40 mg/20 mg Retardtabletten;N02AA55;"Naloxonhydrochlorid-Dihydrat; Oxycodonhydrochlorid (Ph.Eur.)";ja;Mundipharma Gesellschaft mit beschränkter Haftung - Geschäftsanschrift -;N/A;RegulatoryAffairsDE@mundipharma.de;Probleme bei der Endfreigabe;N/A;N/A;19.08.2026;Vorgesehen;Retardtablette;weder versrel noch verskri
11146066;2190556;LE2026003060;N/A;Erstmeldung;01.07.2026;04.01.2027;19.08.2026;Sonstige;Quetiapin-Hormosan 400 mg Retardtabletten;N05AH04;Quetiapinfumarat (Ph.Eur.);nein;Hormosan Pharma Gesellschaft mit beschränkter Haftung;069478730;service@hormosan.de;Erhöhte Nachfrage;N/A;N/A;19.08.2026;Vorgesehen;Retardtablette;weder versrel noch verskri
11146072;2190556;LE2026003060;N/A;Erstmeldung;01.07.2026;04.01.2027;19.08.2026;Sonstige;Quetiapin-Hormosan 400 mg Retardtabletten;N05AH04;Quetiapinfumarat (Ph.Eur.);nein;Hormosan Pharma Gesellschaft mit beschränkter Haftung;069478730;service@hormosan.de;Erhöhte Nachfrage;N/A;N/A;19.08.2026;Vorgesehen;Retardtablette;weder versrel noch verskri
11146020;2190555;LE2026003059;N/A;Erstmeldung;01.07.2026;04.01.2027;19.08.2026;Sonstige;Quetiapin-Hormosan 300 mg Retardtabletten;N05AH04;Quetiapinfumarat (Ph.Eur.);nein;Hormosan Pharma Gesellschaft mit beschränkter Haftung;069478730;service@hormosan.de;Erhöhte Nachfrage;N/A;N/A;19.08.2026;Vorgesehen;Retardtablette;weder versrel noch verskri
11146037;2190555;LE2026003059;N/A;Erstmeldung;01.07.2026;04.01.2027;19.08.2026;Sonstige;Quetiapin-Hormosan 300 mg Retardtabletten;N05AH04;Quetiapinfumarat (Ph.Eur.);nein;Hormosan Pharma Gesellschaft mit beschränkter Haftung;069478730;service@hormosan.de;Erhöhte Nachfrage;N/A;N/A;19.08.2026;Vorgesehen;Retardtablette;weder versrel noch verskri
11145983;2190554;LE2026003058;N/A;Erstmeldung;01.07.2026;04.01.2027;19.08.2026;Sonstige;Quetiapin-Hormosan 200 mg Retardtabletten;N05AH04;Quetiapinfumarat (Ph.Eur.);nein;Hormosan Pharma Gesellschaft mit beschränkter Haftung;069478730;service@hormosan.de;Erhöhte Nachfrage;N/A;N/A;19.08.2026;Vorgesehen;Retardtablette;weder versrel noch verskri
11146008;2190554;LE2026003058;N/A;Erstmeldung;01.07.2026;04.01.2027;19.08.2026;Sonstige;Quetiapin-Hormosan 200 mg Retardtabletten;N05AH04;Quetiapinfumarat (Ph.Eur.);nein;Hormosan Pharma Gesellschaft mit beschränkter Haftung;069478730;service@hormosan.de;Erhöhte Nachfrage;N/A;N/A;19.08.2026;Vorgesehen;Retardtablette;weder versrel noch verskri
11145954;2190553;LE2026003057;N/A;Erstmeldung;04.05.2026;04.01.2027;19.08.2026;Sonstige;Quetiapin-Hormosan 150 mg Retardtabletten;N05AH04;Quetiapinfumarat (Ph.Eur.);nein;Hormosan Pharma Gesellschaft mit beschränkter Haftung;069478730;service@hormosan.de;Erhöhte Nachfrage;N/A;N/A;19.08.2026;Vorgesehen;Retardtablette;weder versrel noch verskri
11145960;2190553;LE2026003057;N/A;Erstmeldung;04.05.2026;04.01.2027;19.08.2026;Sonstige;Quetiapin-Hormosan 150 mg Retardtabletten;N05AH04;Quetiapinfumarat (Ph.Eur.);nein;Hormosan Pharma Gesellschaft mit beschränkter Haftung;069478730;service@hormosan.de;Erhöhte Nachfrage;N/A;N/A;19.08.2026;Vorgesehen;Retardtablette;weder versrel noch verskri
11145925;2190552;LE2026003056;LE2026001897;Änderungsmeldung;01.05.2026;04.01.2027;19.08.2026;Sonstige;Quetiapin-Hormosan 50 mg Retardtabletten;N05AH04;Quetiapinfumarat (Ph.Eur.);nein;Hormosan Pharma Gesellschaft mit beschränkter Haftung;069478730;service@hormosan.de;Erhöhte Nachfrage;N/A;N/A;26.05.2026;Vorgesehen;Retardtablette;weder versrel noch verskri
11145931;2190552;LE2026003056;LE2026001897;Änderungsmeldung;01.05.2026;04.01.2027;19.08.2026;Sonstige;Quetiapin-Hormosan 50 mg Retardtabletten;N05AH04;Quetiapinfumarat (Ph.Eur.);nein;Hormosan Pharma Gesellschaft mit beschränkter Haftung;069478730;service@hormosan.de;Erhöhte Nachfrage;N/A;N/A;26.05.2026;Vorgesehen;Retardtablette;weder versrel noch verskri
05395701;2164820;LE2026003055;LE2026001899;Änderungsmeldung;01.05.2026;02.10.2026;19.08.2026;Sonstige;Topiramat-Hormosan 50 mg Filmtabletten;N03AX11;Topiramat;nein;Hormosan Pharma Gesellschaft mit beschränkter Haftung;069478730;service@hormosan.de;Erhöhte Nachfrage;N/A;N/A;26.05.2026;Vorgesehen;Filmtablette;versrel
12569107;2197700;LE2026003054;LE2026001898;Änderungsmeldung;01.05.2026;16.11.2026;19.08.2026;Sonstige;Levetiracetam-Hormosan 100 mg/ml Lösung zum Einnehmen;N03AX14;Levetiracetam;nein;Hormosan Pharma Gesellschaft mit beschränkter Haftung;069478730;service@hormosan.de;Erhöhte Nachfrage;N/A;N/A;26.05.2026;Vorgesehen;Lösung zum Einnehmen;versrel
06195016;2193162;LE2026003052;LE2025000826;Änderungsmeldung;24.02.2025;15.12.2026;19.08.2026;Produktionsproblem;Galantamin Heumann 16 mg Hartkapseln, retardiert;N06DA04;Galantaminhydrobromid;nein;Heumann Pharma GmbH & Co. Generica KG;N/A;info@heumann.de;Probleme in der Herstellung;N/A;N/A;10.03.2025;Vorgesehen;Hartkapsel, retardiert;weder versrel noch verskri
09632859;2193162;LE2026003052;LE2025000826;Änderungsmeldung;24.02.2025;15.12.2026;19.08.2026;Produktionsproblem;Galantamin Heumann 16 mg Hartkapseln, retardiert;N06DA04;Galantaminhydrobromid;nein;Heumann Pharma GmbH & Co. Generica KG;N/A;info@heumann.de;Probleme in der Herstellung;N/A;N/A;10.03.2025;Vorgesehen;Hartkapsel, retardiert;weder versrel noch verskri
09632871;2193162;LE2026003052;LE2025000826;Änderungsmeldung;24.02.2025;15.12.2026;19.08.2026;Produktionsproblem;Galantamin Heumann 16 mg Hartkapseln, retardiert;N06DA04;Galantaminhydrobromid;nein;Heumann Pharma GmbH & Co. Generica KG;N/A;info@heumann.de;Probleme in der Herstellung;N/A;N/A;10.03.2025;Vorgesehen;Hartkapsel, retardiert;weder versrel noch verskri
18214753;7004432;LE2026003049;LE2025004108;Änderungsmeldung;18.08.2026;16.10.2026;18.08.2026;Sonstige;Atorvastatin Micro Labs 30 mg Filmtabletten;C10AA05;Atorvastatin-Calcium-Trihydrat (Ph.Eur.);ja;Micro Labs GmbH;N/A;ausschreibungen@microlabsgmbh.de;Erhöhte Nachfrage;N/A;N/A;20.11.2025;Nein;Filmtablette;versrel
18214776;7004432;LE2026003049;LE2025004108;Änderungsmeldung;18.08.2026;16.10.2026;18.08.2026;Sonstige;Atorvastatin Micro Labs 30 mg Filmtabletten;C10AA05;Atorvastatin-Calcium-Trihydrat (Ph.Eur.);ja;Micro Labs GmbH;N/A;ausschreibungen@microlabsgmbh.de;Erhöhte Nachfrage;N/A;N/A;20.11.2025;Nein;Filmtablette;versrel
18214782;7004432;LE2026003049;LE2025004108;Änderungsmeldung;18.08.2026;16.10.2026;18.08.2026;Sonstige;Atorvastatin Micro Labs 30 mg Filmtabletten;C10AA05;Atorvastatin-Calcium-Trihydrat (Ph.Eur.);ja;Micro Labs GmbH;N/A;ausschreibungen@microlabsgmbh.de;Erhöhte Nachfrage;N/A;N/A;20.11.2025;Nein;Filmtablette;versrel
16927242;7000562;LE2026003048;N/A;Erstmeldung;17.08.2026;23.10.2026;18.08.2026;Sonstige;Eletrip-Hormosan 40 mg Filmtabletten;N02CC06;Eletriptanhydrobromid;nein;Hormosan Pharma Gesellschaft mit beschränkter Haftung;069478930;service@hormosan.de;Erhöhte Nachfrage;N/A;Eletrip-Hormosan 40 mg Filmtabletten - Einreichungsnummer: 7000562;18.08.2026;Vorgesehen;Filmtablette;weder versrel noch verskri
16927199;7000561;LE2026003047;N/A;Erstmeldung;17.08.2026;23.10.2026;18.08.2026;Sonstige;Eletrip-Hormosan 20 mg Filmtabletten;N02CC06;Eletriptanhydrobromid;nein;Hormosan Pharma Gesellschaft mit beschränkter Haftung;069478730;service@hormosan.de;Erhöhte Nachfrage;N/A;N/A;18.08.2026;Vorgesehen;Filmtablette;weder versrel noch verskri
16927207;7000561;LE2026003047;N/A;Erstmeldung;17.08.2026;23.10.2026;18.08.2026;Sonstige;Eletrip-Hormosan 20 mg Filmtabletten;N02CC06;Eletriptanhydrobromid;nein;Hormosan Pharma Gesellschaft mit beschränkter Haftung;069478730;service@hormosan.de;Erhöhte Nachfrage;N/A;N/A;18.08.2026;Vorgesehen;Filmtablette;weder versrel noch verskri
17560536;7000245;LE2026003042;LE2026000916;Änderungsmeldung;21.01.2026;16.10.2026;18.08.2026;Sonstige;Abirateron HEXAL 1000 mg Filmtabletten;L02BX03;Abirateronacetat;nein;H e x a l  Aktiengesellschaft;N/A;service@hexal.com;Erhöhte Nachfrage;N/A;N/A;09.03.2026;Vorgesehen;Filmtablette;versrel
17560571;7000245;LE2026003042;LE2026000916;Änderungsmeldung;21.01.2026;16.10.2026;18.08.2026;Sonstige;Abirateron HEXAL 1000 mg Filmtabletten;L02BX03;Abirateronacetat;nein;H e x a l  Aktiengesellschaft;N/A;service@hexal.com;Erhöhte Nachfrage;N/A;N/A;09.03.2026;Vorgesehen;Filmtablette;versrel
02402211;2140379;LE2026003040;LE2026000464;Änderungsmeldung;18.11.2025;01.02.2027;18.08.2026;Sonstige;Mitem 20mg;L01DC03;Mitomycin;ja;Substipharm;N/A;sthiemann@pha-res.com;Sonstige;Verzögerung in der Lieferkette und unzureichende Produktionskapazitäten;N/A;03.02.2026;Nein;Pulver zur Herstellung einer Injektions- bzw. Infusionslösung oder einer Lösung zur intravesikalen Anwendung,Lösungsmittel;verskri (auch versrel)
03480006;2140379;LE2026003040;LE2026000464;Änderungsmeldung;18.11.2025;01.02.2027;18.08.2026;Sonstige;Mitem 20mg;L01DC03;Mitomycin;ja;Substipharm;N/A;sthiemann@pha-res.com;Sonstige;Verzögerung in der Lieferkette und unzureichende Produktionskapazitäten;N/A;03.02.2026;Nein;Pulver zur Herstellung einer Injektions- bzw. Infusionslösung oder einer Lösung zur intravesikalen Anwendung,Lösungsmittel;verskri (auch versrel)
08829560;2140379;LE2026003040;LE2026000464;Änderungsmeldung;18.11.2025;01.02.2027;18.08.2026;Sonstige;Mitem 20mg;L01DC03;Mitomycin;ja;Substipharm;N/A;sthiemann@pha-res.com;Sonstige;Verzögerung in der Lieferkette und unzureichende Produktionskapazitäten;N/A;03.02.2026;Nein;Pulver zur Herstellung einer Injektions- bzw. Infusionslösung oder einer Lösung zur intravesikalen Anwendung,Lösungsmittel;verskri (auch versrel)
16804143;2163020;LE2026003038;LE2025001314;Änderungsmeldung;14.04.2025;31.10.2026;17.08.2026;Sonstige;Sertralin TAD 50 mg Filmtabletten;N06AB06;Sertralinhydrochlorid;ja;TAD Pharma GmbH;N/A;thomas.morgenstern@tad.de;Sonstige;N/A;N/A;14.04.2025;Nein;Filmtablette;weder versrel noch verskri
16804172;2163020;LE2026003038;LE2025001314;Änderungsmeldung;14.04.2025;31.10.2026;17.08.2026;Sonstige;Sertralin TAD 50 mg Filmtabletten;N06AB06;Sertralinhydrochlorid;ja;TAD Pharma GmbH;N/A;thomas.morgenstern@tad.de;Sonstige;N/A;N/A;14.04.2025;Nein;Filmtablette;weder versrel noch verskri
16804189;2163020;LE2026003038;LE2025001314;Änderungsmeldung;14.04.2025;31.10.2026;17.08.2026;Sonstige;Sertralin TAD 50 mg Filmtabletten;N06AB06;Sertralinhydrochlorid;ja;TAD Pharma GmbH;N/A;thomas.morgenstern@tad.de;Sonstige;N/A;N/A;14.04.2025;Nein;Filmtablette;weder versrel noch verskri
16804195;2163021;LE2026003037;LE2025001316;Änderungsmeldung;14.04.2025;31.10.2026;17.08.2026;Sonstige;Sertralin TAD 100 mg Filmtabletten;N06AB06;Sertralinhydrochlorid;ja;TAD Pharma GmbH;N/A;thomas.morgenstern@tad.de;Sonstige;N/A;N/A;14.04.2025;Nein;Filmtablette;weder versrel noch verskri
16804226;2163021;LE2026003037;LE2025001316;Änderungsmeldung;14.04.2025;31.10.2026;17.08.2026;Sonstige;Sertralin TAD 100 mg Filmtabletten;N06AB06;Sertralinhydrochlorid;ja;TAD Pharma GmbH;N/A;thomas.morgenstern@tad.de;Sonstige;N/A;N/A;14.04.2025;Nein;Filmtablette;weder versrel noch verskri
16804232;2163021;LE2026003037;LE2025001316;Änderungsmeldung;14.04.2025;31.10.2026;17.08.2026;Sonstige;Sertralin TAD 100 mg Filmtabletten;N06AB06;Sertralinhydrochlorid;ja;TAD Pharma GmbH;N/A;thomas.morgenstern@tad.de;Sonstige;N/A;N/A;14.04.2025;Nein;Filmtablette;weder versrel noch verskri
19378540;2204072;LE2026003035;N/A;Erstmeldung;17.08.2026;16.10.2026;17.08.2026;Sonstige;Atorvastatin Micro Labs 10 mg Filmtabletten;C10AA05;Atorvastatin-Calcium-Trihydrat (Ph.Eur.);ja;Micro Labs GmbH;N/A;ausschreibungen@microlabsgmbh.de;Erhöhte Nachfrage;N/A;N/A;17.08.2026;Nein;Filmtablette;versrel
09920222;2168191;LE2026003033;LE2026002277;Änderungsmeldung;05.06.2026;18.09.2026;17.08.2026;Produktionsproblem;Topiramat-glenmark 50 mg Filmtabletten;N03AX11;Topiramat;nein;Glenmark Arzneimittel GmbH;N/A;Service.De@glenmarkpharma.com;Probleme bei der Chargenprüfung;N/A;N/A;22.06.2026;Nein;Filmtablette;versrel
00417036;2178495;LE2026003032;LE2026002276;Änderungsmeldung;10.06.2026;16.10.2026;17.08.2026;Sonstige;Rizatriptan Glenmark 5 mg Schmelztabletten;N02CC04;Rizatriptanbenzoat;nein;Glenmark Arzneimittel GmbH;N/A;Service.De@glenmarkpharma.com;Erhöhte Nachfrage;N/A;N/A;22.06.2026;Nein;Schmelztablette;versrel
09947095;2176203;LE2026003031;LE2026002275;Änderungsmeldung;10.06.2026;18.09.2026;17.08.2026;Sonstige;Rizatriptan Glenmark 10 mg Tabletten;N02CC04;Rizatriptanbenzoat;nein;Glenmark Arzneimittel GmbH;N/A;Service.De@glenmarkpharma.com;Erhöhte Nachfrage;N/A;N/A;22.06.2026;Nein;Tablette;versrel
13156703;2192217;LE2026003030;LE2025000975;Änderungsmeldung;22.04.2025;18.09.2026;17.08.2026;Produktionsproblem;Ezetimib Glenmark 10 mg Tabletten;C10AX09;Ezetimib;nein;Glenmark Arzneimittel GmbH;N/A;Service.De@glenmarkpharma.com;Probleme in der Herstellung;N/A;N/A;21.03.2025;Nein;Tablette;versrel
13589595;2197380;LE2026003029;LE2026002720;Änderungsmeldung;20.07.2026;18.09.2026;17.08.2026;Sonstige;Gabapentin Glenmark 800 mg Filmtabletten;N02BF01;Gabapentin;nein;Glenmark Arzneimittel GmbH;N/A;Service.De@glenmarkpharma.com;Erhöhte Nachfrage;N/A;N/A;20.07.2026;Nein;Filmtablette;versrel
13589603;2197380;LE2026003029;LE2026002720;Änderungsmeldung;20.07.2026;18.09.2026;17.08.2026;Sonstige;Gabapentin Glenmark 800 mg Filmtabletten;N02BF01;Gabapentin;nein;Glenmark Arzneimittel GmbH;N/A;Service.De@glenmarkpharma.com;Erhöhte Nachfrage;N/A;N/A;20.07.2026;Nein;Filmtablette;versrel
09465893;2706420;LE2026003026;N/A;Erstmeldung;03.08.2026;16.10.2026;17.08.2026;Sonstige;Olanzapin Glenmark 2,5 mg Tabletten - OP70;N05AH03;Olanzapin;nein;Glenmark Arzneimittel GmbH;N/A;Service.De@glenmarkpharma.com;Erhöhte Nachfrage;N/A;N/A;17.08.2026;Nein;Tablette;weder versrel noch verskri
17205367;2202947;LE2026003025;LE2025001771;Änderungsmeldung;19.05.2025;24.09.2026;17.08.2026;Produktionsproblem;Arsentrioxid STADA 1 mg/ml Konzentrat zur Herstellung einer Infusionslösung;L01XX27;Arsen(III)-oxid;nein;STADAPHARM GmbH;061016032416;christiane.georgi@stada.de;Probleme in der Herstellung;N/A;N/A;23.05.2025;Vorgesehen;Konzentrat zur Herstellung einer Infusionslösung;weder versrel noch verskri
16531774;2201946;LE2026003021;LE2026001235;Änderungsmeldung;14.08.2026;18.09.2026;14.08.2026;Sonstige;Amitriptylin Micro Labs 44,19 mg Filmtabletten;N06AA09;Amitriptylinhydrochlorid;ja;Micro Labs GmbH;N/A;ausschreibungen@microlabsgmbh.de;Erhöhte Nachfrage;N/A;N/A;30.03.2026;Vorgesehen;Filmtablette;versrel
16531780;2201946;LE2026003021;LE2026001235;Änderungsmeldung;14.08.2026;18.09.2026;14.08.2026;Sonstige;Amitriptylin Micro Labs 44,19 mg Filmtabletten;N06AA09;Amitriptylinhydrochlorid;ja;Micro Labs GmbH;N/A;ausschreibungen@microlabsgmbh.de;Erhöhte Nachfrage;N/A;N/A;30.03.2026;Vorgesehen;Filmtablette;versrel
16531886;2201948;LE2026003019;LE2026001238;Änderungsmeldung;14.08.2026;18.09.2026;14.08.2026;Sonstige;Amitriptylin Micro Labs 88,38 mg Filmtabletten;N06AA09;Amitriptylinhydrochlorid;ja;Micro Labs GmbH;N/A;ausschreibungen@microlabsgmbh.de;Erhöhte Nachfrage;N/A;N/A;30.03.2026;Nein;Filmtablette;versrel
16531892;2201948;LE2026003019;LE2026001238;Änderungsmeldung;14.08.2026;18.09.2026;14.08.2026;Sonstige;Amitriptylin Micro Labs 88,38 mg Filmtabletten;N06AA09;Amitriptylinhydrochlorid;ja;Micro Labs GmbH;N/A;ausschreibungen@microlabsgmbh.de;Erhöhte Nachfrage;N/A;N/A;30.03.2026;Nein;Filmtablette;versrel
16531900;2201948;LE2026003019;LE2026001238;Änderungsmeldung;14.08.2026;18.09.2026;14.08.2026;Sonstige;Amitriptylin Micro Labs 88,38 mg Filmtabletten;N06AA09;Amitriptylinhydrochlorid;ja;Micro Labs GmbH;N/A;ausschreibungen@microlabsgmbh.de;Erhöhte Nachfrage;N/A;N/A;30.03.2026;Nein;Filmtablette;versrel
03359486;2165603;LE2026003018;N/A;Erstmeldung;06.08.2026;16.11.2026;14.08.2026;Sonstige;Tarka 240 mg/4 mg Tabletten mit veränderter Wirkstofffreisetzung;C09BB10;"Trandolapril; Verapamilhydrochlorid";nein;Viatris Healthcare GmbH;08000700800;kundenservice@viatris.com;Erhöhte Nachfrage;keine weiteren Angaben;N/A;14.08.2026;Nein;Tablette mit veränderter Wirkstofffreisetzung;weder versrel noch verskri
16531745;2201945;LE2026003015;LE2026001234;Änderungsmeldung;26.03.2026;18.09.2026;14.08.2026;Sonstige;Amitriptylin Micro Labs 22,1 mg Filmtabletten;N06AA09;Amitriptylinhydrochlorid;ja;Micro Labs GmbH;N/A;ausschreibungen@microlabsgmbh.de;Erhöhte Nachfrage;N/A;N/A;30.03.2026;Nein;Filmtablette;versrel
16531751;2201945;LE2026003015;LE2026001234;Änderungsmeldung;26.03.2026;18.09.2026;14.08.2026;Sonstige;Amitriptylin Micro Labs 22,1 mg Filmtabletten;N06AA09;Amitriptylinhydrochlorid;ja;Micro Labs GmbH;N/A;ausschreibungen@microlabsgmbh.de;Erhöhte Nachfrage;N/A;N/A;30.03.2026;Nein;Filmtablette;versrel
10516704;2179977;LE2026003014;LE2026002452;Änderungsmeldung;03.07.2026;11.09.2026;14.08.2026;Sonstige;Pantoprazol-Micro Labs 40 mg magensaftresistente Tabletten;A02BC02;Pantoprazol-Natrium-Sesquihydrat;ja;Micro Labs GmbH;N/A;ausschreibungen@microlabsgmbh.de;Erhöhte Nachfrage;N/A;N/A;03.07.2026;Nein;magensaftresistente Tablette;versrel
10516710;2179977;LE2026003014;LE2026002452;Änderungsmeldung;03.07.2026;11.09.2026;14.08.2026;Sonstige;Pantoprazol-Micro Labs 40 mg magensaftresistente Tabletten;A02BC02;Pantoprazol-Natrium-Sesquihydrat;ja;Micro Labs GmbH;N/A;ausschreibungen@microlabsgmbh.de;Erhöhte Nachfrage;N/A;N/A;03.07.2026;Nein;magensaftresistente Tablette;versrel
17378458;2179977;LE2026003014;LE2026002452;Änderungsmeldung;03.07.2026;11.09.2026;14.08.2026;Sonstige;Pantoprazol-Micro Labs 40 mg magensaftresistente Tabletten;A02BC02;Pantoprazol-Natrium-Sesquihydrat;ja;Micro Labs GmbH;N/A;ausschreibungen@microlabsgmbh.de;Erhöhte Nachfrage;N/A;N/A;03.07.2026;Nein;magensaftresistente Tablette;versrel
18874024;2179977;LE2026003014;LE2026002452;Änderungsmeldung;03.07.2026;11.09.2026;14.08.2026;Sonstige;Pantoprazol-Micro Labs 40 mg magensaftresistente Tabletten;A02BC02;Pantoprazol-Natrium-Sesquihydrat;ja;Micro Labs GmbH;N/A;ausschreibungen@microlabsgmbh.de;Erhöhte Nachfrage;N/A;N/A;03.07.2026;Nein;magensaftresistente Tablette;versrel
00996123;7002406, 7002407, 7002408;LE2026002997;LE2026002206;Änderungsmeldung;03.07.2026;30.09.2026;13.08.2026;Produktionsproblem;Nexviadyme;A16AB22;Avalglucosidase alfa;ja;Sanofi B.V.;0800 04 36 996;medinfo.de@sanofi.com ;Probleme bei der Endfreigabe;Eingeschränkt lieferfähig;N/A;17.06.2026;Ja;Pulver für ein Konzentrat zur Herstellung einer Infusionslösung;weder versrel noch verskri
17309612;7002406, 7002407, 7002408;LE2026002997;LE2026002206;Änderungsmeldung;03.07.2026;30.09.2026;13.08.2026;Produktionsproblem;Nexviadyme;A16AB22;Avalglucosidase alfa;ja;Sanofi B.V.;0800 04 36 996;medinfo.de@sanofi.com ;Probleme bei der Endfreigabe;Eingeschränkt lieferfähig;N/A;17.06.2026;Ja;Pulver für ein Konzentrat zur Herstellung einer Infusionslösung;weder versrel noch verskri
17309629;7002406, 7002407, 7002408;LE2026002997;LE2026002206;Änderungsmeldung;03.07.2026;30.09.2026;13.08.2026;Produktionsproblem;Nexviadyme;A16AB22;Avalglucosidase alfa;ja;Sanofi B.V.;0800 04 36 996;medinfo.de@sanofi.com ;Probleme bei der Endfreigabe;Eingeschränkt lieferfähig;N/A;17.06.2026;Ja;Pulver für ein Konzentrat zur Herstellung einer Infusionslösung;weder versrel noch verskri
10394201;2185349;LE2026002996;N/A;Erstmeldung;12.08.2026;30.09.2026;12.08.2026;Sonstige;Clarithromycin Eberth 500 mg Pulver zur Herstellung einer Infusionslösung;J01FA09;Clarithromycinlactobionat;ja;Dr. Friedrich Eberth Arzneimittel GmbH;096289237670;schoeberl@eberth.de;Sonstige;N/A;N/A;12.08.2026;Vorgesehen;Pulver zur Herstellung einer Infusionslösung;weder versrel noch verskri
19111558;2130147;LE2026002995;N/A;Erstmeldung;31.07.2026;31.10.2026;12.08.2026;Produktionsproblem;DHC Ennogen 90 mg Retardtabletten;N02AA08;Dihydrocodein[(R,R)-tartrat];ja;Ennogen Healthcare (Europe) Limited;00441322629220;pavan@ennogen.com;Probleme in der Herstellung;Ennogen Healthcare (Europe) ltd has validated the complete manufacturing i.e., Manufacturing of Bulk,coating,packing and release to Fidelio Germany and this would avoid any importation delays and mitigateany future shortages. A worksharing variation application with reference DE/H/xxxx/WS/2994 and DE/H/xxxx/WS/3154 are submitted and are under review from the authorities.;DHC Ennogen 90 mg Retardtabletten - Einreichungsnummer: 2130147;12.08.2026;Vorgesehen;Retardtablette;weder versrel noch verskri
16369457;2198340;LE2026002993;LE2026002814;Änderungsmeldung;28.07.2026;31.12.2026;12.08.2026;Produktionsproblem;Entecavir Amarox 0,5 mg Filmtabletten;J05AF10;Entecavir;ja;AMAROX PHARMA GmbH;0894518748-0;info.de@amaroxpharma.com;GMP Mängel;CEP suspendiert;N/A;28.07.2026;Vorgesehen;Filmtablette;versrel
16369463;2198340;LE2026002993;LE2026002814;Änderungsmeldung;28.07.2026;31.12.2026;12.08.2026;Produktionsproblem;Entecavir Amarox 0,5 mg Filmtabletten;J05AF10;Entecavir;ja;AMAROX PHARMA GmbH;0894518748-0;info.de@amaroxpharma.com;GMP Mängel;CEP suspendiert;N/A;28.07.2026;Vorgesehen;Filmtablette;versrel
02065127;2155205;LE2026002987;N/A;Erstmeldung;05.08.2026;13.11.2026;11.08.2026;Sonstige;Prednisolon 10mg JENAPHARM;H02AB06;Prednisolon;nein;Mibe GmbH Arzneimittel;034954 2470;zulassung-sekretariat@mibegmbh.de;Unzureichende Produktionskapazitäten;N/A;Prednisolon 10mg JENAPHARM - Einreichungsnummer: 2155205;11.08.2026;Nein;Tablette;verskri (auch versrel)
03955018;2184545;LE2026002986;N/A;Erstmeldung;10.08.2026;30.10.2026;11.08.2026;Sonstige;Prednicarbat acis Lösung;D07AC18;Prednicarbat;nein;Mibe GmbH Arzneimittel;034954 2470;zulassung-sekretariat@mibegmbh.de;Unzureichende Produktionskapazitäten;N/A;Prednicarbat acis Lösung - Einreichungsnummer: 2184545;11.08.2026;Nein;Lösung zur Anwendung auf der Haut;weder versrel noch verskri
02481110;2102405;LE2026002983;N/A;Erstmeldung;05.08.2026;30.04.2027;11.08.2026;Sonstige;Neotri;C03EA;"Triamteren; Xipamid";nein;Mibe GmbH Arzneimittel;034954 2470;zulassung-sekretariat@mibegmbh.de;Sonstige;N/A;N/A;11.08.2026;Nein;Filmtablette;weder versrel noch verskri
10268330;2187245;LE2026002977;LE2026002940;Änderungsmeldung;01.09.2026;30.11.2026;10.08.2026;Produktionsproblem;Cefotaxim-saar 1 g Pulver zur Herstellung einer Injektions- bzw. Infusionslösung;J01DD01;Cefotaxim-Natrium;ja;MIP Pharma GmbH;N/A;werner.brunder@mip-pharma.de;Herstellerwechsel;Wechsel zu einem neuen Wirkstoffhersteller erforderlich;N/A;06.08.2026;Ja;Pulver zur Herstellung einer Injektions- bzw. Infusionslösung;verskri (auch versrel)
10268347;2187246;LE2026002976;LE2026002941;Änderungsmeldung;01.09.2026;30.11.2026;10.08.2026;Produktionsproblem;Cefotaxim-saar 2 g Pulver zur Herstellung einer Injektions- bzw. Infusionslösung;J01DD01;Cefotaxim-Natrium;ja;MIP Pharma GmbH;N/A;werner.brunder@mip-pharma.de;Herstellerwechsel;Wechsel zu einem neuen Wirkstoffhersteller erforderlich;N/A;06.08.2026;Ja;Pulver zur Herstellung einer Injektions- bzw. Infusionslösung;verskri (auch versrel)
00448982;0068191;LE2026002975;N/A;Erstmeldung;10.08.2026;15.09.2026;10.08.2026;Sonstige;Imipramin-neuraxpharm 25 mg;N06AA02;Imipraminhydrochlorid;nein;neuraxpharm Arzneimittel GmbH;021731060127;D.Koecher@neuraxpharm.de;Erhöhte Nachfrage;N/A;N/A;10.08.2026;Nein;Filmtablette;weder versrel noch verskri
00449042;0068191;LE2026002975;N/A;Erstmeldung;10.08.2026;15.09.2026;10.08.2026;Sonstige;Imipramin-neuraxpharm 25 mg;N06AA02;Imipraminhydrochlorid;nein;neuraxpharm Arzneimittel GmbH;021731060127;D.Koecher@neuraxpharm.de;Erhöhte Nachfrage;N/A;N/A;10.08.2026;Nein;Filmtablette;weder versrel noch verskri
00449059;0068191;LE2026002975;N/A;Erstmeldung;10.08.2026;15.09.2026;10.08.2026;Sonstige;Imipramin-neuraxpharm 25 mg;N06AA02;Imipraminhydrochlorid;nein;neuraxpharm Arzneimittel GmbH;021731060127;D.Koecher@neuraxpharm.de;Erhöhte Nachfrage;N/A;N/A;10.08.2026;Nein;Filmtablette;weder versrel noch verskri
03094007;2702539;LE2026002973;LE2026001592;Änderungsmeldung;23.04.2026;30.09.2026;10.08.2026;Sonstige;VFEND 40 mg/ml Pulver zur Herstellung einer Suspension zum Einnehmen - OP6g(f.100ml);J02AC03;Voriconazol;ja;Pfizer Europe MA EEIG;+49 (0) 30 550055-51000;medical.information@pfizer.com;Erhöhte Nachfrage;nur Parallelimporte in dieser Darreichungsform verfügbar;VFEND 200 mg Filmtabletten - Einreichungsnummer: 2715979;27.04.2026;Nein;Pulver zur Herstellung einer Suspension zum Einnehmen;versrel
10550552;2190399;LE2026002969;LE2026001873;Änderungsmeldung;23.04.2026;16.09.2026;10.08.2026;Sonstige;Cyclophosphamid HEXAL 500 mg;L01AA01;Cyclophosphamid Monohydrat;nein;H e x a l  Aktiengesellschaft;N/A;service@hexal.com;Erhöhte Nachfrage;N/A;N/A;22.05.2026;Vorgesehen;Pulver zur Herstellung einer Injektions- /Infusionslösung;verskri (auch versrel)
14446076;2200613;LE2026002961;LE2025004229;Änderungsmeldung;28.11.2025;14.12.2026;07.08.2026;Sonstige;DRIPONIN 3 mg Tabletten;P02CF01;Ivermectin;ja;Pädia GmbH;+496252957000;shortages@infectopharm.com;Erhöhte Nachfrage;N/A;DRIPONIN 3 mg Tabletten - Einreichungsnummer: 2200613;28.11.2025;Nein;Tablette;verskri (auch versrel)
19158583;7011297;LE2026002958;N/A;Erstmeldung;06.08.2026;16.11.2026;07.08.2026;Sonstige;Dabigatranetexilat Viatris 110 mg Hartkapseln;B01AE07;Dabigatranetexilatmesilat;ja;Viatris Germany GmbH;08000700800;kundenservice@viatris.com;Probleme beim Wirkstoffhersteller;N/A;N/A;07.08.2026;Nein;Hartkapsel;versrel
19158608;7011297;LE2026002958;N/A;Erstmeldung;06.08.2026;16.11.2026;07.08.2026;Sonstige;Dabigatranetexilat Viatris 110 mg Hartkapseln;B01AE07;Dabigatranetexilatmesilat;ja;Viatris Germany GmbH;08000700800;kundenservice@viatris.com;Probleme beim Wirkstoffhersteller;N/A;N/A;07.08.2026;Nein;Hartkapsel;versrel
19158614;7011297;LE2026002958;N/A;Erstmeldung;06.08.2026;16.11.2026;07.08.2026;Sonstige;Dabigatranetexilat Viatris 110 mg Hartkapseln;B01AE07;Dabigatranetexilatmesilat;ja;Viatris Germany GmbH;08000700800;kundenservice@viatris.com;Probleme beim Wirkstoffhersteller;N/A;N/A;07.08.2026;Nein;Hartkapsel;versrel
19158577;7011296;LE2026002957;N/A;Erstmeldung;06.08.2026;15.12.2026;07.08.2026;Sonstige;Dabigatranetexilat Viatris 75 mg Hartkapseln;B01AE07;Dabigatranetexilatmesilat;ja;Viatris Germany GmbH;08000700800;kundenservice@viatris.com;Probleme beim Wirkstoffhersteller;N/A;N/A;07.08.2026;Nein;Hartkapsel;versrel
09060067;2174291;LE2026002955;N/A;Erstmeldung;03.08.2026;31.12.2026;06.08.2026;Produktionsproblem;OLANZAPIN BASICS 15 mg Schmelztabletten;N05AH03;Olanzapin;nein;Basics GmbH;N/A;dominik.lucke@sunpharma.com;Sonstige;N/A;N/A;06.08.2026;Nein;Schmelztablette;weder versrel noch verskri
13248144;2158851;LE2026002943;LE2025002882;Änderungsmeldung;01.08.2025;31.12.2026;06.08.2026;Sonstige;Gabapentin Holsten 100 mg Hartkapseln;N03AX12;Gabapentin;nein;Holsten Pharma GmbH - Geschäftsanschrift -;N/A;y.maniya@holstenpharma.de;Erhöhte Nachfrage;N/A;N/A;12.08.2025;Vorgesehen;Hartkapsel;versrel
13248150;2158851;LE2026002943;LE2025002882;Änderungsmeldung;01.08.2025;31.12.2026;06.08.2026;Sonstige;Gabapentin Holsten 100 mg Hartkapseln;N03AX12;Gabapentin;nein;Holsten Pharma GmbH - Geschäftsanschrift -;N/A;y.maniya@holstenpharma.de;Erhöhte Nachfrage;N/A;N/A;12.08.2025;Vorgesehen;Hartkapsel;versrel
13248167;2158851;LE2026002943;LE2025002882;Änderungsmeldung;01.08.2025;31.12.2026;06.08.2026;Sonstige;Gabapentin Holsten 100 mg Hartkapseln;N03AX12;Gabapentin;nein;Holsten Pharma GmbH - Geschäftsanschrift -;N/A;y.maniya@holstenpharma.de;Erhöhte Nachfrage;N/A;N/A;12.08.2025;Vorgesehen;Hartkapsel;versrel
15379040;2180760;LE2026002937;LE2025003697;Änderungsmeldung;01.10.2025;31.03.2027;06.08.2026;Produktionsproblem;Quetiapin Accord 200 mg Retardtabletten;N05AH04;Quetiapinfumarat (Ph.Eur.);nein;Accord Healthcare B.V.;N/A;martin_anders@accord-healthcare.com;Probleme bei der Endfreigabe;N/A;N/A;22.10.2025;Vorgesehen;Retardtablette;weder versrel noch verskri
15379057;2180760;LE2026002937;LE2025003697;Änderungsmeldung;01.10.2025;31.03.2027;06.08.2026;Produktionsproblem;Quetiapin Accord 200 mg Retardtabletten;N05AH04;Quetiapinfumarat (Ph.Eur.);nein;Accord Healthcare B.V.;N/A;martin_anders@accord-healthcare.com;Probleme bei der Endfreigabe;N/A;N/A;22.10.2025;Vorgesehen;Retardtablette;weder versrel noch verskri
15379063;2180760;LE2026002937;LE2025003697;Änderungsmeldung;01.10.2025;31.03.2027;06.08.2026;Produktionsproblem;Quetiapin Accord 200 mg Retardtabletten;N05AH04;Quetiapinfumarat (Ph.Eur.);nein;Accord Healthcare B.V.;N/A;martin_anders@accord-healthcare.com;Probleme bei der Endfreigabe;N/A;N/A;22.10.2025;Vorgesehen;Retardtablette;weder versrel noch verskri
07373307;2705750;LE2026002931;LE2026002639;Änderungsmeldung;22.07.2026;28.10.2026;05.08.2026;Produktionsproblem;ZYPADHERA 300 mg Pulver und Lösungsmittel zur Herstellung einer Depot-Injektionssuspension - OP(690mg+3ml);N05AH03;Olanzapinembonat-Monohydrat;ja;Cheplapharm Registration GmbH;01601537174;mallikarjun.sunkara@cheplapharm.com;Probleme in der Herstellung;delay in product release;ZYPADHERA 210 mg Pulver und Lösungsmittel zur Herstellung einer Depot-Injektionssuspension - OP(483mg+3ml) - Einreichungsnummer: 2705749;16.07.2026;Vorgesehen;Pulver,Lösungsmittel;versrel
16396342;2205267;LE2026002923;LE2024003787;Änderungsmeldung;25.11.2025;30.09.2026;05.08.2026;Sonstige;Levetiracetam - 1 A Pharma 1500 mg Filmtabletten;N03AX14;Levetiracetam;nein;1 A Pharma GmbH;N/A;info@1apharma.com;Sonstige;N/A;N/A;15.10.2024;Vorgesehen;Filmtablette;weder versrel noch verskri
19157106;7010801;LE2026002921;LE2026002334;Änderungsmeldung;15.07.2026;31.12.2026;05.08.2026;Sonstige;Plerixafor Viatris 20 mg/ml Injektionslösung;L03AX16;Plerixafor;ja;Viatris Germany GmbH;08000700800;kundenservice@viatris.com;Erhöhte Nachfrage;Bitte beachten Sie, dass eine Ausnahmegenehmigung nach §§ 10 Abs. 1a und 11 Abs. 1c AMG zum Inverkehrbringen italienischer Ware erteilt wurde. Die italienische Ware kann unter der PZN 20936695 bestellt werden.;N/A;25.06.2026;Nein;Injektionslösung;verskri (auch versrel)
04008079;3000655;LE2026002911;LE2026002532;Änderungsmeldung;01.07.2026;29.01.2027;04.08.2026;Sonstige;Digitoxin AWD 0,07;C01AA04;Digitoxin;nein;TEVA GmbH;N/A;teva-deutschland@teva.de;Sonstige;N/A;N/A;09.07.2026;Vorgesehen;Tablette;verskri (auch versrel)
04346267;3000655;LE2026002911;LE2026002532;Änderungsmeldung;01.07.2026;29.01.2027;04.08.2026;Sonstige;Digitoxin AWD 0,07;C01AA04;Digitoxin;nein;TEVA GmbH;N/A;teva-deutschland@teva.de;Sonstige;N/A;N/A;09.07.2026;Vorgesehen;Tablette;verskri (auch versrel)
09487452;2182715;LE2026002906;LE2025002275;Änderungsmeldung;30.06.2025;15.10.2026;04.08.2026;Sonstige;Ribavirin-ratiopharm 400 mg Filmtabletten;TERM_ID_NA_2090004158;Ribavirin;nein;ratiopharm GmbH;N/A;info@ratiopharm.de;Probleme beim Sonstigen Hersteller;N/A;N/A;02.07.2025;Vorgesehen;Filmtablette;verskri (auch versrel)
09487400;2182714;LE2026002905;LE2025001519;Änderungsmeldung;02.05.2025;15.10.2026;04.08.2026;Produktionsproblem;Ribavirin-ratiopharm 200 mg Filmtabletten;TERM_ID_NA_2090004158;Ribavirin;nein;ratiopharm GmbH;N/A;info@ratiopharm.de;Probleme in der Herstellung;N/A;N/A;05.05.2025;Vorgesehen;Filmtablette;verskri (auch versrel)
09487417;2182714;LE2026002905;LE2025001519;Änderungsmeldung;02.05.2025;15.10.2026;04.08.2026;Produktionsproblem;Ribavirin-ratiopharm 200 mg Filmtabletten;TERM_ID_NA_2090004158;Ribavirin;nein;ratiopharm GmbH;N/A;info@ratiopharm.de;Probleme in der Herstellung;N/A;N/A;05.05.2025;Vorgesehen;Filmtablette;verskri (auch versrel)
09487423;2182714;LE2026002905;LE2025001519;Änderungsmeldung;02.05.2025;15.10.2026;04.08.2026;Produktionsproblem;Ribavirin-ratiopharm 200 mg Filmtabletten;TERM_ID_NA_2090004158;Ribavirin;nein;ratiopharm GmbH;N/A;info@ratiopharm.de;Probleme in der Herstellung;N/A;N/A;05.05.2025;Vorgesehen;Filmtablette;verskri (auch versrel)
08755519;2184227;LE2026002904;LE2025000777;Änderungsmeldung;01.03.2025;23.09.2026;04.08.2026;Sonstige;Galantamin-ratiopharm 24 mg Hartkapseln, retardiert;N06DA04;Galantaminhydrobromid;nein;ratiopharm GmbH;N/A;info@ratiopharm.de;Erhöhte Nachfrage;N/A;N/A;06.03.2025;Vorgesehen;Hartkapsel, retardiert;weder versrel noch verskri
08755554;2184227;LE2026002904;LE2025000777;Änderungsmeldung;01.03.2025;23.09.2026;04.08.2026;Sonstige;Galantamin-ratiopharm 24 mg Hartkapseln, retardiert;N06DA04;Galantaminhydrobromid;nein;ratiopharm GmbH;N/A;info@ratiopharm.de;Erhöhte Nachfrage;N/A;N/A;06.03.2025;Vorgesehen;Hartkapsel, retardiert;weder versrel noch verskri
09300100;2184227;LE2026002904;LE2025000777;Änderungsmeldung;01.03.2025;23.09.2026;04.08.2026;Sonstige;Galantamin-ratiopharm 24 mg Hartkapseln, retardiert;N06DA04;Galantaminhydrobromid;nein;ratiopharm GmbH;N/A;info@ratiopharm.de;Erhöhte Nachfrage;N/A;N/A;06.03.2025;Vorgesehen;Hartkapsel, retardiert;weder versrel noch verskri
08755442;2184226;LE2026002903;LE2025000776;Änderungsmeldung;01.03.2025;23.12.2026;04.08.2026;Sonstige;Galantamin-ratiopharm 16 mg Hartkapseln, retardiert;N06DA04;Galantaminhydrobromid;nein;ratiopharm GmbH;N/A;info@ratiopharm.de;Erhöhte Nachfrage;N/A;N/A;06.03.2025;Vorgesehen;Hartkapsel, retardiert;weder versrel noch verskri
08755494;2184226;LE2026002903;LE2025000776;Änderungsmeldung;01.03.2025;23.12.2026;04.08.2026;Sonstige;Galantamin-ratiopharm 16 mg Hartkapseln, retardiert;N06DA04;Galantaminhydrobromid;nein;ratiopharm GmbH;N/A;info@ratiopharm.de;Erhöhte Nachfrage;N/A;N/A;06.03.2025;Vorgesehen;Hartkapsel, retardiert;weder versrel noch verskri
09300092;2184226;LE2026002903;LE2025000776;Änderungsmeldung;01.03.2025;23.12.2026;04.08.2026;Sonstige;Galantamin-ratiopharm 16 mg Hartkapseln, retardiert;N06DA04;Galantaminhydrobromid;nein;ratiopharm GmbH;N/A;info@ratiopharm.de;Erhöhte Nachfrage;N/A;N/A;06.03.2025;Vorgesehen;Hartkapsel, retardiert;weder versrel noch verskri
09300086;2184225;LE2026002902;LE2025000778;Änderungsmeldung;01.03.2025;21.10.2026;04.08.2026;Sonstige;Galantamin-ratiopharm 8 mg Hartkapseln, retardiert;N06DA04;Galantaminhydrobromid;nein;ratiopharm GmbH;N/A;info@ratiopharm.de;Erhöhte Nachfrage;N/A;N/A;06.03.2025;Vorgesehen;Hartkapsel, retardiert;weder versrel noch verskri
08699264;2130026;LE2026002900;LE2025003276;Änderungsmeldung;15.09.2025;09.09.2026;04.08.2026;Sonstige;Nitrendipin-ratiopharm 20 mg Tabletten;C08CA08;Nitrendipin;nein;ratiopharm GmbH;N/A;info@ratiopharm.de;Erhöhte Nachfrage;N/A;N/A;17.09.2025;Vorgesehen;Tablette;weder versrel noch verskri
02494130;0428206;LE2026002894;LE2026002745;Änderungsmeldung;27.10.2026;02.12.2026;03.08.2026;Sonstige;Gutron Tabletten;C01CA17;Midodrinhydrochlorid;nein;Cheplapharm Arzneimittel GmbH;N/A;RA-Midodrine@cheplapharm.com;Sonstige;N/A;Gutron Tabletten - Einreichungsnummer: 0428206;22.07.2026;Nein;Tablette;weder versrel noch verskri
19095581;0077215;LE2026002893;N/A;Erstmeldung;28.07.2026;09.10.2026;03.08.2026;Produktionsproblem;Xylocain Gel 2%;N01BB02;Lidocainhydrochlorid-Monohydrat;ja;Aspen Pharma Trading Limited;N/A;de_quality@aspenpharma.eu;Probleme in der Herstellung;N/A;Xylocain Gel 2% - Einreichungsnummer: 0077215;03.08.2026;Nein;Gel;versrel
19877639;7010912;LE2026002890;LE2026001840;Änderungsmeldung;01.04.2026;15.09.2026;03.08.2026;Sonstige;Pazopanib Viatris 200 mg Filmtabletten;L01EX03;Pazopanibhydrochlorid;nein;Viatris Germany GmbH;08000700800;kundenservice@viatris.com;Sonstige;N/A;N/A;19.05.2026;Nein;Filmtablette;verskri (auch versrel)
19877651;7010912;LE2026002890;LE2026001840;Änderungsmeldung;01.04.2026;15.09.2026;03.08.2026;Sonstige;Pazopanib Viatris 200 mg Filmtabletten;L01EX03;Pazopanibhydrochlorid;nein;Viatris Germany GmbH;08000700800;kundenservice@viatris.com;Sonstige;N/A;N/A;19.05.2026;Nein;Filmtablette;verskri (auch versrel)
08774669;0403399;LE2026002884;LE2026000465;Änderungsmeldung;03.02.2026;31.10.2026;03.08.2026;Produktionsproblem;Predni-POS 0,5%;S01BA04;Prednisolonacetat;nein;URSAPHARM Arzneimittel GmbH;068059292188;christine.funk@ursapharm.de;Probleme in der Herstellung;N/A;N/A;03.02.2026;Vorgesehen;Augentropfensuspension;versrel
00748106;0608486;LE2026002883;LE2026001594;Änderungsmeldung;27.04.2026;31.10.2026;03.08.2026;Produktionsproblem;Neosynephrin-POS 10%;S01FB01;Phenylephrinhydrochlorid;nein;URSAPHARM Arzneimittel GmbH;068059292188;christine.funk@ursapharm.de;Probleme bei der Endfreigabe;N/A;N/A;27.04.2026;Vorgesehen;Augentropfen;versrel
00748098;0008875;LE2026002881;LE2026001626;Änderungsmeldung;29.04.2026;31.10.2026;03.08.2026;Produktionsproblem;Neosynephrin-POS 5%;S01FB01;Phenylephrinhydrochlorid;nein;URSAPHARM Arzneimittel GmbH;068059292188;christine.funk@ursapharm.de;Probleme in der Herstellung;N/A;N/A;29.04.2026;Vorgesehen;Augentropfen;versrel
16369486;2198341;LE2026002871;LE2026002815;Änderungsmeldung;28.07.2026;31.12.2026;31.07.2026;Produktionsproblem;Entecavir Amarox 1 mg Filmtabletten;J05AF10;Entecavir;ja;AMAROX PHARMA GmbH;0894518748-0;info.de@amaroxpharma.com;GMP Mängel;CEP suspendiert;N/A;28.07.2026;Vorgesehen;Filmtablette;versrel
16369492;2198341;LE2026002871;LE2026002815;Änderungsmeldung;28.07.2026;31.12.2026;31.07.2026;Produktionsproblem;Entecavir Amarox 1 mg Filmtabletten;J05AF10;Entecavir;ja;AMAROX PHARMA GmbH;0894518748-0;info.de@amaroxpharma.com;GMP Mängel;CEP suspendiert;N/A;28.07.2026;Vorgesehen;Filmtablette;versrel
16200422;2143553;LE2026002869;N/A;Erstmeldung;07.08.2026;30.09.2026;31.07.2026;Produktionsproblem;THIOPENTAL PANPHARMA 1000 mg;N01AF03;Thiopental-Natrium und Natriumcarbonat (Ph.Eur.);ja;PANPHARMA GmbH;04154862160;jwalylo@panpharma.de;Probleme in der Herstellung;N/A;THIOPENTAL PANPHARMA 500 mg - Einreichungsnummer: 2143552;31.07.2026;Vorgesehen;Pulver zur Herstellung einer Injektionslösung;verskri (auch versrel)
06103095;2169663;LE2026002868;N/A;Erstmeldung;20.08.2026;31.12.2026;31.07.2026;Produktionsproblem;Bendarabin 50 mg;L01BB05;Fludarabinphosphat (Ph.Eur.);nein;Bendalis GmbH;089/45080878-70;sales@bendalis.com;Probleme in der Herstellung;Aufgrund von Umbaumaßnahmen in der Produktionsstätte verzögern sich die geplanten Produktionen.;Fludara - Einreichungsnummer: 2166603;31.07.2026;Nein;Pulver zur Herstellung einer Injektions- bzw. Infusionslösung;verskri (auch versrel)
06103853;2169663;LE2026002868;N/A;Erstmeldung;20.08.2026;31.12.2026;31.07.2026;Produktionsproblem;Bendarabin 50 mg;L01BB05;Fludarabinphosphat (Ph.Eur.);nein;Bendalis GmbH;089/45080878-70;sales@bendalis.com;Probleme in der Herstellung;Aufgrund von Umbaumaßnahmen in der Produktionsstätte verzögern sich die geplanten Produktionen.;Fludara - Einreichungsnummer: 2166603;31.07.2026;Nein;Pulver zur Herstellung einer Injektions- bzw. Infusionslösung;verskri (auch versrel)
18601757;2150670;LE2026002865;N/A;Erstmeldung;30.07.2026;30.10.2026;31.07.2026;Sonstige;Calcitriol-Nefro 0,25 µg;A11CC04;Calcitriol;nein;Medice Arzneimittel Pütter GmbH & Co. KG;N/A;regulatory@medice.de;Erhöhte Nachfrage;N/A;Calcitriol-Nefro 0,25 µg - Einreichungsnummer: 2150670;31.07.2026;Nein;Weichkapsel;versrel
18601786;2150670;LE2026002865;N/A;Erstmeldung;30.07.2026;30.10.2026;31.07.2026;Sonstige;Calcitriol-Nefro 0,25 µg;A11CC04;Calcitriol;nein;Medice Arzneimittel Pütter GmbH & Co. KG;N/A;regulatory@medice.de;Erhöhte Nachfrage;N/A;Calcitriol-Nefro 0,25 µg - Einreichungsnummer: 2150670;31.07.2026;Nein;Weichkapsel;versrel
08845205;2181440;LE2026002861;LE2026001372;Änderungsmeldung;02.04.2026;31.12.2026;30.07.2026;Produktionsproblem;ESOMEPRAZOL BASICS 20 mg magensaftresistente Tabletten;A02BC05;Esomeprazol-Hemimagnesium;nein;Basics GmbH;N/A;dominik.lucke@sunpharma.com;Sonstige;Die PZN 8845228 ist erst seit dem 27.07.2026 lieferunfähig.;N/A;09.04.2026;Nein;magensaftresistente Tablette;weder versrel noch verskri
08845211;2181440;LE2026002861;LE2026001372;Änderungsmeldung;02.04.2026;31.12.2026;30.07.2026;Produktionsproblem;ESOMEPRAZOL BASICS 20 mg magensaftresistente Tabletten;A02BC05;Esomeprazol-Hemimagnesium;nein;Basics GmbH;N/A;dominik.lucke@sunpharma.com;Sonstige;Die PZN 8845228 ist erst seit dem 27.07.2026 lieferunfähig.;N/A;09.04.2026;Nein;magensaftresistente Tablette;weder versrel noch verskri
08845228;2181440;LE2026002861;LE2026001372;Änderungsmeldung;02.04.2026;31.12.2026;30.07.2026;Produktionsproblem;ESOMEPRAZOL BASICS 20 mg magensaftresistente Tabletten;A02BC05;Esomeprazol-Hemimagnesium;nein;Basics GmbH;N/A;dominik.lucke@sunpharma.com;Sonstige;Die PZN 8845228 ist erst seit dem 27.07.2026 lieferunfähig.;N/A;09.04.2026;Nein;magensaftresistente Tablette;weder versrel noch verskri
06330649;2102225;LE2026002850;LE2026000605;Änderungsmeldung;16.02.2026;28.09.2026;30.07.2026;Produktionsproblem;Flurazepam real;N05CD01;Flurazepam;nein;Riemser Pharma GmbH;030338427413;mratzlaff@esteve.com;Probleme in der Herstellung;delay in the the production due to a change in the API DMF that results in necessary method validation and submission of variation;Staurodorm neu - Einreichungsnummer: 2101149;16.02.2026;Nein;Tablette;weder versrel noch verskri
18896445;2675059;LE2026002843;LE2025004413;Änderungsmeldung;01.11.2025;25.09.2026;29.07.2026;Sonstige;Amsparity;L04AB04;Adalimumab;nein;Pfizer Europe MA EEIG;N/A;medical.information@pfizer.com;Sonstige;N/A;N/A;09.12.2025;Vorgesehen;Injektionslösung;versrel
18896451;2675060;LE2026002842;LE2025004414;Änderungsmeldung;01.11.2025;25.09.2026;29.07.2026;Sonstige;Amsparity;L04AB04;Adalimumab;nein;Pfizer Europe MA EEIG;N/A;medical.information@pfizer.com;Sonstige;N/A;N/A;09.12.2025;Vorgesehen;Injektionslösung;versrel
12547376;2194662;LE2026002840;LE2026001071;Änderungsmeldung;19.03.2026;15.10.2026;29.07.2026;Produktionsproblem;Sultiam-neuraxpharm 50 mg Filmtabletten;N03AX03;Sultiam;nein;neuraxpharm Arzneimittel GmbH;049217310600;info@neuraxpharm.de;Probleme in der Herstellung;N/A;N/A;19.03.2026;Nein;Filmtablette;weder versrel noch verskri
12547407;2194662;LE2026002840;LE2026001071;Änderungsmeldung;19.03.2026;15.10.2026;29.07.2026;Produktionsproblem;Sultiam-neuraxpharm 50 mg Filmtabletten;N03AX03;Sultiam;nein;neuraxpharm Arzneimittel GmbH;049217310600;info@neuraxpharm.de;Probleme in der Herstellung;N/A;N/A;19.03.2026;Nein;Filmtablette;weder versrel noch verskri
12547413;2194663;LE2026002839;LE2026001072;Änderungsmeldung;19.03.2026;15.10.2026;29.07.2026;Produktionsproblem;Sultiam-neuraxpharm 100 mg Filmtabletten;N03AX03;Sultiam;nein;neuraxpharm Arzneimittel GmbH;049217310600;info@neuraxpharm.de;Probleme in der Herstellung;N/A;N/A;19.03.2026;Nein;Filmtablette;weder versrel noch verskri
12547436;2194663;LE2026002839;LE2026001072;Änderungsmeldung;19.03.2026;15.10.2026;29.07.2026;Produktionsproblem;Sultiam-neuraxpharm 100 mg Filmtabletten;N03AX03;Sultiam;nein;neuraxpharm Arzneimittel GmbH;049217310600;info@neuraxpharm.de;Probleme in der Herstellung;N/A;N/A;19.03.2026;Nein;Filmtablette;weder versrel noch verskri
00577478;2152571;LE2026002838;LE2025001473;Änderungsmeldung;30.04.2025;15.09.2026;29.07.2026;Produktionsproblem;Flupentixol-neuraxpharm 40 mg/ml;N05AF01;Flupentixoldecanoat;nein;neuraxpharm Arzneimittel GmbH;0217310600;info@neuraxpharm.de;Herstellerwechsel;N/A;N/A;02.05.2025;Nein;Injektionslösung;weder versrel noch verskri
04178864;2152570;LE2026002837;LE2025001472;Änderungsmeldung;30.04.2025;15.09.2026;29.07.2026;Produktionsproblem;Flupentixol-neuraxpharm 20 mg/ml;N05AF01;Flupentixoldecanoat;nein;neuraxpharm Arzneimittel GmbH;0217310600;info@neuraxpharm.de;Herstellerwechsel;N/A;N/A;02.05.2025;Nein;Injektionslösung;weder versrel noch verskri
04178924;2152572;LE2026002836;LE2025001474;Änderungsmeldung;30.04.2025;15.09.2026;29.07.2026;Produktionsproblem;Flupentixol-neuraxpharm 100 mg/ml;N05AF01;Flupentixoldecanoat;nein;neuraxpharm Arzneimittel GmbH;0217310600;info@neuraxpharm.de;Herstellerwechsel;N/A;N/A;02.05.2025;Nein;Injektionslösung;weder versrel noch verskri
03277624;2190853;LE2026002835;N/A;Erstmeldung;20.07.2026;31.08.2026;29.07.2026;Produktionsproblem;Linezolid Kabi 2 mg/ml Infusionslösung;J01XX08;Linezolid;ja;Fresenius Kabi Deutschland GmbH;061726866299;anfragen_generics_fluids@fresenius-kabi.com;Probleme in der Herstellung;N/A;N/A;29.07.2026;Ja;Infusionslösung;verskri (auch versrel)
18105478;7005615;LE2026002834;LE2025001024;Änderungsmeldung;15.02.2025;30.09.2026;29.07.2026;Sonstige;Tacrolimus AL 5 mg Hartkapseln, retardiert;L04AD02;Tacrolimus-Monohydrat;nein;ALIUD PHARMA GmbH;0733396510;info@aliud.de;Erhöhte Nachfrage;N/A;N/A;25.03.2025;Vorgesehen;Hartkapsel, retardiert;verskri (auch versrel)
18110485;7005615;LE2026002834;LE2025001024;Änderungsmeldung;15.02.2025;30.09.2026;29.07.2026;Sonstige;Tacrolimus AL 5 mg Hartkapseln, retardiert;L04AD02;Tacrolimus-Monohydrat;nein;ALIUD PHARMA GmbH;0733396510;info@aliud.de;Erhöhte Nachfrage;N/A;N/A;25.03.2025;Vorgesehen;Hartkapsel, retardiert;verskri (auch versrel)
18105432;7005613;LE2026002833;LE2025001022;Änderungsmeldung;15.02.2025;30.09.2026;29.07.2026;Sonstige;Tacrolimus AL 1 mg Hartkapseln, retardiert;L04AD02;Tacrolimus-Monohydrat;nein;ALIUD PHARMA GmbH;0733396510;info@aliud.de;Erhöhte Nachfrage;N/A;N/A;25.03.2025;Vorgesehen;Hartkapsel, retardiert;verskri (auch versrel)
18110410;7005613;LE2026002833;LE2025001022;Änderungsmeldung;15.02.2025;30.09.2026;29.07.2026;Sonstige;Tacrolimus AL 1 mg Hartkapseln, retardiert;L04AD02;Tacrolimus-Monohydrat;nein;ALIUD PHARMA GmbH;0733396510;info@aliud.de;Erhöhte Nachfrage;N/A;N/A;25.03.2025;Vorgesehen;Hartkapsel, retardiert;verskri (auch versrel)
18105389;7005612;LE2026002832;LE2025001021;Änderungsmeldung;15.02.2025;30.09.2026;29.07.2026;Sonstige;Tacrolimus AL 0,5 mg Hartkapseln, retardiert;L04AD02;Tacrolimus-Monohydrat;nein;ALIUD PHARMA GmbH;0733396510;info@aliud.de;Erhöhte Nachfrage;N/A;N/A;25.03.2025;Vorgesehen;Hartkapsel, retardiert;weder versrel noch verskri
18110404;7005612;LE2026002832;LE2025001021;Änderungsmeldung;15.02.2025;30.09.2026;29.07.2026;Sonstige;Tacrolimus AL 0,5 mg Hartkapseln, retardiert;L04AD02;Tacrolimus-Monohydrat;nein;ALIUD PHARMA GmbH;0733396510;info@aliud.de;Erhöhte Nachfrage;N/A;N/A;25.03.2025;Vorgesehen;Hartkapsel, retardiert;weder versrel noch verskri
18105455;7005614;LE2026002831;LE2025001023;Änderungsmeldung;15.02.2025;30.09.2026;29.07.2026;Sonstige;Tacrolimus AL 3 mg Hartkapseln, retardiert;L04AD02;Tacrolimus-Monohydrat;nein;ALIUD PHARMA GmbH;0733396510;info@aliud.de;Erhöhte Nachfrage;N/A;N/A;25.03.2025;Vorgesehen;Hartkapsel, retardiert;verskri (auch versrel)
18110479;7005614;LE2026002831;LE2025001023;Änderungsmeldung;15.02.2025;30.09.2026;29.07.2026;Sonstige;Tacrolimus AL 3 mg Hartkapseln, retardiert;L04AD02;Tacrolimus-Monohydrat;nein;ALIUD PHARMA GmbH;0733396510;info@aliud.de;Erhöhte Nachfrage;N/A;N/A;25.03.2025;Vorgesehen;Hartkapsel, retardiert;verskri (auch versrel)
03083245;2105961;LE2026002812;N/A;Erstmeldung;28.07.2026;31.10.2026;28.07.2026;Produktionsproblem;Dexa-Gentamicin;S01CA01;"Dexamethasondihydrogenphosphat-Dinatrium (Ph.Eur.); Gentamicinsulfat";nein;URSAPHARM Arzneimittel GmbH;068059292188;christine.funk@ursapharm.de;Probleme bei der Endfreigabe;N/A;N/A;28.07.2026;Vorgesehen;Augentropfen;weder versrel noch verskri
16146527;2202474;LE2026002808;N/A;Erstmeldung;20.07.2026;02.10.2026;28.07.2026;Produktionsproblem;Propranolol PUREN 40 mg Filmtabletten;C07AA05;Propranololhydrochlorid;ja;PUREN Pharma GmbH & Co. KG;N/A;ATsiboukis@puren-pharma.de;Probleme in der Herstellung;Ressourcenengpass bei der Produktion;N/A;28.07.2026;Vorgesehen;Filmtablette;weder versrel noch verskri
16146533;2202474;LE2026002808;N/A;Erstmeldung;20.07.2026;02.10.2026;28.07.2026;Produktionsproblem;Propranolol PUREN 40 mg Filmtabletten;C07AA05;Propranololhydrochlorid;ja;PUREN Pharma GmbH & Co. KG;N/A;ATsiboukis@puren-pharma.de;Probleme in der Herstellung;Ressourcenengpass bei der Produktion;N/A;28.07.2026;Vorgesehen;Filmtablette;weder versrel noch verskri
16146504;2202473;LE2026002807;N/A;Erstmeldung;20.07.2026;05.10.2026;28.07.2026;Produktionsproblem;Propranolol PUREN 10 mg Filmtabletten;C07AA05;Propranololhydrochlorid;ja;PUREN Pharma GmbH & Co. KG;N/A;ATsiboukis@puren-pharma.de;Probleme in der Herstellung;Produktionsslotengpass;N/A;28.07.2026;Vorgesehen;Filmtablette;weder versrel noch verskri
16146510;2202473;LE2026002807;N/A;Erstmeldung;20.07.2026;05.10.2026;28.07.2026;Produktionsproblem;Propranolol PUREN 10 mg Filmtabletten;C07AA05;Propranololhydrochlorid;ja;PUREN Pharma GmbH & Co. KG;N/A;ATsiboukis@puren-pharma.de;Probleme in der Herstellung;Produktionsslotengpass;N/A;28.07.2026;Vorgesehen;Filmtablette;weder versrel noch verskri
11176096;2196055;LE2026002806;N/A;Erstmeldung;20.07.2026;28.09.2026;28.07.2026;Sonstige;Pregabalin PUREN 75 mg Hartkapseln;N02BF02;Pregabalin;ja;PUREN Pharma GmbH & Co. KG;N/A;ATsiboukis@puren-pharma.de;Erhöhte Nachfrage;erhöhte Nachfrage am Markt;Pregabalin PUREN 75 mg Hartkapseln - Einreichungsnummer: 2196055;28.07.2026;Vorgesehen;Hartkapsel;versrel
09779835;2185034;LE2026002805;N/A;Erstmeldung;20.07.2026;30.09.2026;28.07.2026;Produktionsproblem;Pramipexol Aurobindo 0,18 mg Tabletten;N04BC05;Pramipexoldihydrochlorid-Monohydrat;ja;PUREN Pharma GmbH & Co. KG;N/A;ATsiboukis@puren-pharma.de;Probleme in der Herstellung;Ressourcenengpass bei der Produktion;Pramipexol Aurobindo 0,18 mg Tabletten - Einreichungsnummer: 2185034;28.07.2026;Vorgesehen;Tablette;versrel
15237133;2199558;LE2026002804;N/A;Erstmeldung;20.07.2026;05.10.2026;28.07.2026;Produktionsproblem;Loperamid PUREN 2 mg Hartkapseln;A07DA03;Loperamidhydrochlorid;ja;PUREN Pharma GmbH & Co. KG;N/A;ATsiboukis@puren-pharma.de;Probleme in der Herstellung;Ressourcenengpass;Loperamid PUREN 2 mg Hartkapseln - Einreichungsnummer: 2199558;28.07.2026;Vorgesehen;Hartkapsel;versrel
17203492;2199557;LE2026002803;N/A;Erstmeldung;21.07.2026;05.10.2026;28.07.2026;Produktionsproblem;Loperamid PUREN akut 2 mg Hartkapseln;A07DA03;Loperamidhydrochlorid;ja;PUREN Pharma GmbH & Co. KG;N/A;ATsiboukis@puren-pharma.de;Probleme in der Herstellung;Ressourcenengpass bei der PRoduktion;N/A;28.07.2026;Vorgesehen;Hartkapsel;versrel
14295565;2201937;LE2026002799;LE2025000471;Änderungsmeldung;10.02.2025;30.12.2026;27.07.2026;Produktionsproblem;Aprepitant beta 80 mg Hartkapseln;A04AD12;Aprepitant;nein;betapharm Arzneimittel GmbH;N/A;ulrich.wieland@drreddys.com;Probleme in der Herstellung;N/A;Aprepitant beta 80 mg Hartkapseln - Einreichungsnummer: 2201937;10.02.2025;Vorgesehen;Hartkapsel;versrel
04787830;7007293;LE2026002798;LE2025000262;Änderungsmeldung;24.01.2025;30.09.2026;27.07.2026;Produktionsproblem;Quetiapin beta 150 mg Retardtabletten;N05AH04;Quetiapinfumarat (Ph.Eur.);nein;betapharm Arzneimittel GmbH;N/A;ulrich.wieland@drreddys.com;Probleme in der Herstellung;N/A;N/A;24.01.2025;Vorgesehen;Retardtablette;weder versrel noch verskri
04787847;7007293;LE2026002798;LE2025000262;Änderungsmeldung;24.01.2025;30.09.2026;27.07.2026;Produktionsproblem;Quetiapin beta 150 mg Retardtabletten;N05AH04;Quetiapinfumarat (Ph.Eur.);nein;betapharm Arzneimittel GmbH;N/A;ulrich.wieland@drreddys.com;Probleme in der Herstellung;N/A;N/A;24.01.2025;Vorgesehen;Retardtablette;weder versrel noch verskri
13700118;7007294;LE2026002797;LE2025000263;Änderungsmeldung;24.01.2025;30.09.2026;27.07.2026;Produktionsproblem;Quetiapin beta 200 mg Retardtabletten;N05AH04;Quetiapinfumarat (Ph.Eur.);nein;betapharm Arzneimittel GmbH;N/A;ulrich.wieland@drreddys.com;Probleme in der Herstellung;N/A;Quetiapin beta 200 mg Retardtabletten - Einreichungsnummer: 7007294;24.01.2025;Vorgesehen;Retardtablette;weder versrel noch verskri
13700130;7007294;LE2026002797;LE2025000263;Änderungsmeldung;24.01.2025;30.09.2026;27.07.2026;Produktionsproblem;Quetiapin beta 200 mg Retardtabletten;N05AH04;Quetiapinfumarat (Ph.Eur.);nein;betapharm Arzneimittel GmbH;N/A;ulrich.wieland@drreddys.com;Probleme in der Herstellung;N/A;Quetiapin beta 200 mg Retardtabletten - Einreichungsnummer: 7007294;24.01.2025;Vorgesehen;Retardtablette;weder versrel noch verskri
13700182;7007295;LE2026002796;LE2025000266;Änderungsmeldung;24.01.2025;30.09.2026;27.07.2026;Produktionsproblem;Quetiapin beta 300 mg Retardtabletten;N05AH04;Quetiapinfumarat (Ph.Eur.);nein;betapharm Arzneimittel GmbH;N/A;ulrich.wieland@drreddys.com;Probleme in der Herstellung;N/A;Quetiapin beta 300 mg Retardtabletten - Einreichungsnummer: 7007295;24.01.2025;Vorgesehen;Retardtablette;weder versrel noch verskri
13700199;7007295;LE2026002796;LE2025000266;Änderungsmeldung;24.01.2025;30.09.2026;27.07.2026;Produktionsproblem;Quetiapin beta 300 mg Retardtabletten;N05AH04;Quetiapinfumarat (Ph.Eur.);nein;betapharm Arzneimittel GmbH;N/A;ulrich.wieland@drreddys.com;Probleme in der Herstellung;N/A;Quetiapin beta 300 mg Retardtabletten - Einreichungsnummer: 7007295;24.01.2025;Vorgesehen;Retardtablette;weder versrel noch verskri
01192674;0002329;LE2026002794;LE2025002963;Änderungsmeldung;19.08.2025;30.09.2026;27.07.2026;Produktionsproblem;Phenhydan Injektionslösung;N03AB02;Phenytoin-Natrium;ja;Desitin Arzneimittel GmbH;N/A;info@desitin.de;Probleme in der Herstellung;n.a;N/A;19.08.2025;Vorgesehen;Injektionslösung;verskri (auch versrel)
16789490;2204857;LE2026002788;LE2026002681;Änderungsmeldung;13.07.2026;30.11.2026;27.07.2026;Sonstige;Idarubicin Hikma 1 mg/ml Injektionslösung;L01DB06;Idarubicinhydrochlorid;ja;Hikma Pharma GmbH;N/A;rluetzner@hikma.com;Sonstige;Erhöhte Nachfrage;Idarubicin Hikma 1 mg/ml Injektionslösung - Einreichungsnummer: 2204857;20.07.2026;Vorgesehen;Injektionslösung;verskri (auch versrel)
00679049;0813051;LE2026002777;N/A;Erstmeldung;10.08.2026;31.01.2027;24.07.2026;Sonstige;D3-Vicotrat;A11CC05;Colecalciferol;nein;H e y l Chemisch-pharmazeutische Fabrik GmbH & Co. KG;+4930816960;info@heylgroup.com;Probleme beim Sonstigen Hersteller;N/A;N/A;24.07.2026;Nein;Injektionslösung;versrel
01084648;0309602;LE2026002771;LE2026001671;Änderungsmeldung;15.05.2026;30.10.2026;24.07.2026;Produktionsproblem;Miochol-E Pulver und Lösungsmittel zur Herstellung einer Instillationslösung zur intraokularen Anwendung;S01EB09;Acetylcholinchlorid;nein;Dr. Gerhard Mann chem.-pharm. Fabrik Gesellschaft mit beschränkter Haftung;+49 30 330 93 - 0;pharma.kundenservice@bausch.com;Probleme in der Herstellung;N/A;N/A;04.05.2026;Vorgesehen;Pulver zur Herstellung einer Instillationslösung zur intraokularen Anwendung,Lösungsmittel;verskri (auch versrel)
10298928;0003808;LE2026002764;N/A;Erstmeldung;01.08.2026;31.10.2026;23.07.2026;Produktionsproblem;NIPRUSS;C02DD01;Dinatrium-pentacyanonitrosylferrat(2-);nein;ALTAMEDICS GmbH;N/A;nora.nguyen@altamedics.de;Herstellerwechsel;Die derzeit genehmigten Hersteller von Wirkstoff und Fertigarzneimittel haben die Herstellung eingestellt. Produkte aus der neuen Herstellung liegen bereit und können sofort auf den Markt gebracht werden, sobald die regulatorischen Verfahren genehmigt werden.;Nitroprussid-Natrium AFTPharm 50 mg/2ml Infusionslösung - Einreichungsnummer: 7007887;23.07.2026;Vorgesehen;Lyophilisat zur Herstellung einer Infusionslösung;verskri (auch versrel)
16937996;2204969;LE2026002763;LE2026000847;Änderungsmeldung;05.01.2026;31.12.2026;23.07.2026;Produktionsproblem;Carmustin-ratiopharm;L01AD01;Carmustin;ja;ratiopharm GmbH;N/A;rui.araujo@ratiopharm.de;Probleme in der Herstellung;N/A;N/A;04.03.2026;Vorgesehen;Pulver zur Herstellung einer Infusionslösung,Lösungsmittel;versrel
14287910;2200296;LE2026002762;LE2026002143;Änderungsmeldung;05.06.2026;31.12.2026;23.07.2026;Produktionsproblem;Melphalan-ratiopharm 50 mg Pulver und Lösungsmittel zur Herstellung einer Injektions- bzw. Infusionslösung;L01AA03;Melphalanhydrochlorid;ja;ratiopharm GmbH;0731-4027657;rui.araujo@ratiopharm.de;Probleme in der Herstellung;N/A;N/A;12.06.2026;Vorgesehen;Pulver zur Herstellung einer Injektions- /Infusionslösung,Lösungsmittel;verskri (auch versrel)
05869984;2180430;LE2026002725;N/A;Erstmeldung;01.05.2027;31.12.2027;21.07.2026;Produktionsproblem;Brevibloc 10 mg/ml Infusionslösung;C07AB09;Esmololhydrochlorid;ja;Baxter Deutschland GmbH;06781249503;tausif_khan@baxter.com;Probleme in der Herstellung;Deutschland ist derzeit weiterhin nicht betroffen, die Versorgung ist bei gleichbleibender Nachfrage bis 2027 gesichert.Die Zentrale prüft aber schon jetzt alternative Versorgungslösungen, wie zum Beispiel den Import von US-Ware. Daher erfolgte bereits jetzt die EMA-Meldung.Wir halten sie auf Laufenden.;N/A;21.07.2026;Vorgesehen;Infusionslösung;weder versrel noch verskri
17440708;2178671;LE2026002724;N/A;Erstmeldung;20.07.2026;30.11.2026;21.07.2026;Produktionsproblem;Pantoprazol Denk 20 mg magensaftresistente Tabletten;A02BC02;Pantoprazol-Natrium-Sesquihydrat;nein;Denk Pharma GmbH & Co. KG;089 230029205;theresa.arlt@denkpharma.de;Probleme in der Herstellung;N/A;N/A;21.07.2026;Vorgesehen;magensaftresistente Tablette;versrel
10824877;2178672;LE2026002723;LE2026000658;Änderungsmeldung;17.02.2026;30.11.2026;21.07.2026;Produktionsproblem;Pantoprazol Denk 40 mg magensaftresistente Tabletten;A02BC02;Pantoprazol-Natrium-Sesquihydrat;nein;Denk Pharma GmbH & Co. KG;N/A;theresa.arlt@denkpharma.de;Sonstige;N/A;N/A;19.02.2026;Vorgesehen;magensaftresistente Tablette;versrel
12443205;2178672;LE2026002723;LE2026000658;Änderungsmeldung;17.02.2026;30.11.2026;21.07.2026;Produktionsproblem;Pantoprazol Denk 40 mg magensaftresistente Tabletten;A02BC02;Pantoprazol-Natrium-Sesquihydrat;nein;Denk Pharma GmbH & Co. KG;N/A;theresa.arlt@denkpharma.de;Sonstige;N/A;N/A;19.02.2026;Vorgesehen;magensaftresistente Tablette;versrel
16890177;2178672;LE2026002723;LE2026000658;Änderungsmeldung;17.02.2026;30.11.2026;21.07.2026;Produktionsproblem;Pantoprazol Denk 40 mg magensaftresistente Tabletten;A02BC02;Pantoprazol-Natrium-Sesquihydrat;nein;Denk Pharma GmbH & Co. KG;N/A;theresa.arlt@denkpharma.de;Sonstige;N/A;N/A;19.02.2026;Vorgesehen;magensaftresistente Tablette;versrel
01693991;0085717;LE2026002718;LE2025001052;Änderungsmeldung;31.03.2025;30.06.2027;20.07.2026;Sonstige;Urbason solubile forte 1000 mg;H02AB04;Natrium(methylprednisolon-21-succinat);ja;FIDIA FARMACEUTICI SPA;N/A;regulatory@fidiapharma.it;Erhöhte Nachfrage;We have an increase of sales due to shortage of competitor;Urbason solubile forte 1000 mg - Einreichungsnummer: 0085717;28.03.2025;Nein;Pulver zur Herstellung einer Injektions- bzw. Infusionslösung,Lösungsmittel;weder versrel noch verskri
04807745;0085717;LE2026002718;LE2025001052;Änderungsmeldung;31.03.2025;30.06.2027;20.07.2026;Sonstige;Urbason solubile forte 1000 mg;H02AB04;Natrium(methylprednisolon-21-succinat);ja;FIDIA FARMACEUTICI SPA;N/A;regulatory@fidiapharma.it;Erhöhte Nachfrage;We have an increase of sales due to shortage of competitor;Urbason solubile forte 1000 mg - Einreichungsnummer: 0085717;28.03.2025;Nein;Pulver zur Herstellung einer Injektions- bzw. Infusionslösung,Lösungsmittel;weder versrel noch verskri
06430701;2708791;LE2026002707;N/A;Erstmeldung;30.06.2026;31.10.2026;20.07.2026;Produktionsproblem;Actos 15 mg Tabletten - OP112;A10BG03;Pioglitazonhydrochlorid;nein;Cheplapharm Arzneimittel GmbH;03834 451 0;ra-pioglitazone@cheplapharm.com;Herstellerwechsel;N/A;N/A;20.07.2026;Nein;Tablette;weder versrel noch verskri
16031617;2202518;LE2026002706;LE2025002900;Änderungsmeldung;14.07.2025;30.12.2026;20.07.2026;Produktionsproblem;Quetiapin Glenmark 300 mg Retardtabletten;N05AH04;Quetiapinfumarat (Ph.Eur.);nein;Glenmark Arzneimittel GmbH;N/A;Service.De@glenmarkpharma.com;Probleme in der Herstellung;N/A;N/A;12.08.2025;Nein;Retardtablette;weder versrel noch verskri
16031646;2202518;LE2026002706;LE2025002900;Änderungsmeldung;14.07.2025;30.12.2026;20.07.2026;Produktionsproblem;Quetiapin Glenmark 300 mg Retardtabletten;N05AH04;Quetiapinfumarat (Ph.Eur.);nein;Glenmark Arzneimittel GmbH;N/A;Service.De@glenmarkpharma.com;Probleme in der Herstellung;N/A;N/A;12.08.2025;Nein;Retardtablette;weder versrel noch verskri
16031505;2202516;LE2026002704;LE2025002334;Änderungsmeldung;02.06.2025;30.12.2026;20.07.2026;Produktionsproblem;Quetiapin Glenmark 150 mg Retardtabletten;N05AH04;Quetiapinfumarat (Ph.Eur.);nein;Glenmark Arzneimittel GmbH;N/A;Service.De@glenmarkpharma.com;Probleme in der Herstellung;N/A;N/A;03.07.2025;Nein;Retardtablette;weder versrel noch verskri
16031511;2202516;LE2026002704;LE2025002334;Änderungsmeldung;02.06.2025;30.12.2026;20.07.2026;Produktionsproblem;Quetiapin Glenmark 150 mg Retardtabletten;N05AH04;Quetiapinfumarat (Ph.Eur.);nein;Glenmark Arzneimittel GmbH;N/A;Service.De@glenmarkpharma.com;Probleme in der Herstellung;N/A;N/A;03.07.2025;Nein;Retardtablette;weder versrel noch verskri
16031468;2202515;LE2026002703;LE2026000298;Änderungsmeldung;08.12.2025;30.12.2026;20.07.2026;Produktionsproblem;Quetiapin Glenmark 50 mg Retardtabletten;N05AH04;Quetiapinfumarat (Ph.Eur.);nein;Glenmark Arzneimittel GmbH;N/A;Service.De@glenmarkpharma.com;Probleme in der Herstellung;N/A;N/A;26.01.2026;Nein;Retardtablette;weder versrel noch verskri
16031474;2202515;LE2026002703;LE2026000298;Änderungsmeldung;08.12.2025;30.12.2026;20.07.2026;Produktionsproblem;Quetiapin Glenmark 50 mg Retardtabletten;N05AH04;Quetiapinfumarat (Ph.Eur.);nein;Glenmark Arzneimittel GmbH;N/A;Service.De@glenmarkpharma.com;Probleme in der Herstellung;N/A;N/A;26.01.2026;Nein;Retardtablette;weder versrel noch verskri
16031480;2202515;LE2026002703;LE2026000298;Änderungsmeldung;08.12.2025;30.12.2026;20.07.2026;Produktionsproblem;Quetiapin Glenmark 50 mg Retardtabletten;N05AH04;Quetiapinfumarat (Ph.Eur.);nein;Glenmark Arzneimittel GmbH;N/A;Service.De@glenmarkpharma.com;Probleme in der Herstellung;N/A;N/A;26.01.2026;Nein;Retardtablette;weder versrel noch verskri
00294444;2173086;LE2026002676;LE2026002226;Änderungsmeldung;18.06.2026;30.09.2026;20.07.2026;Produktionsproblem;Targin 5 mg/2,5 mg Retardtabletten;N02AA55;"Naloxonhydrochlorid-Dihydrat; Oxycodonhydrochlorid (Ph.Eur.)";ja;Mundipharma Gesellschaft mit beschränkter Haftung - Geschäftsanschrift -;+4369913139767;lydia.morawetz.external@mundipharma-rd.eu;Probleme in der Herstellung;N/A;N/A;18.06.2026;Nein;Retardtablette;weder versrel noch verskri
08468116;2174284;LE2026002657;N/A;Erstmeldung;17.07.2026;31.12.2026;16.07.2026;Produktionsproblem;OLANZAPIN BASICS 5 mg Tabletten;N05AH03;Olanzapin;nein;Basics GmbH;N/A;dominik.lucke@sunpharma.com;Sonstige;N/A;N/A;16.07.2026;Nein;Tablette;weder versrel noch verskri
09482940;2183808;LE2026002656;N/A;Erstmeldung;14.07.2026;31.12.2026;16.07.2026;Produktionsproblem;LEVETIRACETAM BASICS 500 mg Filmtabletten;N03AX14;Levetiracetam;nein;Basics GmbH;N/A;dominik.lucke@sunpharma.com;Sonstige;N/A;N/A;16.07.2026;Nein;Filmtablette;versrel
11297316;2196305;LE2026002636;LE2026001722;Änderungsmeldung;28.04.2026;07.09.2026;16.07.2026;Produktionsproblem;Atorvastatin PUREN 20 mg Filmtabletten;C10AA05;Atorvastatin-Calcium-Trihydrat (Ph.Eur.);ja;PUREN Pharma GmbH & Co. KG;N/A;ATsiboukis@puren-pharma.de;Probleme in der Herstellung;Ressourcenengpass bei der Produktion;Atorvastatin PUREN 20 mg Filmtabletten - Einreichungsnummer: 2196305;05.05.2026;Vorgesehen;Filmtablette;versrel
16702520;2202004;LE2026002635;N/A;Erstmeldung;06.07.2026;28.09.2026;16.07.2026;Produktionsproblem;Urapidil PUREN 30 mg Retardkapseln;C02CA06;Urapidil;ja;PUREN Pharma GmbH & Co. KG;N/A;ATsiboukis@puren-pharma.de;Probleme in der Herstellung;Ressourcenengpass bei der Produktion;N/A;16.07.2026;Vorgesehen;Hartkapsel, retardiert;versrel
16702572;2202355;LE2026002633;LE2026000621;Änderungsmeldung;09.02.2026;14.09.2026;16.07.2026;Produktionsproblem;Urapidil PUREN 90 mg Retardkapseln;C02CA06;Urapidil;ja;PUREN Pharma GmbH & Co. KG;N/A;ATsiboukis@puren-pharma.de;Probleme in der Herstellung;Kapazitätsprobleme bei der Produktion;N/A;17.02.2026;Vorgesehen;Hartkapsel, retardiert;versrel
01467007;0375757;LE2026002627;LE2026002413;Änderungsmeldung;30.06.2026;10.11.2026;15.07.2026;Produktionsproblem;Fluorescein Alcon 10%;S01JA01;Fluorescein-Natrium (Ph.Eur.);nein;Alcon Deutschland GmbH;07611304481;leonie.kraemer@alcon.com;Probleme in der Herstellung;N/A;N/A;01.07.2026;Nein;Injektionslösung;verskri (auch versrel)
00000000;2122572;LE2026002624;N/A;Erstmeldung;03.08.2026;31.03.2027;14.07.2026;Sonstige;Dilzem 90mg retard;C08DB01;Diltiazemhydrochlorid;nein;Pfizer Pharma GmbH;+49 (0) 30 550055-51000;medical.information@pfizer.com;Erhöhte Nachfrage;N/A;N/A;14.07.2026;Nein;Retardtablette;weder versrel noch verskri
02751383;2122572;LE2026002624;N/A;Erstmeldung;03.08.2026;31.03.2027;14.07.2026;Sonstige;Dilzem 90mg retard;C08DB01;Diltiazemhydrochlorid;nein;Pfizer Pharma GmbH;+49 (0) 30 550055-51000;medical.information@pfizer.com;Erhöhte Nachfrage;N/A;N/A;14.07.2026;Nein;Retardtablette;weder versrel noch verskri
12361714;2197035;LE2026002617;N/A;Erstmeldung;01.07.2026;03.11.2026;14.07.2026;Produktionsproblem;Etoricoxib PUREN 90 mg Filmtabletten;M01AH05;Etoricoxib;ja;PUREN Pharma GmbH & Co. KG;N/A;ATsiboukis@puren-pharma.de;Probleme in der Herstellung;API Probelme bei der Produktion;N/A;14.07.2026;Vorgesehen;Filmtablette;versrel
12361720;2197035;LE2026002617;N/A;Erstmeldung;01.07.2026;03.11.2026;14.07.2026;Produktionsproblem;Etoricoxib PUREN 90 mg Filmtabletten;M01AH05;Etoricoxib;ja;PUREN Pharma GmbH & Co. KG;N/A;ATsiboukis@puren-pharma.de;Probleme in der Herstellung;API Probelme bei der Produktion;N/A;14.07.2026;Vorgesehen;Filmtablette;versrel
12361737;2197035;LE2026002617;N/A;Erstmeldung;01.07.2026;03.11.2026;14.07.2026;Produktionsproblem;Etoricoxib PUREN 90 mg Filmtabletten;M01AH05;Etoricoxib;ja;PUREN Pharma GmbH & Co. KG;N/A;ATsiboukis@puren-pharma.de;Probleme in der Herstellung;API Probelme bei der Produktion;N/A;14.07.2026;Vorgesehen;Filmtablette;versrel
12361795;2197036;LE2026002616;N/A;Erstmeldung;01.07.2026;02.11.2026;14.07.2026;Produktionsproblem;Etoricoxib PUREN 120 mg Filmtabletten;M01AH05;Etoricoxib;ja;PUREN Pharma GmbH & Co. KG;N/A;ATsiboukis@puren-pharma.de;Probleme in der Herstellung;API Probleme bei der Produktion;Etoricoxib PUREN 120 mg Filmtabletten - Einreichungsnummer: 2197036;14.07.2026;Vorgesehen;Filmtablette;versrel
12361677;2197034;LE2026002605;N/A;Erstmeldung;07.07.2026;02.11.2026;14.07.2026;Produktionsproblem;Etoricoxib PUREN 60 mg Filmtabletten;M01AH05;Etoricoxib;ja;PUREN Pharma GmbH & Co. KG;N/A;ATsiboukis@puren-pharma.de;Probleme in der Herstellung;API Probleme bei der Produktion;Etoricoxib PUREN 60 mg Filmtabletten - Einreichungsnummer: 2197034;14.07.2026;Vorgesehen;Filmtablette;versrel
12361648;2197033;LE2026002604;N/A;Erstmeldung;07.07.2026;03.11.2026;14.07.2026;Produktionsproblem;Etoricoxib PUREN 30 mg Filmtabletten;M01AH05;Etoricoxib;ja;PUREN Pharma GmbH & Co. KG;N/A;ATsiboukis@puren-pharma.de;Probleme in der Herstellung;API Probleme bei der Produktion;N/A;14.07.2026;Vorgesehen;Filmtablette;versrel
05454355;2168271;LE2026002603;N/A;Erstmeldung;06.07.2026;30.10.2026;14.07.2026;Produktionsproblem;Sumatriptan Aurobindo 100 mg Tabletten;N02CC01;Sumatriptansuccinat;ja;PUREN Pharma GmbH & Co. KG;N/A;ATsiboukis@puren-pharma.de;Probleme in der Herstellung;Ressourcenengpass bei der Produktion;Sumatriptan Aurobindo 100 mg Tabletten - Einreichungsnummer: 2168271;14.07.2026;Vorgesehen;Tablette;versrel
10113194;2187324;LE2026002602;N/A;Erstmeldung;06.07.2026;30.10.2026;14.07.2026;Sonstige;Escitalopram Aurobindo 10 mg Filmtabletten;N06AB10;Escitalopramoxalat;ja;PUREN Pharma GmbH & Co. KG;N/A;ATsiboukis@puren-pharma.de;Erhöhte Nachfrage;erhöhte Nachfrage am Markt;Escitalopram Aurobindo 10 mg Filmtabletten - Einreichungsnummer: 2187324;14.07.2026;Vorgesehen;Filmtablette;versrel
16020631;2204119;LE2026002599;LE2025002484;Änderungsmeldung;16.07.2025;15.11.2026;14.07.2026;Sonstige;Perindopril/Amlodipin Denk 4 mg/10 mg Tabletten;C09BB04;"Amlodipinbesilat; Perindopril-tert-butylamin";nein;Denk Pharma GmbH & Co. KG;089230029205;theresa.arlt@denkpharma.de;Erhöhte Nachfrage;N/A;N/A;16.07.2025;Vorgesehen;Tablette;weder versrel noch verskri
01433706;2122679;LE2026002595;N/A;Erstmeldung;08.07.2026;18.10.2026;14.07.2026;Sonstige;Volon A 10 - 5ml;H02AB08;Triamcinolonacetonid;nein;Dermapharm Aktiengesellschaft;089641860;service@dermapharm.de;Erhöhte Nachfrage;N/A;N/A;14.07.2026;Nein;Kristallsuspension;versrel
09276117;2183333;LE2026002592;N/A;Erstmeldung;06.07.2026;18.09.2026;13.07.2026;Sonstige;Levetiracetam HEXAL 100 mg/ml Konzentrat zur Herstellung einer Infusionslösung;N03AX14;Levetiracetam;nein;H e x a l  Aktiengesellschaft;N/A;service@hexal.com;Sonstige;N/A;N/A;13.07.2026;Vorgesehen;Konzentrat zur Herstellung einer Infusionslösung;versrel
03634314;2109768;LE2026002590;N/A;Erstmeldung;10.06.2026;01.10.2026;13.07.2026;Sonstige;Amineurin 10;N06AA09;Amitriptylinhydrochlorid;nein;H e x a l  Aktiengesellschaft;N/A;service@hexal.com;Sonstige;PZN 3634337 soll zum 27.07.2026 verfügbar sein;N/A;13.07.2026;Vorgesehen;Filmtablette;versrel
03634320;2109768;LE2026002590;N/A;Erstmeldung;10.06.2026;01.10.2026;13.07.2026;Sonstige;Amineurin 10;N06AA09;Amitriptylinhydrochlorid;nein;H e x a l  Aktiengesellschaft;N/A;service@hexal.com;Sonstige;PZN 3634337 soll zum 27.07.2026 verfügbar sein;N/A;13.07.2026;Vorgesehen;Filmtablette;versrel
03634337;2109768;LE2026002590;N/A;Erstmeldung;10.06.2026;01.10.2026;13.07.2026;Sonstige;Amineurin 10;N06AA09;Amitriptylinhydrochlorid;nein;H e x a l  Aktiengesellschaft;N/A;service@hexal.com;Sonstige;PZN 3634337 soll zum 27.07.2026 verfügbar sein;N/A;13.07.2026;Vorgesehen;Filmtablette;versrel
08828187;2182615;LE2026002589;LE2026002430;Änderungsmeldung;19.05.2026;19.02.2027;13.07.2026;Sonstige;Idarubicin HEXAL 1 mg/ml Konzentrat zur Herstellung einer Infusionslösung;L01DB06;Idarubicinhydrochlorid;nein;H e x a l  Aktiengesellschaft;N/A;service@hexal.com;Sonstige;N/A;Idarubicin HEXAL 1 mg/ml Konzentrat zur Herstellung einer Infusionslösung - Einreichungsnummer: 2182615;02.07.2026;Vorgesehen;Konzentrat zur Herstellung einer Infusionslösung;verskri (auch versrel)
01276891;2150745;LE2026002588;LE2026000918;Änderungsmeldung;12.02.2026;18.11.2026;13.07.2026;Sonstige;Dexahexal 4 mg;H02AB02;Dexamethasondihydrogenphosphat-Dinatrium (Ph.Eur.);nein;H e x a l  Aktiengesellschaft;N/A;service@hexal.com;Sonstige;N/A;Dexahexal 4 mg - Einreichungsnummer: 2150745;09.03.2026;Vorgesehen;Injektionslösung;verskri (auch versrel)
02426625;2146827;LE2026002584;LE2026001152;Änderungsmeldung;19.02.2026;31.10.2026;13.07.2026;Sonstige;BisoHEXAL plus 5/12,5;C07BB07;"Bisoprololfumarat (Ph.Eur.); Hydrochlorothiazid";nein;H e x a l  Aktiengesellschaft;N/A;service@hexal.com;Erhöhte Nachfrage;N/A;BisoHEXAL plus 5/12,5 - Einreichungsnummer: 2146827;24.03.2026;Nein;Filmtablette;weder versrel noch verskri
03913089;2114047;LE2026002577;LE2026002476;Änderungsmeldung;04.07.2026;25.09.2026;13.07.2026;Sonstige;MetoHEXAL 200 mg retard;C07AB02;Metoprololtartrat (Ph.Eur.);nein;H e x a l  Aktiengesellschaft;N/A;service@hexal.com;Erhöhte Nachfrage;PZN 6183059 voraussichtlich Ende Sep verfügbar;MetoHEXAL 200 mg retard - Einreichungsnummer: 2114047;06.07.2026;Vorgesehen;Retardtablette;weder versrel noch verskri
06183059;2114047;LE2026002577;LE2026002476;Änderungsmeldung;04.07.2026;25.09.2026;13.07.2026;Sonstige;MetoHEXAL 200 mg retard;C07AB02;Metoprololtartrat (Ph.Eur.);nein;H e x a l  Aktiengesellschaft;N/A;service@hexal.com;Erhöhte Nachfrage;PZN 6183059 voraussichtlich Ende Sep verfügbar;MetoHEXAL 200 mg retard - Einreichungsnummer: 2114047;06.07.2026;Vorgesehen;Retardtablette;weder versrel noch verskri
13588087;2190750;LE2026002574;LE2025001295;Änderungsmeldung;03.03.2025;30.09.2026;13.07.2026;Sonstige;Pramipexol - 1 A Pharma 0,26 mg Retardtabletten;N04BC05;Pramipexoldihydrochlorid-Monohydrat;nein;1 A Pharma GmbH;N/A;info@1apharma.com;Sonstige;N/A;Pramipexol - 1 A Pharma 0,26 mg Retardtabletten - Einreichungsnummer: 2190750;11.04.2025;Vorgesehen;Retardtablette;versrel
09318413;2178617;LE2026002573;LE2025003076;Änderungsmeldung;09.05.2025;30.09.2026;13.07.2026;Sonstige;Oxcarbazepin - 1 A Pharma 60 mg/ml Suspension zum Einnehmen;N03AF02;Oxcarbazepin;nein;1 A Pharma GmbH;N/A;info@1apharma.com;Sonstige;N/A;N/A;28.08.2025;Nein;Suspension zum Einnehmen;versrel
01620437;2146826;LE2026002571;LE2026001150;Änderungsmeldung;05.03.2026;15.09.2026;13.07.2026;Sonstige;Bisoprolol plus 5/12,5 - 1 A Pharma;C07BB07;"Bisoprololfumarat (Ph.Eur.); Hydrochlorothiazid";nein;1 A Pharma GmbH;N/A;info@1apharma.com;Erhöhte Nachfrage;N/A;N/A;24.03.2026;Nein;Filmtablette;weder versrel noch verskri
01620443;2146826;LE2026002571;LE2026001150;Änderungsmeldung;05.03.2026;15.09.2026;13.07.2026;Sonstige;Bisoprolol plus 5/12,5 - 1 A Pharma;C07BB07;"Bisoprololfumarat (Ph.Eur.); Hydrochlorothiazid";nein;1 A Pharma GmbH;N/A;info@1apharma.com;Erhöhte Nachfrage;N/A;N/A;24.03.2026;Nein;Filmtablette;weder versrel noch verskri
01622873;2146826;LE2026002571;LE2026001150;Änderungsmeldung;05.03.2026;15.09.2026;13.07.2026;Sonstige;Bisoprolol plus 5/12,5 - 1 A Pharma;C07BB07;"Bisoprololfumarat (Ph.Eur.); Hydrochlorothiazid";nein;1 A Pharma GmbH;N/A;info@1apharma.com;Erhöhte Nachfrage;N/A;N/A;24.03.2026;Nein;Filmtablette;weder versrel noch verskri
07762173;2184055;LE2026002550;N/A;Erstmeldung;08.07.2026;31.12.2026;09.07.2026;Produktionsproblem;VALSARTAN BASICS 160 mg Filmtabletten;C09CA03;Valsartan;nein;Basics GmbH;N/A;dominik.lucke@sunpharma.com;Sonstige;N/A;N/A;09.07.2026;Nein;Filmtablette;weder versrel noch verskri
08798888;2186539;LE2026002549;LE2026001383;Änderungsmeldung;19.03.2026;31.12.2026;09.07.2026;Produktionsproblem;VALSARTAN BASICS 320 mg Filmtabletten;C09CA03;Valsartan;nein;Basics GmbH;N/A;dominik.lucke@sunpharma.com;Sonstige;Die PZN 8798931 ist erst seit dem 10.07.2026 lieferunfähig.;N/A;09.04.2026;Nein;Filmtablette;weder versrel noch verskri
08798931;2186539;LE2026002549;LE2026001383;Änderungsmeldung;19.03.2026;31.12.2026;09.07.2026;Produktionsproblem;VALSARTAN BASICS 320 mg Filmtabletten;C09CA03;Valsartan;nein;Basics GmbH;N/A;dominik.lucke@sunpharma.com;Sonstige;Die PZN 8798931 ist erst seit dem 10.07.2026 lieferunfähig.;N/A;09.04.2026;Nein;Filmtablette;weder versrel noch verskri
11595261;2181677;LE2026002541;LE2025003990;Änderungsmeldung;14.11.2025;03.01.2028;09.07.2026;Sonstige;Tolterodin-Aristo 1 mg Filmtabletten;G04BD07;Tolterodintartrat;nein;Aristo Pharma GmbH;N/A;info@aristo-pharma.de;Erhöhte Nachfrage;N/A;N/A;07.11.2025;Vorgesehen;Filmtablette;weder versrel noch verskri
03277630;2706023;LE2026002531;N/A;Erstmeldung;09.07.2026;31.03.2027;09.07.2026;Sonstige;Victoza 6 mg/ml Injektionslösung in Fertigpen - OP(2x3ml);TERM_ID_NA_2090000841;Liraglutid;nein;Novo Nordisk A/S;061319031144;KD_Service@novonordisk.com;Sonstige;Nur noch Restbestände im Markt, Abverkauf und AV-Setzung des Arzneimittels;Victoza 6 mg/ml Injektionslösung in Fertigpen - OP(10x3ml) - Einreichungsnummer: 2706026;09.07.2026;Vorgesehen;Injektionslösung;verskri (auch versrel)
03820324;2114902;LE2026002528;N/A;Erstmeldung;01.07.2026;09.09.2026;09.07.2026;Sonstige;Cephalex-CT 1000mg Filmtabletten;J01DB01;Cefalexin-Monohydrat;nein;AbZ-Pharma GmbH;N/A;info@AbZ.de;Erhöhte Nachfrage;N/A;N/A;09.07.2026;Vorgesehen;Filmtablette;verskri (auch versrel)
06154626;2114902;LE2026002528;N/A;Erstmeldung;01.07.2026;09.09.2026;09.07.2026;Sonstige;Cephalex-CT 1000mg Filmtabletten;J01DB01;Cefalexin-Monohydrat;nein;AbZ-Pharma GmbH;N/A;info@AbZ.de;Erhöhte Nachfrage;N/A;N/A;09.07.2026;Vorgesehen;Filmtablette;verskri (auch versrel)
11377452;2192490;LE2026002502;LE2026002229;Änderungsmeldung;26.05.2026;30.10.2026;07.07.2026;Produktionsproblem;Dorzo-Vision sine 20 mg/ml Augentropfen, Lösung im Einzeldosisbehältnis;S01EC03;Dorzolamidhydrochlorid;ja;OmniVision GmbH; +49 (0) 89 / 840792 – 30;info@omnivision.de;Probleme in der Herstellung;N/A;Dorzo-Vision sine 20 mg/ml Augentropfen, Lösung im Einzeldosisbehältnis - Einreichungsnummer: 2192490;18.06.2026;Nein;Augentropfen, Lösung im Einzeldosisbehältnis;versrel
11377469;2192490;LE2026002502;LE2026002229;Änderungsmeldung;26.05.2026;30.10.2026;07.07.2026;Produktionsproblem;Dorzo-Vision sine 20 mg/ml Augentropfen, Lösung im Einzeldosisbehältnis;S01EC03;Dorzolamidhydrochlorid;ja;OmniVision GmbH; +49 (0) 89 / 840792 – 30;info@omnivision.de;Probleme in der Herstellung;N/A;Dorzo-Vision sine 20 mg/ml Augentropfen, Lösung im Einzeldosisbehältnis - Einreichungsnummer: 2192490;18.06.2026;Nein;Augentropfen, Lösung im Einzeldosisbehältnis;versrel
08400489;2174675;LE2026002494;LE2026000575;Änderungsmeldung;01.02.2026;31.10.2026;07.07.2026;Produktionsproblem;Tacpan 5 mg Hartkapseln;L04AD02;Tacrolimus-Monohydrat;nein;Panacea Biotec Germany GmbH;N/A;info-de@panaceabiotec.com;Sonstige;N/A;Prograf 5mg Hartkapseln - Einreichungsnummer: 2138355;12.02.2026;Nein;Hartkapsel;verskri (auch versrel)
08400495;2174675;LE2026002494;LE2026000575;Änderungsmeldung;01.02.2026;31.10.2026;07.07.2026;Produktionsproblem;Tacpan 5 mg Hartkapseln;L04AD02;Tacrolimus-Monohydrat;nein;Panacea Biotec Germany GmbH;N/A;info-de@panaceabiotec.com;Sonstige;N/A;Prograf 5mg Hartkapseln - Einreichungsnummer: 2138355;12.02.2026;Nein;Hartkapsel;verskri (auch versrel)
17167804;2202088;LE2026002482;N/A;Erstmeldung;06.07.2026;15.03.2027;07.07.2026;Produktionsproblem;Lanthan Mylan 750 mg Kautabletten;V03AE03;Lanthan;ja;Viatris Germany GmbH;08000700800;kundenservice@viatris.com;Probleme in der Herstellung;N/A;N/A;07.07.2026;Nein;Kautablette;weder versrel noch verskri
07332863;2169099;LE2026002440;LE2025003442;Änderungsmeldung;15.10.2025;31.12.2026;03.07.2026;Produktionsproblem;Bendarelbin 10 mg/ml Konzentrat zur Herstellung einer Infusionslösung;L01CA04;Vinorelbintartrat;nein;Bendalis GmbH;089450808780;sales@bendalis.com;Probleme in der Herstellung;Der Hersteller hat nach den Wartungsarbeiten weiterhin GMP Probleme. Die Produktion wurde auf das 3. Quartal 2026 verschoben.;Vinorelbin Aurobindo 10 mg/ml Konzentrat zur Herstellung einer Infusionslösung - Einreichungsnummer: 2169098;01.10.2025;Nein;Konzentrat zur Herstellung einer Infusionslösung;versrel
13868792;0940743;LE2026002433;LE2026000108;Änderungsmeldung;09.01.2026;30.09.2026;03.07.2026;Produktionsproblem;Erythromycin Inresa i.v. 1g;J01FA01;Erythromycinlactobionat;ja;Inresa Arzneimittel GmbH;N/A;qsra@inresa.com;Herstellerwechsel;Transfer zu einem anderen Fertigprodukthersteller (kein Endfreigeber). Transfer noch nicht abgeschlossen.;N/A;09.01.2026;Vorgesehen;Pulver zur Herstellung einer Infusionslösung;versrel
02792755;2103363;LE2026002432;LE2026000809;Änderungsmeldung;02.03.2026;04.09.2026;03.07.2026;Produktionsproblem;Partusisten intrapartal;G02CA03;Fenoterolhydrobromid;ja;Hikma Farmaceutica (Portugal), S.A.;N/A;rluetzner@hikma.com;Probleme bei der Endfreigabe;Freigabe produzierter Batch ;Partusisten - Einreichungsnummer: 2103362;02.03.2026;Vorgesehen;Konzentrat zur Herstellung einer Injektionslösung;weder versrel noch verskri
01676768;2116805;LE2026002431;LE2025000157;Änderungsmeldung;15.01.2025;30.11.2026;03.07.2026;Sonstige;Vancomycin CP 500mg;J01XA01;Vancomycinhydrochlorid;nein;Hikma Farmaceutica (Portugal), S.A.;N/A;rluetzner@hikma.com;Erhöhte Nachfrage;starke Nachfrage;N/A;15.01.2025;Vorgesehen;Pulver zur Herstellung einer Infusionslösung oder einer Lösung zum Einnehmen;verskri (auch versrel)
03275884;2168356;LE2026002428;LE2026001385;Änderungsmeldung;01.02.2026;31.10.2026;02.07.2026;Sonstige;PANTOPRAZOL BASICS 40 mg magensaftresistente Tabletten;A02BC02;Pantoprazol-Natrium-Sesquihydrat;nein;Basics GmbH;N/A;dominik.lucke@sunpharma.com;Probleme beim Wirkstoffhersteller;Die PZN 10234064 ist erst seit dem 05.03.2026 lieferunfähig.Die PZN 05373792 ist erst seit dem 02.04.2026 lieferunfähig.Die PZN 03275884 ist erst seit dem 15.06.2026 lieferunfähig.Die PZN 03276381 ist erst seit dem 17.04.2026 lieferunfähig.;N/A;09.04.2026;Nein;magensaftresistente Tablette;versrel
03275996;2168356;LE2026002428;LE2026001385;Änderungsmeldung;01.02.2026;31.10.2026;02.07.2026;Sonstige;PANTOPRAZOL BASICS 40 mg magensaftresistente Tabletten;A02BC02;Pantoprazol-Natrium-Sesquihydrat;nein;Basics GmbH;N/A;dominik.lucke@sunpharma.com;Probleme beim Wirkstoffhersteller;Die PZN 10234064 ist erst seit dem 05.03.2026 lieferunfähig.Die PZN 05373792 ist erst seit dem 02.04.2026 lieferunfähig.Die PZN 03275884 ist erst seit dem 15.06.2026 lieferunfähig.Die PZN 03276381 ist erst seit dem 17.04.2026 lieferunfähig.;N/A;09.04.2026;Nein;magensaftresistente Tablette;versrel
03276381;2168356;LE2026002428;LE2026001385;Änderungsmeldung;01.02.2026;31.10.2026;02.07.2026;Sonstige;PANTOPRAZOL BASICS 40 mg magensaftresistente Tabletten;A02BC02;Pantoprazol-Natrium-Sesquihydrat;nein;Basics GmbH;N/A;dominik.lucke@sunpharma.com;Probleme beim Wirkstoffhersteller;Die PZN 10234064 ist erst seit dem 05.03.2026 lieferunfähig.Die PZN 05373792 ist erst seit dem 02.04.2026 lieferunfähig.Die PZN 03275884 ist erst seit dem 15.06.2026 lieferunfähig.Die PZN 03276381 ist erst seit dem 17.04.2026 lieferunfähig.;N/A;09.04.2026;Nein;magensaftresistente Tablette;versrel
05373792;2168356;LE2026002428;LE2026001385;Änderungsmeldung;01.02.2026;31.10.2026;02.07.2026;Sonstige;PANTOPRAZOL BASICS 40 mg magensaftresistente Tabletten;A02BC02;Pantoprazol-Natrium-Sesquihydrat;nein;Basics GmbH;N/A;dominik.lucke@sunpharma.com;Probleme beim Wirkstoffhersteller;Die PZN 10234064 ist erst seit dem 05.03.2026 lieferunfähig.Die PZN 05373792 ist erst seit dem 02.04.2026 lieferunfähig.Die PZN 03275884 ist erst seit dem 15.06.2026 lieferunfähig.Die PZN 03276381 ist erst seit dem 17.04.2026 lieferunfähig.;N/A;09.04.2026;Nein;magensaftresistente Tablette;versrel
10234064;2168356;LE2026002428;LE2026001385;Änderungsmeldung;01.02.2026;31.10.2026;02.07.2026;Sonstige;PANTOPRAZOL BASICS 40 mg magensaftresistente Tabletten;A02BC02;Pantoprazol-Natrium-Sesquihydrat;nein;Basics GmbH;N/A;dominik.lucke@sunpharma.com;Probleme beim Wirkstoffhersteller;Die PZN 10234064 ist erst seit dem 05.03.2026 lieferunfähig.Die PZN 05373792 ist erst seit dem 02.04.2026 lieferunfähig.Die PZN 03275884 ist erst seit dem 15.06.2026 lieferunfähig.Die PZN 03276381 ist erst seit dem 17.04.2026 lieferunfähig.;N/A;09.04.2026;Nein;magensaftresistente Tablette;versrel
10123790;2182187;LE2026002427;LE2025003217;Änderungsmeldung;09.09.2025;31.12.2027;02.07.2026;Produktionsproblem;Adenosin Altamedics 3 mg/ml Injektionslösung;C01EB10;Adenosin;ja;ALTAMEDICS GmbH;0221 277 299 100;info@altamedics.de;Herstellerwechsel;N/A;N/A;09.09.2025;Nein;Injektionslösung;versrel
15379086;2180761;LE2026002424;LE2025002455;Änderungsmeldung;01.07.2025;31.03.2027;02.07.2026;Produktionsproblem;Quetiapin Accord 300 mg Retardtabletten;N05AH04;Quetiapinfumarat (Ph.Eur.);nein;Accord Healthcare B.V.;N/A;martin_anders@accord-healthcare.com;Probleme in der Herstellung;N/A;N/A;14.07.2025;Nein;Retardtablette;weder versrel noch verskri
15379100;2180761;LE2026002424;LE2025002455;Änderungsmeldung;01.07.2025;31.03.2027;02.07.2026;Produktionsproblem;Quetiapin Accord 300 mg Retardtabletten;N05AH04;Quetiapinfumarat (Ph.Eur.);nein;Accord Healthcare B.V.;N/A;martin_anders@accord-healthcare.com;Probleme in der Herstellung;N/A;N/A;14.07.2025;Nein;Retardtablette;weder versrel noch verskri
15379117;2180761;LE2026002424;LE2025002455;Änderungsmeldung;01.07.2025;31.03.2027;02.07.2026;Produktionsproblem;Quetiapin Accord 300 mg Retardtabletten;N05AH04;Quetiapinfumarat (Ph.Eur.);nein;Accord Healthcare B.V.;N/A;martin_anders@accord-healthcare.com;Probleme in der Herstellung;N/A;N/A;14.07.2025;Nein;Retardtablette;weder versrel noch verskri
15378997;2188137;LE2026002423;LE2025002454;Änderungsmeldung;01.07.2025;30.09.2026;02.07.2026;Produktionsproblem;Quetiapin Accord 50 mg Retardtabletten;N05AH04;Quetiapinfumarat (Ph.Eur.);nein;Accord Healthcare B.V.;N/A;martin_anders@accord-healthcare.com;Probleme in der Herstellung;N/A;N/A;14.07.2025;Nein;Retardtablette;weder versrel noch verskri
15379005;2188137;LE2026002423;LE2025002454;Änderungsmeldung;01.07.2025;30.09.2026;02.07.2026;Produktionsproblem;Quetiapin Accord 50 mg Retardtabletten;N05AH04;Quetiapinfumarat (Ph.Eur.);nein;Accord Healthcare B.V.;N/A;martin_anders@accord-healthcare.com;Probleme in der Herstellung;N/A;N/A;14.07.2025;Nein;Retardtablette;weder versrel noch verskri
15379011;2188137;LE2026002423;LE2025002454;Änderungsmeldung;01.07.2025;30.09.2026;02.07.2026;Produktionsproblem;Quetiapin Accord 50 mg Retardtabletten;N05AH04;Quetiapinfumarat (Ph.Eur.);nein;Accord Healthcare B.V.;N/A;martin_anders@accord-healthcare.com;Probleme in der Herstellung;N/A;N/A;14.07.2025;Nein;Retardtablette;weder versrel noch verskri
15379028;2195359;LE2026002422;LE2025003695;Änderungsmeldung;01.10.2025;30.09.2026;02.07.2026;Produktionsproblem;Quetiapin Accord 150mg Retardtabletten;N05AH04;Quetiapinfumarat (Ph.Eur.);nein;Accord Healthcare B.V.;N/A;martin_anders@accord-healthcare.com;Probleme in der Herstellung;N/A;N/A;22.10.2025;Vorgesehen;Retardtablette;weder versrel noch verskri
15379034;2195359;LE2026002422;LE2025003695;Änderungsmeldung;01.10.2025;30.09.2026;02.07.2026;Produktionsproblem;Quetiapin Accord 150mg Retardtabletten;N05AH04;Quetiapinfumarat (Ph.Eur.);nein;Accord Healthcare B.V.;N/A;martin_anders@accord-healthcare.com;Probleme in der Herstellung;N/A;N/A;22.10.2025;Vorgesehen;Retardtablette;weder versrel noch verskri
15427773;2195359;LE2026002422;LE2025003695;Änderungsmeldung;01.10.2025;30.09.2026;02.07.2026;Produktionsproblem;Quetiapin Accord 150mg Retardtabletten;N05AH04;Quetiapinfumarat (Ph.Eur.);nein;Accord Healthcare B.V.;N/A;martin_anders@accord-healthcare.com;Probleme in der Herstellung;N/A;N/A;22.10.2025;Vorgesehen;Retardtablette;weder versrel noch verskri
15379123;2180762;LE2026002420;LE2025003698;Änderungsmeldung;01.10.2025;30.09.2026;02.07.2026;Produktionsproblem;Quetiapin Accord 400 mg Retardtabletten;N05AH04;Quetiapinfumarat (Ph.Eur.);nein;Accord Healthcare B.V.;N/A;martin_anders@accord-healthcare.com;Probleme in der Herstellung;N/A;N/A;22.10.2025;Vorgesehen;Retardtablette;weder versrel noch verskri
15379152;2180762;LE2026002420;LE2025003698;Änderungsmeldung;01.10.2025;30.09.2026;02.07.2026;Produktionsproblem;Quetiapin Accord 400 mg Retardtabletten;N05AH04;Quetiapinfumarat (Ph.Eur.);nein;Accord Healthcare B.V.;N/A;martin_anders@accord-healthcare.com;Probleme in der Herstellung;N/A;N/A;22.10.2025;Vorgesehen;Retardtablette;weder versrel noch verskri
15379169;2180762;LE2026002420;LE2025003698;Änderungsmeldung;01.10.2025;30.09.2026;02.07.2026;Produktionsproblem;Quetiapin Accord 400 mg Retardtabletten;N05AH04;Quetiapinfumarat (Ph.Eur.);nein;Accord Healthcare B.V.;N/A;martin_anders@accord-healthcare.com;Probleme in der Herstellung;N/A;N/A;22.10.2025;Vorgesehen;Retardtablette;weder versrel noch verskri
08859213;2104582;LE2026002411;LE2026000729;Änderungsmeldung;25.02.2026;31.10.2026;01.07.2026;Sonstige;Propranolol AL 80;C07AA05;Propranololhydrochlorid;nein;ALIUD PHARMA GmbH;0733396510;info@aliud.de;Erhöhte Nachfrage;N/A;N/A;25.02.2026;Vorgesehen;Tablette;weder versrel noch verskri
14446426;2201583;LE2026002403;LE2025002591;Änderungsmeldung;10.03.2025;31.12.2027;30.06.2026;Produktionsproblem;Galanaxiro 24 mg Hartkapseln, retardiert;N06DA04;Galantaminhydrobromid;nein;Medical Valley Invest AB HR-Beiname: AXiromed, Xiromed;n/a;lars.hilbig@xiromed.com;Probleme in der Herstellung;N/A;N/A;24.07.2025;Nein;Hartkapsel, retardiert;weder versrel noch verskri
14446432;2201583;LE2026002403;LE2025002591;Änderungsmeldung;10.03.2025;31.12.2027;30.06.2026;Produktionsproblem;Galanaxiro 24 mg Hartkapseln, retardiert;N06DA04;Galantaminhydrobromid;nein;Medical Valley Invest AB HR-Beiname: AXiromed, Xiromed;n/a;lars.hilbig@xiromed.com;Probleme in der Herstellung;N/A;N/A;24.07.2025;Nein;Hartkapsel, retardiert;weder versrel noch verskri
14446449;2201583;LE2026002403;LE2025002591;Änderungsmeldung;10.03.2025;31.12.2027;30.06.2026;Produktionsproblem;Galanaxiro 24 mg Hartkapseln, retardiert;N06DA04;Galantaminhydrobromid;nein;Medical Valley Invest AB HR-Beiname: AXiromed, Xiromed;n/a;lars.hilbig@xiromed.com;Probleme in der Herstellung;N/A;N/A;24.07.2025;Nein;Hartkapsel, retardiert;weder versrel noch verskri
14446389;2201582;LE2026002401;LE2025002590;Änderungsmeldung;10.03.2025;31.12.2027;30.06.2026;Produktionsproblem;Galanaxiro 16 mg Hartkapseln, retardiert;N06DA04;Galantaminhydrobromid;nein;Medical Valley Invest AB HR-Beiname: AXiromed, Xiromed;n/a;lars.hilbig@xiromed.com;Probleme in der Herstellung;N/A;N/A;24.07.2025;Nein;Hartkapsel, retardiert;weder versrel noch verskri
14446395;2201582;LE2026002401;LE2025002590;Änderungsmeldung;10.03.2025;31.12.2027;30.06.2026;Produktionsproblem;Galanaxiro 16 mg Hartkapseln, retardiert;N06DA04;Galantaminhydrobromid;nein;Medical Valley Invest AB HR-Beiname: AXiromed, Xiromed;n/a;lars.hilbig@xiromed.com;Probleme in der Herstellung;N/A;N/A;24.07.2025;Nein;Hartkapsel, retardiert;weder versrel noch verskri
14446403;2201582;LE2026002401;LE2025002590;Änderungsmeldung;10.03.2025;31.12.2027;30.06.2026;Produktionsproblem;Galanaxiro 16 mg Hartkapseln, retardiert;N06DA04;Galantaminhydrobromid;nein;Medical Valley Invest AB HR-Beiname: AXiromed, Xiromed;n/a;lars.hilbig@xiromed.com;Probleme in der Herstellung;N/A;N/A;24.07.2025;Nein;Hartkapsel, retardiert;weder versrel noch verskri
14446343;2201581;LE2026002400;LE2025002589;Änderungsmeldung;10.03.2025;31.12.2027;30.06.2026;Produktionsproblem;Galanaxiro 8 mg Hartkapseln, retardiert;N06DA04;Galantaminhydrobromid;nein;Medical Valley Invest AB HR-Beiname: AXiromed, Xiromed;n/a;lars.hilbig@xiromed.com;Probleme in der Herstellung;N/A;N/A;24.07.2025;Nein;Hartkapsel, retardiert;weder versrel noch verskri
14446366;2201581;LE2026002400;LE2025002589;Änderungsmeldung;10.03.2025;31.12.2027;30.06.2026;Produktionsproblem;Galanaxiro 8 mg Hartkapseln, retardiert;N06DA04;Galantaminhydrobromid;nein;Medical Valley Invest AB HR-Beiname: AXiromed, Xiromed;n/a;lars.hilbig@xiromed.com;Probleme in der Herstellung;N/A;N/A;24.07.2025;Nein;Hartkapsel, retardiert;weder versrel noch verskri
14446372;2201581;LE2026002400;LE2025002589;Änderungsmeldung;10.03.2025;31.12.2027;30.06.2026;Produktionsproblem;Galanaxiro 8 mg Hartkapseln, retardiert;N06DA04;Galantaminhydrobromid;nein;Medical Valley Invest AB HR-Beiname: AXiromed, Xiromed;n/a;lars.hilbig@xiromed.com;Probleme in der Herstellung;N/A;N/A;24.07.2025;Nein;Hartkapsel, retardiert;weder versrel noch verskri
02498613;2102411;LE2026002387;N/A;Erstmeldung;30.06.2026;30.09.2026;30.06.2026;Produktionsproblem;Gentamicin-POS;S01AA11;Gentamicinsulfat;nein;URSAPHARM Arzneimittel GmbH;068059292188;christine.funk@ursapharm.de;Probleme in der Herstellung;N/A;N/A;30.06.2026;Vorgesehen;Augentropfen;versrel
12549990;2183891;LE2026002380;LE2026000149;Änderungsmeldung;05.01.2026;31.12.2026;29.06.2026;Produktionsproblem;Levetiracetam Holsten 500 mg Filmtabletten;N03AX14;Levetiracetam;nein;Holsten Pharma GmbH - Geschäftsanschrift -;+49 (0) 69 96 23 39 – 000;registration@holstenpharma.de;Probleme in der Herstellung;N/A;Levetiracetam Holsten 500 mg Filmtabletten - Einreichungsnummer: 2183891;13.01.2026;Vorgesehen;Filmtablette;versrel
12550013;2183891;LE2026002380;LE2026000149;Änderungsmeldung;05.01.2026;31.12.2026;29.06.2026;Produktionsproblem;Levetiracetam Holsten 500 mg Filmtabletten;N03AX14;Levetiracetam;nein;Holsten Pharma GmbH - Geschäftsanschrift -;+49 (0) 69 96 23 39 – 000;registration@holstenpharma.de;Probleme in der Herstellung;N/A;Levetiracetam Holsten 500 mg Filmtabletten - Einreichungsnummer: 2183891;13.01.2026;Vorgesehen;Filmtablette;versrel
07820781;2141202;LE2026002379;LE2026000249;Änderungsmeldung;16.01.2026;22.09.2026;29.06.2026;Sonstige;Bronchospray Autohaler;R03AC02;Salbutamolsulfat;nein;JensonR+ (Ireland) Limited;6252957000;shortages@infectopharm.com;Erhöhte Nachfrage;N/A;Bronchospray Autohaler - Einreichungsnummer: 2141202;20.01.2026;Vorgesehen;Druckgasinhalation, Suspension;verskri (auch versrel)
03348850;2108132;LE2026002363;N/A;Erstmeldung;22.06.2026;26.10.2026;26.06.2026;Sonstige;Ismo retard;C01DA14;Isosorbidmononitrat;nein;Riemser Pharma GmbH;030338427413;mratzlaff@esteve.com;Erhöhte Nachfrage;sales much higher than forecasted ;N/A;26.06.2026;Nein;Retardtablette;weder versrel noch verskri
03510090;2171369;LE2026002362;N/A;Erstmeldung;26.06.2026;31.12.2026;26.06.2026;Sonstige;IsoGalen 20 mg Weichkapseln;D10BA01;Isotretinoin;nein;GALENpharma GmbH;N/A;vertrieb@galenpharma.de;Erhöhte Nachfrage;N/A;N/A;26.06.2026;Vorgesehen;Weichkapsel;versrel
03512120;2171369;LE2026002362;N/A;Erstmeldung;26.06.2026;31.12.2026;26.06.2026;Sonstige;IsoGalen 20 mg Weichkapseln;D10BA01;Isotretinoin;nein;GALENpharma GmbH;N/A;vertrieb@galenpharma.de;Erhöhte Nachfrage;N/A;N/A;26.06.2026;Vorgesehen;Weichkapsel;versrel
03512137;2171369;LE2026002362;N/A;Erstmeldung;26.06.2026;31.12.2026;26.06.2026;Sonstige;IsoGalen 20 mg Weichkapseln;D10BA01;Isotretinoin;nein;GALENpharma GmbH;N/A;vertrieb@galenpharma.de;Erhöhte Nachfrage;N/A;N/A;26.06.2026;Vorgesehen;Weichkapsel;versrel
03512143;2171369;LE2026002362;N/A;Erstmeldung;26.06.2026;31.12.2026;26.06.2026;Sonstige;IsoGalen 20 mg Weichkapseln;D10BA01;Isotretinoin;nein;GALENpharma GmbH;N/A;vertrieb@galenpharma.de;Erhöhte Nachfrage;N/A;N/A;26.06.2026;Vorgesehen;Weichkapsel;versrel
03506094;2171368;LE2026002361;N/A;Erstmeldung;26.06.2026;31.12.2026;26.06.2026;Sonstige;IsoGalen 10 mg Weichkapseln;D10BA01;Isotretinoin;nein;GALENpharma GmbH;N/A;vertrieb@galenpharma.de;Erhöhte Nachfrage;N/A;N/A;26.06.2026;Nein;Weichkapsel;versrel
03507231;2171368;LE2026002361;N/A;Erstmeldung;26.06.2026;31.12.2026;26.06.2026;Sonstige;IsoGalen 10 mg Weichkapseln;D10BA01;Isotretinoin;nein;GALENpharma GmbH;N/A;vertrieb@galenpharma.de;Erhöhte Nachfrage;N/A;N/A;26.06.2026;Nein;Weichkapsel;versrel
03508897;2171368;LE2026002361;N/A;Erstmeldung;26.06.2026;31.12.2026;26.06.2026;Sonstige;IsoGalen 10 mg Weichkapseln;D10BA01;Isotretinoin;nein;GALENpharma GmbH;N/A;vertrieb@galenpharma.de;Erhöhte Nachfrage;N/A;N/A;26.06.2026;Nein;Weichkapsel;versrel
03510084;2171368;LE2026002361;N/A;Erstmeldung;26.06.2026;31.12.2026;26.06.2026;Sonstige;IsoGalen 10 mg Weichkapseln;D10BA01;Isotretinoin;nein;GALENpharma GmbH;N/A;vertrieb@galenpharma.de;Erhöhte Nachfrage;N/A;N/A;26.06.2026;Nein;Weichkapsel;versrel
08468139;2174286;LE2026002357;LE2026001381;Änderungsmeldung;01.04.2026;31.12.2026;25.06.2026;Produktionsproblem;OLANZAPIN BASICS 10 mg Tabletten;N05AH03;Olanzapin;nein;Basics GmbH;N/A;dominik.lucke@sunpharma.com;Sonstige;N/A;N/A;09.04.2026;Nein;Tablette;weder versrel noch verskri
08468145;2174286;LE2026002357;LE2026001381;Änderungsmeldung;01.04.2026;31.12.2026;25.06.2026;Produktionsproblem;OLANZAPIN BASICS 10 mg Tabletten;N05AH03;Olanzapin;nein;Basics GmbH;N/A;dominik.lucke@sunpharma.com;Sonstige;N/A;N/A;09.04.2026;Nein;Tablette;weder versrel noch verskri
04421460;0008786;LE2026002313;N/A;Erstmeldung;23.06.2026;31.12.2026;23.06.2026;Sonstige;Kanamycin-POS;S01AA24;Kanamycinmonosulfat (Ph.Eur.);nein;URSAPHARM Arzneimittel GmbH;068059292188;christine.funk@ursapharm.de;Probleme beim Wirkstoffhersteller;N/A;N/A;23.06.2026;Vorgesehen;Augentropfen;versrel
04421454;0008651;LE2026002312;N/A;Erstmeldung;23.06.2026;31.12.2026;23.06.2026;Sonstige;Kanamycin-POS;S01AA24;Kanamycinmonosulfat (Ph.Eur.);nein;URSAPHARM Arzneimittel GmbH;068059292188;christine.funk@ursapharm.de;Probleme beim Wirkstoffhersteller;N/A;N/A;23.06.2026;Vorgesehen;Augensalbe;versrel
06330508;0914987;LE2026002311;LE2025002881;Änderungsmeldung;01.08.2025;31.12.2026;23.06.2026;Sonstige;Doxepin 75 Holsten;N06AA12;Doxepinhydrochlorid (Ph.Eur.);nein;Holsten Pharma GmbH - Geschäftsanschrift -;069300883138;s.ebadi@holstenpharma.de;Erhöhte Nachfrage;N/A;N/A;12.08.2025;Vorgesehen;Filmtablette;versrel
06330514;0914987;LE2026002311;LE2025002881;Änderungsmeldung;01.08.2025;31.12.2026;23.06.2026;Sonstige;Doxepin 75 Holsten;N06AA12;Doxepinhydrochlorid (Ph.Eur.);nein;Holsten Pharma GmbH - Geschäftsanschrift -;069300883138;s.ebadi@holstenpharma.de;Erhöhte Nachfrage;N/A;N/A;12.08.2025;Vorgesehen;Filmtablette;versrel
06330520;0914987;LE2026002311;LE2025002881;Änderungsmeldung;01.08.2025;31.12.2026;23.06.2026;Sonstige;Doxepin 75 Holsten;N06AA12;Doxepinhydrochlorid (Ph.Eur.);nein;Holsten Pharma GmbH - Geschäftsanschrift -;069300883138;s.ebadi@holstenpharma.de;Erhöhte Nachfrage;N/A;N/A;12.08.2025;Vorgesehen;Filmtablette;versrel
06330572;0915001;LE2026002309;LE2025002388;Änderungsmeldung;07.07.2025;31.12.2026;23.06.2026;Produktionsproblem;Doxepin 25 Holsten;N06AA12;Doxepinhydrochlorid (Ph.Eur.);nein;Holsten Pharma GmbH - Geschäftsanschrift -;069962339020;s.ebadi@holstenpharma.de;Änderung des Herstellverfahrens;N/A;N/A;07.07.2025;Vorgesehen;Filmtablette;versrel
06330589;0915001;LE2026002309;LE2025002388;Änderungsmeldung;07.07.2025;31.12.2026;23.06.2026;Produktionsproblem;Doxepin 25 Holsten;N06AA12;Doxepinhydrochlorid (Ph.Eur.);nein;Holsten Pharma GmbH - Geschäftsanschrift -;069962339020;s.ebadi@holstenpharma.de;Änderung des Herstellverfahrens;N/A;N/A;07.07.2025;Vorgesehen;Filmtablette;versrel
06330595;0915001;LE2026002309;LE2025002388;Änderungsmeldung;07.07.2025;31.12.2026;23.06.2026;Produktionsproblem;Doxepin 25 Holsten;N06AA12;Doxepinhydrochlorid (Ph.Eur.);nein;Holsten Pharma GmbH - Geschäftsanschrift -;069962339020;s.ebadi@holstenpharma.de;Änderung des Herstellverfahrens;N/A;N/A;07.07.2025;Vorgesehen;Filmtablette;versrel
14299103;2200934;LE2026002308;N/A;Erstmeldung;15.06.2026;30.09.2026;23.06.2026;Sonstige;Rizatriptan PUREN 10 mg Tabletten;N02CC04;Rizatriptanbenzoat;ja;PUREN Pharma GmbH & Co. KG;N/A;ATsiboukis@puren-pharma.de;Erhöhte Nachfrage;erhöhte Nachfrage am Markt;Rizatriptan PUREN 10 mg Tabletten - Einreichungsnummer: 2200934;23.06.2026;Vorgesehen;Tablette;versrel
07666222;2119724;LE2026002307;LE2025004069;Änderungsmeldung;01.12.2025;31.10.2026;23.06.2026;Sonstige;Minprostin E2 Vaginalgel 1mg;G02AD02;Dinoproston;ja;Pfizer Pharma GmbH;+49 (0) 30 550055-51000;medical.information@pfizer.com;Probleme beim Wirkstoffhersteller;N/A;N/A;14.11.2025;Nein;Vaginalgel;verskri (auch versrel)
17314286;7000455;LE2026002306;N/A;Erstmeldung;01.06.2026;30.09.2026;23.06.2026;Produktionsproblem;Fingolimod PUREN 0,5 mg Hartkapseln;L04AE01;Fingolimodhydrochlorid;ja;PUREN Pharma GmbH & Co. KG;N/A;ATsiboukis@puren-pharma.de;Probleme bei der Endfreigabe;Die Charge könnte nicht freigegeben werden. ;N/A;23.06.2026;Vorgesehen;Hartkapsel;versrel
13838897;2159201;LE2026002301;LE2026000066;Änderungsmeldung;11.12.2025;30.09.2026;23.06.2026;Produktionsproblem;PAMIDRO-cell 3 mg/ml Konzentrat zur Herstellung einer Infusionslösung;M05BA03;Dinatriumpamidronat;nein;STADAPHARM GmbH;061016032416;christiane.georgi@stada.de;Probleme in der Herstellung;N/A;N/A;07.01.2026;Vorgesehen;Konzentrat zur Herstellung einer Infusionslösung;verskri (auch versrel)
13838905;2159201;LE2026002301;LE2026000066;Änderungsmeldung;11.12.2025;30.09.2026;23.06.2026;Produktionsproblem;PAMIDRO-cell 3 mg/ml Konzentrat zur Herstellung einer Infusionslösung;M05BA03;Dinatriumpamidronat;nein;STADAPHARM GmbH;061016032416;christiane.georgi@stada.de;Probleme in der Herstellung;N/A;N/A;07.01.2026;Vorgesehen;Konzentrat zur Herstellung einer Infusionslösung;verskri (auch versrel)
13838940;2159201;LE2026002301;LE2026000066;Änderungsmeldung;11.12.2025;30.09.2026;23.06.2026;Produktionsproblem;PAMIDRO-cell 3 mg/ml Konzentrat zur Herstellung einer Infusionslösung;M05BA03;Dinatriumpamidronat;nein;STADAPHARM GmbH;061016032416;christiane.georgi@stada.de;Probleme in der Herstellung;N/A;N/A;07.01.2026;Vorgesehen;Konzentrat zur Herstellung einer Infusionslösung;verskri (auch versrel)
13838957;2159201;LE2026002301;LE2026000066;Änderungsmeldung;11.12.2025;30.09.2026;23.06.2026;Produktionsproblem;PAMIDRO-cell 3 mg/ml Konzentrat zur Herstellung einer Infusionslösung;M05BA03;Dinatriumpamidronat;nein;STADAPHARM GmbH;061016032416;christiane.georgi@stada.de;Probleme in der Herstellung;N/A;N/A;07.01.2026;Vorgesehen;Konzentrat zur Herstellung einer Infusionslösung;verskri (auch versrel)
13838963;2159201;LE2026002301;LE2026000066;Änderungsmeldung;11.12.2025;30.09.2026;23.06.2026;Produktionsproblem;PAMIDRO-cell 3 mg/ml Konzentrat zur Herstellung einer Infusionslösung;M05BA03;Dinatriumpamidronat;nein;STADAPHARM GmbH;061016032416;christiane.georgi@stada.de;Probleme in der Herstellung;N/A;N/A;07.01.2026;Vorgesehen;Konzentrat zur Herstellung einer Infusionslösung;verskri (auch versrel)
13838986;2159201;LE2026002301;LE2026000066;Änderungsmeldung;11.12.2025;30.09.2026;23.06.2026;Produktionsproblem;PAMIDRO-cell 3 mg/ml Konzentrat zur Herstellung einer Infusionslösung;M05BA03;Dinatriumpamidronat;nein;STADAPHARM GmbH;061016032416;christiane.georgi@stada.de;Probleme in der Herstellung;N/A;N/A;07.01.2026;Vorgesehen;Konzentrat zur Herstellung einer Infusionslösung;verskri (auch versrel)
11304909;2174341;LE2026002300;N/A;Erstmeldung;01.06.2026;31.03.2028;23.06.2026;Produktionsproblem;Ampicillin/Sulbactam PUREN 2000 mg/1000 mg Pulver zur Herstellung einer Infusionslösung;J01CR01;"Ampicillin-Natrium; Sulbactam-Natrium";ja;Eugia Pharma (Malta) Limited;N/A;ATsiboukis@puren-pharma.de;Probleme in der Herstellung;Die Produktion ist für die USA ausgelastet und Eugia hat keine Kapazitäten.;N/A;23.06.2026;Vorgesehen;Pulver zur Herstellung einer Infusionslösung;verskri (auch versrel)
14335046;2201661;LE2026002299;N/A;Erstmeldung;22.06.2026;30.09.2026;23.06.2026;Sonstige;Valaciclovir PUREN 500 mg Filmtabletten;J05AB11;Valaciclovirhydrochlorid-Hydrat;ja;PUREN Pharma GmbH & Co. KG;N/A;ATsiboukis@puren-pharma.de;Erhöhte Nachfrage;Erhöhte Nachfrage am Markt;N/A;23.06.2026;Vorgesehen;Filmtablette;versrel
14335052;2201661;LE2026002299;N/A;Erstmeldung;22.06.2026;30.09.2026;23.06.2026;Sonstige;Valaciclovir PUREN 500 mg Filmtabletten;J05AB11;Valaciclovirhydrochlorid-Hydrat;ja;PUREN Pharma GmbH & Co. KG;N/A;ATsiboukis@puren-pharma.de;Erhöhte Nachfrage;Erhöhte Nachfrage am Markt;N/A;23.06.2026;Vorgesehen;Filmtablette;versrel
19557627;7011033;LE2026002298;N/A;Erstmeldung;15.06.2026;30.10.2026;23.06.2026;Produktionsproblem;Teriflunomid PUREN 14 mg Filmtabletten;L04AK02;Teriflunomid;ja;PUREN Pharma GmbH & Co. KG;N/A;ATsiboukis@puren-pharma.de;Probleme in der Herstellung;Produktionsslotengpass;Teriflunomid PUREN 14 mg Filmtabletten - Einreichungsnummer: 7011033;23.06.2026;Vorgesehen;Filmtablette;versrel
13816625;2199163;LE2026002297;N/A;Erstmeldung;22.06.2026;28.10.2026;23.06.2026;Produktionsproblem;Ibuprofen PUREN 800 mg Filmtabletten;M01AE01;Ibuprofen;ja;PUREN Pharma GmbH & Co. KG;N/A;ATsiboukis@puren-pharma.de;Probleme in der Herstellung;Ressourcenengpass;Ibuprofen PUREN 800 mg Filmtabletten - Einreichungsnummer: 2199163;23.06.2026;Vorgesehen;Filmtablette;versrel
13816708;2199162;LE2026002296;N/A;Erstmeldung;22.06.2026;30.09.2026;23.06.2026;Produktionsproblem;Ibuprofen PUREN 600 mg Filmtabletten;M01AE01;Ibuprofen;ja;PUREN Pharma GmbH & Co. KG;N/A;ATsiboukis@puren-pharma.de;Probleme in der Herstellung;Produktionsverzögerung;Ibuprofen PUREN 600 mg Filmtabletten - Einreichungsnummer: 2199162;23.06.2026;Vorgesehen;Filmtablette;versrel
10113225;2187325;LE2026002293;N/A;Erstmeldung;22.06.2026;30.10.2026;23.06.2026;Produktionsproblem;Escitalopram Aurobindo 20 mg Filmtabletten;N06AB10;Escitalopramoxalat;ja;PUREN Pharma GmbH & Co. KG;N/A;ATsiboukis@puren-pharma.de;Probleme in der Herstellung;Ressourcenengpass;Escitalopram Aurobindo 20 mg Filmtabletten - Einreichungsnummer: 2187325;23.06.2026;Vorgesehen;Filmtablette;versrel
14853031;2200818;LE2026002292;LE2025003401;Änderungsmeldung;01.09.2025;01.10.2026;23.06.2026;Sonstige;Aprepitant AL 125 mg und 80 mg Hartkapseln;A04AD12;Aprepitant;nein;ALIUD PHARMA GmbH;0733396510;info@aliud.de;Erhöhte Nachfrage;N/A;N/A;25.09.2025;Vorgesehen;Hartkapsel,Hartkapsel;versrel
12482240;2198352;LE2026002290;N/A;Erstmeldung;23.06.2026;30.10.2026;23.06.2026;Produktionsproblem;Entecavir PUREN 0,5 mg Filmtabletten;J05AF10;Entecavir-Monohydrat;ja;PUREN Pharma GmbH & Co. KG;N/A;ATsiboukis@puren-pharma.de;Probleme in der Herstellung;Produktionsslotengpass;Entecavir PUREN 0,5 mg Filmtabletten - Einreichungsnummer: 2198352;23.06.2026;Vorgesehen;Filmtablette;versrel
11297428;2196306;LE2026002288;N/A;Erstmeldung;22.06.2026;30.09.2026;23.06.2026;Produktionsproblem;Atorvastatin PUREN 40 mg Filmtabletten;C10AA05;Atorvastatin-Calcium-Trihydrat (Ph.Eur.);ja;PUREN Pharma GmbH & Co. KG;N/A;ATsiboukis@puren-pharma.de;Probleme in der Herstellung;Produktionsverzögerung;Atorvastatin PUREN 40 mg Filmtabletten - Einreichungsnummer: 2196306;23.06.2026;Vorgesehen;Filmtablette;versrel
14299161;2201023;LE2026002283;LE2026001721;Änderungsmeldung;30.04.2026;30.11.2026;23.06.2026;Produktionsproblem;Rizatriptan PUREN 5 mg Schmelztabletten;N02CC04;Rizatriptanbenzoat;ja;PUREN Pharma GmbH & Co. KG;N/A;ATsiboukis@puren-pharma.de;Probleme in der Herstellung;Ressourcenengpass bei der Produktion;Rizatriptan PUREN 5 mg Schmelztabletten - Einreichungsnummer: 2201023;05.05.2026;Vorgesehen;Schmelztablette;versrel
14299184;2201023;LE2026002283;LE2026001721;Änderungsmeldung;30.04.2026;30.11.2026;23.06.2026;Produktionsproblem;Rizatriptan PUREN 5 mg Schmelztabletten;N02CC04;Rizatriptanbenzoat;ja;PUREN Pharma GmbH & Co. KG;N/A;ATsiboukis@puren-pharma.de;Probleme in der Herstellung;Ressourcenengpass bei der Produktion;Rizatriptan PUREN 5 mg Schmelztabletten - Einreichungsnummer: 2201023;05.05.2026;Vorgesehen;Schmelztablette;versrel
13423251;2191463;LE2026002270;N/A;Erstmeldung;22.06.2026;30.09.2026;22.06.2026;Sonstige;Levosert 20 Mikrogramm/24 Stunden intrauterines Wirkstofffreisetzungssystem;G02BA03;Levonorgestrel;nein;Gedeon Richter Plc.;N/A;d.rehder@diamed.org;Sonstige;N/A;Mirena - Einreichungsnummer: 2141880;22.06.2026;Vorgesehen;Intrauterines Wirkstofffreisetzungssystem;verskri (auch versrel)
18139000;2204982;LE2026002269;LE2026002267;Erstmeldung;22.06.2026;31.12.2026;22.06.2026;Sonstige;Levosert One 20 Mikrogramm/24 Stunden intrauterines Wirkstofffreisetzungssystem;G02BA03;Levonorgestrel;nein;Gedeon Richter Plc.;N/A;d.rehder@diamed.org;Sonstige;N/A;Mirena - Einreichungsnummer: 2141880;22.06.2026;Vorgesehen;Intrauterines Wirkstofffreisetzungssystem;verskri (auch versrel)
07621780;2170263;LE2026002212;N/A;Erstmeldung;02.06.2026;15.04.2027;17.06.2026;Produktionsproblem;Risperidon Mylan 1 mg Filmtabletten;N05AX08;Risperidon;nein;Viatris Germany GmbH;08000700800;kundenservice@viatris.com;Probleme in der Herstellung;keine weiteren Angaben;N/A;17.06.2026;Nein;Filmtablette;verskri (auch versrel)
07621917;2170265;LE2026002211;N/A;Erstmeldung;02.06.2026;15.04.2027;17.06.2026;Produktionsproblem;Risperidon Mylan 3 mg Filmtabletten;N05AX08;Risperidon;nein;Viatris Germany GmbH;08000700800;kundenservice@viatris.com;Probleme in der Herstellung;keine weiteren Angaben;N/A;17.06.2026;Nein;Filmtablette;verskri (auch versrel)
07621863;2170264;LE2026002210;N/A;Erstmeldung;02.06.2026;15.04.2027;17.06.2026;Produktionsproblem;Risperidon Mylan 2 mg Filmtabletten;N05AX08;Risperidon;nein;Viatris Germany GmbH;08000700800;kundenservice@viatris.com;Probleme in der Herstellung;keine weiteren Angaben;N/A;17.06.2026;Nein;Filmtablette;verskri (auch versrel)
07621969;2170266;LE2026002208;N/A;Erstmeldung;02.06.2026;15.04.2027;17.06.2026;Produktionsproblem;Risperidon Mylan 4 mg Filmtabletten;N05AX08;Risperidon;nein;Viatris Germany GmbH;08000700800;kundenservice@viatris.com;Probleme in der Herstellung;keine weiteren Angaben;N/A;17.06.2026;Nein;Filmtablette;verskri (auch versrel)
18380049;7001287;LE2026002203;N/A;Erstmeldung;16.06.2026;31.12.2026;17.06.2026;Produktionsproblem;Amlodipin/Valsartan/HCT Holsten 10 mg/160 mg/12,5 mg Filmtabletten;TERM_ID_NA_2090002384;"Amlodipinbesilat; Hydrochlorothiazid; Valsartan";nein;Holsten Pharma GmbH - Geschäftsanschrift -;N/A;s.ebadi@holstenpharma.de;Probleme in der Herstellung;N/A;N/A;17.06.2026;Vorgesehen;Filmtablette;weder versrel noch verskri
19222855;7015031;LE2026002202;LE2026001851;Änderungsmeldung;17.06.2026;31.12.2026;17.06.2026;Sonstige;Emblaveo;J01DF51;"Avibactam-Natrium; Aztreonam";ja;Pfizer Europe MA EEIG;+49 (0) 30 550055-51000;medical.information@pfizer.com;Unzureichende Produktionskapazitäten;Der Beginn des Lieferengpasses wurde auf den 17.06.2026 geändert (initial 03.08.2026), da wir damit rechnen können, im Laufe des heutigen Tages leerzulaufen.;N/A;20.05.2026;Nein;Pulver für ein Konzentrat zur Herstellung einer Infusionslösung;verskri (auch versrel)
14313642;2202260;LE2026002194;LE2025003859;Änderungsmeldung;01.10.2025;21.10.2026;16.06.2026;Produktionsproblem;Aprepitant Zentiva 80 mg und 125 mg Hartkapseln;A04AD12;Aprepitant;nein;Zentiva Pharma GmbH;N/A;MedInfo.DE@zentiva.com;Probleme in der Herstellung;Notwendige Variations wurden dem Zulassungsinhaber vom Lohnhersteller nicht rechtzeitig angekündigt.;N/A;03.11.2025;Vorgesehen;Hartkapsel,Hartkapsel;versrel
04007849;2141364;LE2026002190;LE2026002022;Änderungsmeldung;01.06.2026;29.01.2027;16.06.2026;Sonstige;Dexamethason 1,5 mg Jenapharm;H02AB02;Dexamethason;ja;Mibe GmbH Arzneimittel;034954 2470;zulassung-sekretariat@mibegmbh.de;Sonstige;N/A;N/A;02.06.2026;Nein;Tablette;verskri (auch versrel)
06637750;2104740;LE2026002166;LE2026000496;Änderungsmeldung;04.02.2026;31.12.2026;15.06.2026;Sonstige;Prostavasin 20 µg;C01EA01;Alprostadil;ja;Amdipharm Limited;N/A;fzimmermann@productlife-group.com;Erhöhte Nachfrage;N/A;Prostavasin 20 µg - Einreichungsnummer: 2104740;04.02.2026;Vorgesehen;Trockensubstanz;versrel
04174139;2170562;LE2026002131;LE2025003331;Änderungsmeldung;19.09.2025;13.12.2026;12.06.2026;Sonstige;Seroquel Prolong 200 mg Retardtabletten;N05AH04;Quetiapinfumarat (Ph.Eur.);nein;Cheplapharm Arzneimittel GmbH;+49 3834 451-0;ra-seroquel@cheplapharm.com;Erhöhte Nachfrage;Competitors stockout;N/A;19.09.2025;Nein;Retardtablette;weder versrel noch verskri
04174412;2170562;LE2026002131;LE2025003331;Änderungsmeldung;19.09.2025;13.12.2026;12.06.2026;Sonstige;Seroquel Prolong 200 mg Retardtabletten;N05AH04;Quetiapinfumarat (Ph.Eur.);nein;Cheplapharm Arzneimittel GmbH;+49 3834 451-0;ra-seroquel@cheplapharm.com;Erhöhte Nachfrage;Competitors stockout;N/A;19.09.2025;Nein;Retardtablette;weder versrel noch verskri
04644852;0065494;LE2026002124;LE2025002594;Änderungsmeldung;15.07.2025;02.11.2026;11.06.2026;Produktionsproblem;Skid 100mg;J01AA08;Minocyclinhydrochlorid-Dihydrat (Ph.Eur.);nein;Winthrop Arzneimittel GmbH;0800 53 53 010;MedInfo.DE@zentiva.com;Sonstige;Anpassung des Herstellung;N/A;25.07.2025;Vorgesehen;Filmtablette;verskri (auch versrel)
11083928;2191318;LE2026002074;LE2025004378;Änderungsmeldung;04.08.2025;31.12.2026;05.06.2026;Sonstige;ATORVASTATIN BASICS 30 mg Filmtabletten;C10AA05;Atorvastatin-Calcium-Trihydrat (Ph.Eur.);nein;Basics GmbH;N/A;dominik.lucke@sunpharma.com;Probleme beim Wirkstoffhersteller;;N/A;05.12.2025;Nein;Filmtablette;versrel
09947215;2195204;LE2026002073;LE2025000405;Änderungsmeldung;31.01.2025;30.09.2026;05.06.2026;Produktionsproblem;Quetiapin - 1 A Pharma 400 mg Retardtabletten;N05AH04;Quetiapinfumarat (Ph.Eur.);nein;1 A Pharma GmbH;N/A;info@1apharma.com;Probleme in der Herstellung;N/A;N/A;03.02.2025;Vorgesehen;Retardtablette;weder versrel noch verskri
09947238;2195204;LE2026002073;LE2025000405;Änderungsmeldung;31.01.2025;30.09.2026;05.06.2026;Produktionsproblem;Quetiapin - 1 A Pharma 400 mg Retardtabletten;N05AH04;Quetiapinfumarat (Ph.Eur.);nein;1 A Pharma GmbH;N/A;info@1apharma.com;Probleme in der Herstellung;N/A;N/A;03.02.2025;Vorgesehen;Retardtablette;weder versrel noch verskri
09947244;2195204;LE2026002073;LE2025000405;Änderungsmeldung;31.01.2025;30.09.2026;05.06.2026;Produktionsproblem;Quetiapin - 1 A Pharma 400 mg Retardtabletten;N05AH04;Quetiapinfumarat (Ph.Eur.);nein;1 A Pharma GmbH;N/A;info@1apharma.com;Probleme in der Herstellung;N/A;N/A;03.02.2025;Vorgesehen;Retardtablette;weder versrel noch verskri
11510595;2613314;LE2026002038;LE2026000812;Änderungsmeldung;20.02.2026;31.07.2026;03.06.2026;Produktionsproblem;IQYMUNE;J06BA02;Immunglobulin G vom Menschen;ja;Laboratoire Francais du Fractionnement et des Biotechnologies;+49 251 60935 554 ;christoph.buss@diapharm.de;Probleme in der Herstellung;N/A;Kiovig - Einreichungsnummer: 2670220;02.03.2026;Ja;Infusionslösung;verskri (auch versrel)
11510626;2613314;LE2026002038;LE2026000812;Änderungsmeldung;20.02.2026;31.07.2026;03.06.2026;Produktionsproblem;IQYMUNE;J06BA02;Immunglobulin G vom Menschen;ja;Laboratoire Francais du Fractionnement et des Biotechnologies;+49 251 60935 554 ;christoph.buss@diapharm.de;Probleme in der Herstellung;N/A;Kiovig - Einreichungsnummer: 2670220;02.03.2026;Ja;Infusionslösung;verskri (auch versrel)
03495433;0792053;LE2026002032;LE2026001910;Änderungsmeldung;08.06.2026;14.10.2026;03.06.2026;Sonstige;Oxytocin 5 I.E. Hexal;H01BB02;Oxytocin;ja;H e x a l  Aktiengesellschaft;N/A;service@hexal.com;Sonstige;N/A;Oxytocin 10 I.E. Hexal - Einreichungsnummer: 0792024;27.05.2026;Vorgesehen;Injektionslösung/Konzentrat zur Herstellung einer Infusionslösung;verskri (auch versrel)
09266716;2181736;LE2026002027;N/A;Erstmeldung;30.06.2026;31.03.2027;02.06.2026;Sonstige;Cisatracurium-hameln 2 mg/ml Injektionslösung/Infusionslösung;M03AC11;Cisatracuriumbesilat;ja;hameln pharma gmbh;004951518050245;customer.service@hameln-pharma.com;Sonstige;Transfer verzögert sich aus Kapazitätsgründen;Cisatracurium-hameln 2 mg/ml Injektionslösung/Infusionslösung - Einreichungsnummer: 2181736;02.06.2026;Vorgesehen;Injektions-/Infusionslösung;versrel
09381914;2184387;LE2026002014;LE2025000789;Änderungsmeldung;25.02.2025;15.09.2026;02.06.2026;Sonstige;Galantamin-neuraxpharm 24 mg Hartkapseln, retardiert;N06DA04;Galantaminhydrobromid;nein;neuraxpharm Arzneimittel GmbH;0217310600;info@neuraxpharm.de;Unzureichende Produktionskapazitäten;N/A;N/A;06.03.2025;Nein;Hartkapsel, retardiert;weder versrel noch verskri
09381771;2184386;LE2026002012;LE2025000788;Änderungsmeldung;11.02.2025;15.09.2026;02.06.2026;Sonstige;Galantamin-neuraxpharm 16 mg Hartkapseln, retardiert;N06DA04;Galantaminhydrobromid;nein;neuraxpharm Arzneimittel GmbH;0217310600;info@neuraxpharm.de;Unzureichende Produktionskapazitäten;N/A;N/A;06.03.2025;Nein;Hartkapsel, retardiert;weder versrel noch verskri
09381788;2184386;LE2026002012;LE2025000788;Änderungsmeldung;11.02.2025;15.09.2026;02.06.2026;Sonstige;Galantamin-neuraxpharm 16 mg Hartkapseln, retardiert;N06DA04;Galantaminhydrobromid;nein;neuraxpharm Arzneimittel GmbH;0217310600;info@neuraxpharm.de;Unzureichende Produktionskapazitäten;N/A;N/A;06.03.2025;Nein;Hartkapsel, retardiert;weder versrel noch verskri
09381819;2184386;LE2026002012;LE2025000788;Änderungsmeldung;11.02.2025;15.09.2026;02.06.2026;Sonstige;Galantamin-neuraxpharm 16 mg Hartkapseln, retardiert;N06DA04;Galantaminhydrobromid;nein;neuraxpharm Arzneimittel GmbH;0217310600;info@neuraxpharm.de;Unzureichende Produktionskapazitäten;N/A;N/A;06.03.2025;Nein;Hartkapsel, retardiert;weder versrel noch verskri
09381742;2184385;LE2026002010;LE2025000786;Änderungsmeldung;02.01.2025;15.09.2026;02.06.2026;Sonstige;Galantamin-neuraxpharm 8 mg Hartkapseln, retardiert;N06DA04;Galantaminhydrobromid;nein;neuraxpharm Arzneimittel GmbH;0217310600;info@neuraxpharm.de;Unzureichende Produktionskapazitäten;N/A;N/A;06.03.2025;Nein;Hartkapsel, retardiert;weder versrel noch verskri
14289547;2184385;LE2026002010;LE2025000786;Änderungsmeldung;02.01.2025;15.09.2026;02.06.2026;Sonstige;Galantamin-neuraxpharm 8 mg Hartkapseln, retardiert;N06DA04;Galantaminhydrobromid;nein;neuraxpharm Arzneimittel GmbH;0217310600;info@neuraxpharm.de;Unzureichende Produktionskapazitäten;N/A;N/A;06.03.2025;Nein;Hartkapsel, retardiert;weder versrel noch verskri
14289553;2184385;LE2026002010;LE2025000786;Änderungsmeldung;02.01.2025;15.09.2026;02.06.2026;Sonstige;Galantamin-neuraxpharm 8 mg Hartkapseln, retardiert;N06DA04;Galantaminhydrobromid;nein;neuraxpharm Arzneimittel GmbH;0217310600;info@neuraxpharm.de;Unzureichende Produktionskapazitäten;N/A;N/A;06.03.2025;Nein;Hartkapsel, retardiert;weder versrel noch verskri
03277618;2164689;LE2026001880;N/A;Erstmeldung;22.05.2026;31.08.2026;22.05.2026;Produktionsproblem;Ciprofloxacin Kabi 200 mg/100 ml Infusionslösung;J01MA02;Ciprofloxacinsulfat (1:1);ja;Fresenius Kabi Deutschland GmbH;+49 6172 686 6299;anfragen_generics_fluids@fresenius-kabi.de;Probleme in der Herstellung;30% der regulären Menge verfügbar, Alternativlieferanten vorhanden;Ciprofloxacin 2 mg/ml Infusionslösung - Einreichungsnummer: 2170351;22.05.2026;Vorgesehen;Infusionslösung;verskri (auch versrel)
03277624;2164690;LE2026001879;N/A;Erstmeldung;22.05.2026;31.08.2026;22.05.2026;Produktionsproblem;Ciprofloxacin Kabi 400 mg/200 ml Infusionslösung;J01MA02;Ciprofloxacinsulfat (1:1);ja;Fresenius Kabi Deutschland GmbH;+49 6172 686 6299;anfragen_generics_fluids@fresenius-kabi.de;Probleme in der Herstellung;60% der regulären Menge verfügbar, Alternativlieferanten verfügbar;Ciprofloxacin 2 mg/ml Infusionslösung - Einreichungsnummer: 2170351;22.05.2026;Vorgesehen;Infusionslösung;verskri (auch versrel)
01268325;0073275;LE2026001845;LE2025001986;Änderungsmeldung;11.06.2025;18.12.2026;20.05.2026;Sonstige;Calcium-EAP;A12AA;(2-Aminoethyl)dihydrogenphosphat-Calciumsalz (1:1);nein;Dr. Franz Köhler Chemie GmbH;062511083373;i.lulovic@koehler-chemie.de;Sonstige;Die Qualitätskontrolle ist zum aktuellen Zeitpunkt nicht abschließend möglich.;Calciumgluconat B.Braun 10% Injektionslösung - Einreichungsnummer: 0697892;12.06.2025;Vorgesehen;Injektionslösung;weder versrel noch verskri
01268331;0073275;LE2026001845;LE2025001986;Änderungsmeldung;11.06.2025;18.12.2026;20.05.2026;Sonstige;Calcium-EAP;A12AA;(2-Aminoethyl)dihydrogenphosphat-Calciumsalz (1:1);nein;Dr. Franz Köhler Chemie GmbH;062511083373;i.lulovic@koehler-chemie.de;Sonstige;Die Qualitätskontrolle ist zum aktuellen Zeitpunkt nicht abschließend möglich.;Calciumgluconat B.Braun 10% Injektionslösung - Einreichungsnummer: 0697892;12.06.2025;Vorgesehen;Injektionslösung;weder versrel noch verskri
04172809;2170561;LE2026001819;LE2026000707;Änderungsmeldung;18.02.2026;07.11.2026;13.05.2026;Sonstige;Seroquel Prolong 50 mg Retardtabletten;N05AH04;Quetiapinfumarat (Ph.Eur.);nein;Cheplapharm Arzneimittel GmbH;+49 3834 451-0;RA-Seroquel@cheplapharm.com;Erhöhte Nachfrage;Generics out of stock;N/A;24.02.2026;Nein;Retardtablette;weder versrel noch verskri
04172815;2170561;LE2026001819;LE2026000707;Änderungsmeldung;18.02.2026;07.11.2026;13.05.2026;Sonstige;Seroquel Prolong 50 mg Retardtabletten;N05AH04;Quetiapinfumarat (Ph.Eur.);nein;Cheplapharm Arzneimittel GmbH;+49 3834 451-0;RA-Seroquel@cheplapharm.com;Erhöhte Nachfrage;Generics out of stock;N/A;24.02.2026;Nein;Retardtablette;weder versrel noch verskri
01015601;2111605;LE2026001795;N/A;Erstmeldung;11.05.2026;15.01.2027;11.05.2026;Sonstige;Diltiazem AbZ 90mg Retardtabletten;C08DB01;Diltiazemhydrochlorid;nein;AbZ-Pharma GmbH;N/A;info@AbZ.de;Sonstige;N/A;N/A;11.05.2026;Vorgesehen;Retardtablette;weder versrel noch verskri
01015593;2111603;LE2026001794;N/A;Erstmeldung;11.05.2026;15.01.2027;11.05.2026;Sonstige;Diltiazem AbZ 60 mg Tabletten;C08DB01;Diltiazemhydrochlorid;nein;AbZ-Pharma GmbH;N/A;info@ratiopharm.de;Sonstige;N/A;N/A;11.05.2026;Vorgesehen;Tablette;weder versrel noch verskri
06896397;2137031;LE2026001793;N/A;Erstmeldung;11.05.2026;15.01.2027;11.05.2026;Sonstige;Diltiazem-ratiopharm 60 mg Tabletten;C08DB01;Diltiazemhydrochlorid;nein;ratiopharm GmbH;N/A;info@ratiopharm.de;Sonstige;N/A;N/A;11.05.2026;Vorgesehen;Tablette;weder versrel noch verskri
01313244;2131989;LE2026001780;LE2026001778;Änderungsmeldung;04.05.2026;31.12.2026;08.05.2026;Produktionsproblem;DISOPRIVAN 2%;N01AX10;Propofol;ja;Aspen Pharma Trading Limited;N/A;de_quality@aspenpharma.eu;Probleme in der Herstellung;N/A;DISOPRIVAN 1% - Einreichungsnummer: 2131362;08.05.2026;Nein;Emulsion zur Injektion;versrel
07588338;2131362;LE2026001779;N/A;Erstmeldung;01.05.2026;31.12.2026;08.05.2026;Produktionsproblem;DISOPRIVAN 1%;N01AX10;Propofol;ja;Aspen Pharma Trading Limited;N/A;de_quality@aspenpharma.eu;Probleme in der Herstellung;N/A;DISOPRIVAN 1% - Einreichungsnummer: 2131362;08.05.2026;Nein;Emulsion zur Injektion;versrel
18302397;7000421;LE2026001772;LE2026000079;Änderungsmeldung;09.12.2025;07.03.2027;07.05.2026;Produktionsproblem;Paliperidon Advanz Pharma 150 mg Depot-Injektionssuspension in einer Fertigspritze;N05AX13;Paliperidonpalmitat;nein;Advanz Pharma Limited;02129 5301577;fzimmermann@productlife-group.com;Probleme in der Herstellung;Nach einer kürzlich durchgeführten Inspektion durch die US-amerikanische Arzneimittelbehörde FDA in 2025 hat Pharmathen die Produktion und den Vertrieb seiner langwirksamen injizierbaren Produkte freiwillig ausgesetzt und führt derzeit notwendige Modernisierungsmaßnahmen in der Produktionsstätte durch.;N/A;07.01.2026;Vorgesehen;Depot-Injektionssuspension in der Fertigspritze;weder versrel noch verskri
18302380;7000420;LE2026001771;LE2026000078;Änderungsmeldung;09.12.2025;07.03.2027;07.05.2026;Produktionsproblem;Paliperidon Advanz Pharma 100 mg Depot-Injektionssuspension in einer Fertigspritze;N05AX13;Paliperidonpalmitat;nein;Advanz Pharma Limited;02129 5301577;fzimmermann@productlife-group.com;Probleme in der Herstellung;N/A;N/A;07.01.2026;Vorgesehen;Depot-Injektionssuspension in der Fertigspritze;weder versrel noch verskri
18302351;7000417;LE2026001770;LE2026000072;Änderungsmeldung;09.12.2025;07.03.2027;07.05.2026;Produktionsproblem;Paliperidon Advanz Pharma 25 mg Depot-Injektionssuspension in einer Fertigspritze;N05AX13;Paliperidonpalmitat;nein;Advanz Pharma Limited;02129 5301577;fzimmermann@productlife-group.com;Probleme in der Herstellung;Nach einer kürzlich durchgeführten Inspektion durch die US-amerikanische Arzneimittelbehörde FDA in 2025 hat Pharmathen die Produktion und den Vertrieb seiner langwirksamen injizierbaren Produkte freiwillig ausgesetzt und führt derzeit notwendige Modernisierungsmaßnahmen in der Produktionsstätte durch.;N/A;07.01.2026;Vorgesehen;Depot-Injektionssuspension in der Fertigspritze;weder versrel noch verskri
18302368;7000418;LE2026001769;LE2026000073;Änderungsmeldung;09.12.2025;07.03.2027;07.05.2026;Produktionsproblem;Paliperidon Advanz Pharma 50 mg Depot-Injektionssuspension in einer Fertigspritze;N05AX13;Paliperidonpalmitat;nein;Advanz Pharma Limited;02129 5301577;fzimmermann@productlife-group.com;Probleme in der Herstellung;Nach einer kürzlich durchgeführten Inspektion durch die US-amerikanische Arzneimittelbehörde FDA in 2025 hat Pharmathen die Produktion und den Vertrieb seiner langwirksamen injizierbaren Produkte freiwillig ausgesetzt und führt derzeit notwendige Modernisierungsmaßnahmen in der Produktionsstätte durch.;N/A;07.01.2026;Vorgesehen;Depot-Injektionssuspension in der Fertigspritze;weder versrel noch verskri
18302374;7000419;LE2026001768;LE2026000074;Änderungsmeldung;09.12.2025;07.03.2027;07.05.2026;Produktionsproblem;Paliperidon Advanz Pharma 75 mg Depot-Injektionssuspension in einer Fertigspritze;N05AX13;Paliperidonpalmitat;nein;Advanz Pharma Limited;02129 5301577;fzimmermann@productlife-group.com;Probleme in der Herstellung;Nach einer kürzlich durchgeführten Inspektion durch die US-amerikanische Arzneimittelbehörde FDA in 2025 hat Pharmathen die Produktion und den Vertrieb seiner langwirksamen injizierbaren Produkte freiwillig ausgesetzt und führt derzeit notwendige Modernisierungsmaßnahmen in der Produktionsstätte durch.;N/A;07.01.2026;Vorgesehen;Depot-Injektionssuspension in der Fertigspritze;weder versrel noch verskri
08845234;2181441;LE2026001761;LE2026001374;Änderungsmeldung;02.04.2026;31.12.2026;07.05.2026;Sonstige;ESOMEPRAZOL BASICS 40 mg magensaftresistente Tabletten;A02BC05;Esomeprazol-Hemimagnesium;nein;Basics GmbH;N/A;dominik.lucke@sunpharma.com;Probleme beim Wirkstoffhersteller;Die PZN 8845257 ist erst seit dem 07.05.2026 lieferunfähig.;N/A;09.04.2026;Nein;magensaftresistente Tablette;weder versrel noch verskri
08845240;2181441;LE2026001761;LE2026001374;Änderungsmeldung;02.04.2026;31.12.2026;07.05.2026;Sonstige;ESOMEPRAZOL BASICS 40 mg magensaftresistente Tabletten;A02BC05;Esomeprazol-Hemimagnesium;nein;Basics GmbH;N/A;dominik.lucke@sunpharma.com;Probleme beim Wirkstoffhersteller;Die PZN 8845257 ist erst seit dem 07.05.2026 lieferunfähig.;N/A;09.04.2026;Nein;magensaftresistente Tablette;weder versrel noch verskri
08845257;2181441;LE2026001761;LE2026001374;Änderungsmeldung;02.04.2026;31.12.2026;07.05.2026;Sonstige;ESOMEPRAZOL BASICS 40 mg magensaftresistente Tabletten;A02BC05;Esomeprazol-Hemimagnesium;nein;Basics GmbH;N/A;dominik.lucke@sunpharma.com;Probleme beim Wirkstoffhersteller;Die PZN 8845257 ist erst seit dem 07.05.2026 lieferunfähig.;N/A;09.04.2026;Nein;magensaftresistente Tablette;weder versrel noch verskri
01058846;0428117;LE2026001691;LE2025001267;Änderungsmeldung;30.01.2025;31.12.2026;04.05.2026;Sonstige;Ubretid Tabletten;N07AA03;Distigminbromid;nein;Cheplapharm Arzneimittel GmbH;N/A;RA-Distigmine@cheplapharm.com;Probleme beim Wirkstoffhersteller;N/A;N/A;11.04.2025;Nein;Tablette;versrel
02499765;0428117;LE2026001691;LE2025001267;Änderungsmeldung;30.01.2025;31.12.2026;04.05.2026;Sonstige;Ubretid Tabletten;N07AA03;Distigminbromid;nein;Cheplapharm Arzneimittel GmbH;N/A;RA-Distigmine@cheplapharm.com;Probleme beim Wirkstoffhersteller;N/A;N/A;11.04.2025;Nein;Tablette;versrel
20083293;2670699;LE2026001683;LE2025003773;Änderungsmeldung;17.09.2025;26.06.2028;04.05.2026;Produktionsproblem;Scintimun;V09HA03;Besilesomab;nein;TELIX INNOVATIONS Rechtsform: S.A.;0032473436126;caroline.defraiteur@telixpharma.com;Probleme in der Herstellung;Please refer to the EMA shortage extension notification submitted to EMA on 22 April 2026 through ESMP portal;EFDEGE 1 GBq/ml, Injektionslösung - Einreichungsnummer: 2159726;28.10.2025;Nein;Pulver,Pulver;weder versrel noch verskri
09280231;2180767;LE2026001663;LE2025004605;Änderungsmeldung;15.12.2025;31.03.2028;04.05.2026;Sonstige;Dexafluid 1 mg/ml Augentropfen;S01BA01;Dexamethasondihydrogenphosphat-Dinatrium (Ph.Eur.);nein;Mibe GmbH Arzneimittel;034954 2470;zulassung-sekretariat@mibegmbh.de;Sonstige;N/A;N/A;18.12.2025;Nein;Augentropfen;verskri (auch versrel)
07577926;2131179;LE2026001635;LE2025004143;Änderungsmeldung;20.11.2025;30.09.2026;29.04.2026;Produktionsproblem;Mivacron 20mg;M03AC10;Mivacuriumchlorid;ja;Aspen Pharma Trading Limited;N/A;de_quality@aspenpharma.eu;Probleme in der Herstellung;N/A;N/A;24.11.2025;Nein;Flüssige Verdünnung zur Injektion;weder versrel noch verskri
00627414;0070615;LE2026001560;LE2025004146;Änderungsmeldung;24.11.2025;31.10.2026;24.04.2026;Produktionsproblem;Tardocillin 1200;J01CE08;Benzylpenicillin-Benzathin-Tetrahydrat (Ph.Eur.) ((mit Angaben zum Dispergier- oder Suspendiermittel));ja;INFECTOPHARM Arzneimittel und Consilium GmbH;+496252957000;shortages@infectopharm.com;Probleme in der Herstellung;N/A;Tardocillin 1200 - Einreichungsnummer: 0070615;24.11.2025;Nein;Injektionssuspension;verskri (auch versrel)
00627443;0070615;LE2026001560;LE2025004146;Änderungsmeldung;24.11.2025;31.10.2026;24.04.2026;Produktionsproblem;Tardocillin 1200;J01CE08;Benzylpenicillin-Benzathin-Tetrahydrat (Ph.Eur.) ((mit Angaben zum Dispergier- oder Suspendiermittel));ja;INFECTOPHARM Arzneimittel und Consilium GmbH;+496252957000;shortages@infectopharm.com;Probleme in der Herstellung;N/A;Tardocillin 1200 - Einreichungsnummer: 0070615;24.11.2025;Nein;Injektionssuspension;verskri (auch versrel)
01005181;0070615;LE2026001560;LE2025004146;Änderungsmeldung;24.11.2025;31.10.2026;24.04.2026;Produktionsproblem;Tardocillin 1200;J01CE08;Benzylpenicillin-Benzathin-Tetrahydrat (Ph.Eur.) ((mit Angaben zum Dispergier- oder Suspendiermittel));ja;INFECTOPHARM Arzneimittel und Consilium GmbH;+496252957000;shortages@infectopharm.com;Probleme in der Herstellung;N/A;Tardocillin 1200 - Einreichungsnummer: 0070615;24.11.2025;Nein;Injektionssuspension;verskri (auch versrel)
01686353;2125465;LE2026001532;LE2026000094;Änderungsmeldung;22.04.2026;30.09.2026;22.04.2026;Produktionsproblem;Dimaval;TERM_ID_NA_2090009606;(RS)-2,3-Bis(sulfanyl)propan-1-sulfonsäure-Natriumsalz-Monohydrat;ja;H e y l Chemisch-pharmazeutische Fabrik GmbH & Co. KG;030816960;info@heylgroup.com;Probleme in der Herstellung;N/A;Dimaval (DMPS) 100 mg Hartkapseln - Einreichungsnummer: 0813507;08.01.2026;Nein;Injektionslösung;weder versrel noch verskri
01686399;2125465;LE2026001532;LE2026000094;Änderungsmeldung;22.04.2026;30.09.2026;22.04.2026;Produktionsproblem;Dimaval;TERM_ID_NA_2090009606;(RS)-2,3-Bis(sulfanyl)propan-1-sulfonsäure-Natriumsalz-Monohydrat;ja;H e y l Chemisch-pharmazeutische Fabrik GmbH & Co. KG;030816960;info@heylgroup.com;Probleme in der Herstellung;N/A;Dimaval (DMPS) 100 mg Hartkapseln - Einreichungsnummer: 0813507;08.01.2026;Nein;Injektionslösung;weder versrel noch verskri
19158620;7011298;LE2026001526;N/A;Erstmeldung;21.04.2026;16.11.2026;22.04.2026;Sonstige;Dabigatranetexilat Viatris 150 mg Hartkapseln;B01AE07;Dabigatranetexilatmesilat;nein;Viatris Germany GmbH;08000700800;kundenservice@viatris.com;Erhöhte Nachfrage;N/A;N/A;22.04.2026;Nein;Hartkapsel;versrel
19158637;7011298;LE2026001526;N/A;Erstmeldung;21.04.2026;16.11.2026;22.04.2026;Sonstige;Dabigatranetexilat Viatris 150 mg Hartkapseln;B01AE07;Dabigatranetexilatmesilat;nein;Viatris Germany GmbH;08000700800;kundenservice@viatris.com;Erhöhte Nachfrage;N/A;N/A;22.04.2026;Nein;Hartkapsel;versrel
06081206;2170564;LE2026001453;LE2026001091;Änderungsmeldung;11.03.2026;30.10.2026;16.04.2026;Sonstige;Seroquel Prolong 400 mg Retardtabletten;N05AH04;Quetiapinfumarat (Ph.Eur.);nein;Cheplapharm Arzneimittel GmbH;03834 451 0;RA-Seroquel@cheplapharm.com;Erhöhte Nachfrage;Competitors stockout;N/A;23.03.2026;Nein;Retardtablette;weder versrel noch verskri
06081212;2170564;LE2026001453;LE2026001091;Änderungsmeldung;11.03.2026;30.10.2026;16.04.2026;Sonstige;Seroquel Prolong 400 mg Retardtabletten;N05AH04;Quetiapinfumarat (Ph.Eur.);nein;Cheplapharm Arzneimittel GmbH;03834 451 0;RA-Seroquel@cheplapharm.com;Erhöhte Nachfrage;Competitors stockout;N/A;23.03.2026;Nein;Retardtablette;weder versrel noch verskri
04543944;0820163;LE2026001391;N/A;Erstmeldung;10.04.2026;30.06.2027;10.04.2026;Sonstige;INFECTOMYCIN 600 Saft;J01FA01;Erythromycinestolat;ja;INFECTOPHARM Arzneimittel und Consilium GmbH;4906252957000;shortages@infectopharm.com;Sonstige;N/A;INFECTOMYCIN 400 Saft - Einreichungsnummer: 0610075;10.04.2026;Nein;Pulver zur Herstellung einer Suspension zum Einnehmen;verskri (auch versrel)
03746740;0245368;LE2026001388;LE2025002434;Änderungsmeldung;15.07.2025;15.07.2028;10.04.2026;Produktionsproblem;Atosil Injektionslösung N;R06AD02;Promethazinhydrochlorid;ja;Desitin Arzneimittel GmbH;N/A;info@desitin.de;Herstellerwechsel;Transfer;N/A;11.07.2025;Nein;Injektionslösung;versrel
00421799;0016828;LE2026001386;LE2025004145;Änderungsmeldung;24.11.2025;15.03.2028;10.04.2026;Produktionsproblem;Glianimon 2 ml;N05AD07;Benperidol;ja;Desitin Arzneimittel GmbH;N/A;info@desitin.de;Herstellerwechsel;n.a.;N/A;24.11.2025;Nein;Injektionslösung;weder versrel noch verskri
08837565;2174283;LE2026001382;N/A;Erstmeldung;02.04.2026;31.12.2026;09.04.2026;Sonstige;OLANZAPIN BASICS 2,5 mg Tabletten;N05AH03;Olanzapin;nein;Basics GmbH;N/A;dominik.lucke@sunpharma.com;Probleme beim Wirkstoffhersteller;N/A;N/A;09.04.2026;Nein;Tablette;weder versrel noch verskri
09482986;2183809;LE2026001380;N/A;Erstmeldung;02.04.2026;31.12.2026;09.04.2026;Sonstige;LEVETIRACETAM BASICS 750 mg Filmtabletten;N03AX14;Levetiracetam;nein;Basics GmbH;N/A;dominik.lucke@sunpharma.com;Probleme beim Wirkstoffhersteller;N/A;N/A;09.04.2026;Nein;Filmtablette;versrel
09482897;2183807;LE2026001379;LE2026000900;Änderungsmeldung;01.01.2025;31.12.2026;09.04.2026;Sonstige;LEVETIRACETAM BASICS 250 mg Filmtabletten;N03AX14;Levetiracetam;nein;Basics GmbH;N/A;dominik.lucke@sunpharma.com;Probleme beim Wirkstoffhersteller;N/A;N/A;06.03.2026;Nein;Filmtablette;versrel
09482905;2183807;LE2026001379;LE2026000900;Änderungsmeldung;01.01.2025;31.12.2026;09.04.2026;Sonstige;LEVETIRACETAM BASICS 250 mg Filmtabletten;N03AX14;Levetiracetam;nein;Basics GmbH;N/A;dominik.lucke@sunpharma.com;Probleme beim Wirkstoffhersteller;N/A;N/A;06.03.2026;Nein;Filmtablette;versrel
09482911;2183807;LE2026001379;LE2026000900;Änderungsmeldung;01.01.2025;31.12.2026;09.04.2026;Sonstige;LEVETIRACETAM BASICS 250 mg Filmtabletten;N03AX14;Levetiracetam;nein;Basics GmbH;N/A;dominik.lucke@sunpharma.com;Probleme beim Wirkstoffhersteller;N/A;N/A;06.03.2026;Nein;Filmtablette;versrel
09482992;2183810;LE2026001378;LE2026000901;Änderungsmeldung;02.12.2025;31.12.2026;09.04.2026;Sonstige;LEVETIRACETAM BASICS 1000 mg Filmtabletten;N03AX14;Levetiracetam;nein;Basics GmbH;N/A;dominik.lucke@sunpharma.com;Probleme beim Wirkstoffhersteller;Die PZN 9483000 ist erst seit dem 20.01.2026 lieferunfähig.;N/A;06.03.2026;Nein;Filmtablette;versrel
09483000;2183810;LE2026001378;LE2026000901;Änderungsmeldung;02.12.2025;31.12.2026;09.04.2026;Sonstige;LEVETIRACETAM BASICS 1000 mg Filmtabletten;N03AX14;Levetiracetam;nein;Basics GmbH;N/A;dominik.lucke@sunpharma.com;Probleme beim Wirkstoffhersteller;Die PZN 9483000 ist erst seit dem 20.01.2026 lieferunfähig.;N/A;06.03.2026;Nein;Filmtablette;versrel
09483017;2183810;LE2026001378;LE2026000901;Änderungsmeldung;02.12.2025;31.12.2026;09.04.2026;Sonstige;LEVETIRACETAM BASICS 1000 mg Filmtabletten;N03AX14;Levetiracetam;nein;Basics GmbH;N/A;dominik.lucke@sunpharma.com;Probleme beim Wirkstoffhersteller;Die PZN 9483000 ist erst seit dem 20.01.2026 lieferunfähig.;N/A;06.03.2026;Nein;Filmtablette;versrel
13426841;2197280;LE2026001377;LE2026000535;Änderungsmeldung;06.11.2025;31.12.2026;09.04.2026;Sonstige;ISOTRETINOIN BASICS 20 mg Weichkapseln;D10BA01;Isotretinoin;nein;Basics GmbH;N/A;dominik.lucke@sunpharma.com;Unzureichende Produktionskapazitäten;Die PZN 13426887 ist erst seit dem 02.01.2026 lieferunfähig.Die PZN 13426841 ist erst seit dem 07.01.2026 lieferunfähig.Die PZN 13426870 ist erst seit dem 04.05.2026 lieferunfähig.;N/A;06.02.2026;Nein;Weichkapsel;versrel
13426864;2197280;LE2026001377;LE2026000535;Änderungsmeldung;06.11.2025;31.12.2026;09.04.2026;Sonstige;ISOTRETINOIN BASICS 20 mg Weichkapseln;D10BA01;Isotretinoin;nein;Basics GmbH;N/A;dominik.lucke@sunpharma.com;Unzureichende Produktionskapazitäten;Die PZN 13426887 ist erst seit dem 02.01.2026 lieferunfähig.Die PZN 13426841 ist erst seit dem 07.01.2026 lieferunfähig.Die PZN 13426870 ist erst seit dem 04.05.2026 lieferunfähig.;N/A;06.02.2026;Nein;Weichkapsel;versrel
13426870;2197280;LE2026001377;LE2026000535;Änderungsmeldung;06.11.2025;31.12.2026;09.04.2026;Sonstige;ISOTRETINOIN BASICS 20 mg Weichkapseln;D10BA01;Isotretinoin;nein;Basics GmbH;N/A;dominik.lucke@sunpharma.com;Unzureichende Produktionskapazitäten;Die PZN 13426887 ist erst seit dem 02.01.2026 lieferunfähig.Die PZN 13426841 ist erst seit dem 07.01.2026 lieferunfähig.Die PZN 13426870 ist erst seit dem 04.05.2026 lieferunfähig.;N/A;06.02.2026;Nein;Weichkapsel;versrel
13426887;2197280;LE2026001377;LE2026000535;Änderungsmeldung;06.11.2025;31.12.2026;09.04.2026;Sonstige;ISOTRETINOIN BASICS 20 mg Weichkapseln;D10BA01;Isotretinoin;nein;Basics GmbH;N/A;dominik.lucke@sunpharma.com;Unzureichende Produktionskapazitäten;Die PZN 13426887 ist erst seit dem 02.01.2026 lieferunfähig.Die PZN 13426841 ist erst seit dem 07.01.2026 lieferunfähig.Die PZN 13426870 ist erst seit dem 04.05.2026 lieferunfähig.;N/A;06.02.2026;Nein;Weichkapsel;versrel
13426769;2197279;LE2026001376;LE2026000534;Änderungsmeldung;11.10.2025;31.12.2026;09.04.2026;Sonstige;ISOTRETINOIN BASICS 10 mg Weichkapseln;D10BA01;Isotretinoin;nein;Basics GmbH;N/A;dominik.lucke@sunpharma.com;Unzureichende Produktionskapazitäten;Die PZN 13426806 ist erst seit dem 25.11.2025 lieferunfähig.Die PZN 13426769 ist erst seit dem 01.12.2025 lieferunfähig.Die PZN 13426812 ist erst seit dem 02.04.2026 lieferunfähig.;N/A;06.02.2026;Nein;Weichkapsel;versrel
13426806;2197279;LE2026001376;LE2026000534;Änderungsmeldung;11.10.2025;31.12.2026;09.04.2026;Sonstige;ISOTRETINOIN BASICS 10 mg Weichkapseln;D10BA01;Isotretinoin;nein;Basics GmbH;N/A;dominik.lucke@sunpharma.com;Unzureichende Produktionskapazitäten;Die PZN 13426806 ist erst seit dem 25.11.2025 lieferunfähig.Die PZN 13426769 ist erst seit dem 01.12.2025 lieferunfähig.Die PZN 13426812 ist erst seit dem 02.04.2026 lieferunfähig.;N/A;06.02.2026;Nein;Weichkapsel;versrel
13426812;2197279;LE2026001376;LE2026000534;Änderungsmeldung;11.10.2025;31.12.2026;09.04.2026;Sonstige;ISOTRETINOIN BASICS 10 mg Weichkapseln;D10BA01;Isotretinoin;nein;Basics GmbH;N/A;dominik.lucke@sunpharma.com;Unzureichende Produktionskapazitäten;Die PZN 13426806 ist erst seit dem 25.11.2025 lieferunfähig.Die PZN 13426769 ist erst seit dem 01.12.2025 lieferunfähig.Die PZN 13426812 ist erst seit dem 02.04.2026 lieferunfähig.;N/A;06.02.2026;Nein;Weichkapsel;versrel
13426829;2197279;LE2026001376;LE2026000534;Änderungsmeldung;11.10.2025;31.12.2026;09.04.2026;Sonstige;ISOTRETINOIN BASICS 10 mg Weichkapseln;D10BA01;Isotretinoin;nein;Basics GmbH;N/A;dominik.lucke@sunpharma.com;Unzureichende Produktionskapazitäten;Die PZN 13426806 ist erst seit dem 25.11.2025 lieferunfähig.Die PZN 13426769 ist erst seit dem 01.12.2025 lieferunfähig.Die PZN 13426812 ist erst seit dem 02.04.2026 lieferunfähig.;N/A;06.02.2026;Nein;Weichkapsel;versrel
15744367;2200519;LE2026001373;LE2025001820;Änderungsmeldung;22.05.2025;31.12.2026;09.04.2026;Produktionsproblem;ESOMEPRAZOL BASICS 40 mg magensaftresistente Hartkapseln;A02BC05;Esomeprazol-Hemimagnesium;nein;Basics GmbH;N/A;dominik.lucke@sunpharma.com;Probleme in der Herstellung;Die PZN 15744367 ist erst seit dem 18.11.2025 lieferunfähig.Die PZN 15744396 ist erst seit dem 12.02.2026 lieferunfähig.Die PZN 15744404 ist erst seit dem 09.04.2026 lieferunfähig.;N/A;27.05.2025;Nein;magensaftresistente Hartkapsel;weder versrel noch verskri
15744373;2200519;LE2026001373;LE2025001820;Änderungsmeldung;22.05.2025;31.12.2026;09.04.2026;Produktionsproblem;ESOMEPRAZOL BASICS 40 mg magensaftresistente Hartkapseln;A02BC05;Esomeprazol-Hemimagnesium;nein;Basics GmbH;N/A;dominik.lucke@sunpharma.com;Probleme in der Herstellung;Die PZN 15744367 ist erst seit dem 18.11.2025 lieferunfähig.Die PZN 15744396 ist erst seit dem 12.02.2026 lieferunfähig.Die PZN 15744404 ist erst seit dem 09.04.2026 lieferunfähig.;N/A;27.05.2025;Nein;magensaftresistente Hartkapsel;weder versrel noch verskri
15744396;2200519;LE2026001373;LE2025001820;Änderungsmeldung;22.05.2025;31.12.2026;09.04.2026;Produktionsproblem;ESOMEPRAZOL BASICS 40 mg magensaftresistente Hartkapseln;A02BC05;Esomeprazol-Hemimagnesium;nein;Basics GmbH;N/A;dominik.lucke@sunpharma.com;Probleme in der Herstellung;Die PZN 15744367 ist erst seit dem 18.11.2025 lieferunfähig.Die PZN 15744396 ist erst seit dem 12.02.2026 lieferunfähig.Die PZN 15744404 ist erst seit dem 09.04.2026 lieferunfähig.;N/A;27.05.2025;Nein;magensaftresistente Hartkapsel;weder versrel noch verskri
15744404;2200519;LE2026001373;LE2025001820;Änderungsmeldung;22.05.2025;31.12.2026;09.04.2026;Produktionsproblem;ESOMEPRAZOL BASICS 40 mg magensaftresistente Hartkapseln;A02BC05;Esomeprazol-Hemimagnesium;nein;Basics GmbH;N/A;dominik.lucke@sunpharma.com;Probleme in der Herstellung;Die PZN 15744367 ist erst seit dem 18.11.2025 lieferunfähig.Die PZN 15744396 ist erst seit dem 12.02.2026 lieferunfähig.Die PZN 15744404 ist erst seit dem 09.04.2026 lieferunfähig.;N/A;27.05.2025;Nein;magensaftresistente Hartkapsel;weder versrel noch verskri
15744321;2200518;LE2026001371;LE2025001819;Änderungsmeldung;22.05.2025;31.12.2026;09.04.2026;Produktionsproblem;ESOMEPRAZOL BASICS 20 mg magensaftresistente Hartkapseln;A02BC05;Esomeprazol-Hemimagnesium;nein;Basics GmbH;N/A;dominik.lucke@sunpharma.com;Probleme in der Herstellung;Die PZN 15744321 ist erst seit dem 08.01.2026 lieferunfähig.Die PZN 15744344 ist erst seit dem 12.02.2026 lieferunfähig.Die PZN 15744350 ist erst seit dem 20.02.2026 lieferunfähig.;N/A;27.05.2025;Nein;magensaftresistente Hartkapsel;weder versrel noch verskri
15744338;2200518;LE2026001371;LE2025001819;Änderungsmeldung;22.05.2025;31.12.2026;09.04.2026;Produktionsproblem;ESOMEPRAZOL BASICS 20 mg magensaftresistente Hartkapseln;A02BC05;Esomeprazol-Hemimagnesium;nein;Basics GmbH;N/A;dominik.lucke@sunpharma.com;Probleme in der Herstellung;Die PZN 15744321 ist erst seit dem 08.01.2026 lieferunfähig.Die PZN 15744344 ist erst seit dem 12.02.2026 lieferunfähig.Die PZN 15744350 ist erst seit dem 20.02.2026 lieferunfähig.;N/A;27.05.2025;Nein;magensaftresistente Hartkapsel;weder versrel noch verskri
15744344;2200518;LE2026001371;LE2025001819;Änderungsmeldung;22.05.2025;31.12.2026;09.04.2026;Produktionsproblem;ESOMEPRAZOL BASICS 20 mg magensaftresistente Hartkapseln;A02BC05;Esomeprazol-Hemimagnesium;nein;Basics GmbH;N/A;dominik.lucke@sunpharma.com;Probleme in der Herstellung;Die PZN 15744321 ist erst seit dem 08.01.2026 lieferunfähig.Die PZN 15744344 ist erst seit dem 12.02.2026 lieferunfähig.Die PZN 15744350 ist erst seit dem 20.02.2026 lieferunfähig.;N/A;27.05.2025;Nein;magensaftresistente Hartkapsel;weder versrel noch verskri
15744350;2200518;LE2026001371;LE2025001819;Änderungsmeldung;22.05.2025;31.12.2026;09.04.2026;Produktionsproblem;ESOMEPRAZOL BASICS 20 mg magensaftresistente Hartkapseln;A02BC05;Esomeprazol-Hemimagnesium;nein;Basics GmbH;N/A;dominik.lucke@sunpharma.com;Probleme in der Herstellung;Die PZN 15744321 ist erst seit dem 08.01.2026 lieferunfähig.Die PZN 15744344 ist erst seit dem 12.02.2026 lieferunfähig.Die PZN 15744350 ist erst seit dem 20.02.2026 lieferunfähig.;N/A;27.05.2025;Nein;magensaftresistente Hartkapsel;weder versrel noch verskri
09482762;2175287;LE2026001368;LE2025004381;Änderungsmeldung;11.02.2025;31.12.2026;09.04.2026;Sonstige;CANDESARTAN BASICS 4 mg Tabletten;C09CA06;Candesartancilexetil;nein;Basics GmbH;N/A;dominik.lucke@sunpharma.com;Probleme beim Wirkstoffhersteller;Die PZN 09482785 ist erst seit dem 12.02.2026 lieferunfähig.;N/A;05.12.2025;Nein;Tablette;weder versrel noch verskri
09482779;2175287;LE2026001368;LE2025004381;Änderungsmeldung;11.02.2025;31.12.2026;09.04.2026;Sonstige;CANDESARTAN BASICS 4 mg Tabletten;C09CA06;Candesartancilexetil;nein;Basics GmbH;N/A;dominik.lucke@sunpharma.com;Probleme beim Wirkstoffhersteller;Die PZN 09482785 ist erst seit dem 12.02.2026 lieferunfähig.;N/A;05.12.2025;Nein;Tablette;weder versrel noch verskri
09482785;2175287;LE2026001368;LE2025004381;Änderungsmeldung;11.02.2025;31.12.2026;09.04.2026;Sonstige;CANDESARTAN BASICS 4 mg Tabletten;C09CA06;Candesartancilexetil;nein;Basics GmbH;N/A;dominik.lucke@sunpharma.com;Probleme beim Wirkstoffhersteller;Die PZN 09482785 ist erst seit dem 12.02.2026 lieferunfähig.;N/A;05.12.2025;Nein;Tablette;weder versrel noch verskri
09482868;2180052;LE2026001367;LE2025004384;Änderungsmeldung;24.11.2025;31.12.2026;09.04.2026;Sonstige;CANDESARTAN BASICS 32 mg Tabletten;C09CA06;Candesartancilexetil;nein;Basics GmbH;N/A;dominik.lucke@sunpharma.com;Probleme beim Wirkstoffhersteller;Die PZN 09482880 ist erst seit dem 12.02.2026 lieferunfähig.;N/A;05.12.2025;Nein;Tablette;weder versrel noch verskri
09482874;2180052;LE2026001367;LE2025004384;Änderungsmeldung;24.11.2025;31.12.2026;09.04.2026;Sonstige;CANDESARTAN BASICS 32 mg Tabletten;C09CA06;Candesartancilexetil;nein;Basics GmbH;N/A;dominik.lucke@sunpharma.com;Probleme beim Wirkstoffhersteller;Die PZN 09482880 ist erst seit dem 12.02.2026 lieferunfähig.;N/A;05.12.2025;Nein;Tablette;weder versrel noch verskri
09482880;2180052;LE2026001367;LE2025004384;Änderungsmeldung;24.11.2025;31.12.2026;09.04.2026;Sonstige;CANDESARTAN BASICS 32 mg Tabletten;C09CA06;Candesartancilexetil;nein;Basics GmbH;N/A;dominik.lucke@sunpharma.com;Probleme beim Wirkstoffhersteller;Die PZN 09482880 ist erst seit dem 12.02.2026 lieferunfähig.;N/A;05.12.2025;Nein;Tablette;weder versrel noch verskri
09482839;2175289;LE2026001366;LE2025004383;Änderungsmeldung;20.11.2025;31.12.2026;09.04.2026;Sonstige;CANDESARTAN BASICS 16 mg Tabletten;C09CA06;Candesartancilexetil;nein;Basics GmbH;N/A;dominik.lucke@sunpharma.com;Probleme beim Wirkstoffhersteller;Die PZN 09482845 ist erst seit dem 23.02.2026 lieferunfähig.Die PZN 09482839 ist erst seit dem 14.04.2026 lieferunfähig.;N/A;05.12.2025;Nein;Tablette;weder versrel noch verskri
09482845;2175289;LE2026001366;LE2025004383;Änderungsmeldung;20.11.2025;31.12.2026;09.04.2026;Sonstige;CANDESARTAN BASICS 16 mg Tabletten;C09CA06;Candesartancilexetil;nein;Basics GmbH;N/A;dominik.lucke@sunpharma.com;Probleme beim Wirkstoffhersteller;Die PZN 09482845 ist erst seit dem 23.02.2026 lieferunfähig.Die PZN 09482839 ist erst seit dem 14.04.2026 lieferunfähig.;N/A;05.12.2025;Nein;Tablette;weder versrel noch verskri
09482851;2175289;LE2026001366;LE2025004383;Änderungsmeldung;20.11.2025;31.12.2026;09.04.2026;Sonstige;CANDESARTAN BASICS 16 mg Tabletten;C09CA06;Candesartancilexetil;nein;Basics GmbH;N/A;dominik.lucke@sunpharma.com;Probleme beim Wirkstoffhersteller;Die PZN 09482845 ist erst seit dem 23.02.2026 lieferunfähig.Die PZN 09482839 ist erst seit dem 14.04.2026 lieferunfähig.;N/A;05.12.2025;Nein;Tablette;weder versrel noch verskri
09482791;2175288;LE2026001365;LE2025004382;Änderungsmeldung;22.11.2025;31.12.2026;09.04.2026;Sonstige;CANDESARTAN BASICS 8 mg Tabletten;C09CA06;Candesartancilexetil;nein;Basics GmbH;N/A;dominik.lucke@sunpharma.com;Probleme beim Wirkstoffhersteller;Die PZN 09482822 ist erst seit dem 12.02.2026 lieferunfähig.Die PZN 09482791 ist erst seit dem 09.04.2026 lieferunfähig.;N/A;05.12.2025;Nein;Tablette;weder versrel noch verskri
09482816;2175288;LE2026001365;LE2025004382;Änderungsmeldung;22.11.2025;31.12.2026;09.04.2026;Sonstige;CANDESARTAN BASICS 8 mg Tabletten;C09CA06;Candesartancilexetil;nein;Basics GmbH;N/A;dominik.lucke@sunpharma.com;Probleme beim Wirkstoffhersteller;Die PZN 09482822 ist erst seit dem 12.02.2026 lieferunfähig.Die PZN 09482791 ist erst seit dem 09.04.2026 lieferunfähig.;N/A;05.12.2025;Nein;Tablette;weder versrel noch verskri
09482822;2175288;LE2026001365;LE2025004382;Änderungsmeldung;22.11.2025;31.12.2026;09.04.2026;Sonstige;CANDESARTAN BASICS 8 mg Tabletten;C09CA06;Candesartancilexetil;nein;Basics GmbH;N/A;dominik.lucke@sunpharma.com;Probleme beim Wirkstoffhersteller;Die PZN 09482822 ist erst seit dem 12.02.2026 lieferunfähig.Die PZN 09482791 ist erst seit dem 09.04.2026 lieferunfähig.;N/A;05.12.2025;Nein;Tablette;weder versrel noch verskri
11083957;2191319;LE2026001362;LE2026000964;Änderungsmeldung;05.03.2026;31.12.2026;09.04.2026;Sonstige;ATORVASTATIN BASICS 60 mg Filmtabletten;C10AA05;Atorvastatin-Calcium-Trihydrat (Ph.Eur.);nein;Basics GmbH;N/A;dominik.lucke@sunpharma.com;Probleme beim Wirkstoffhersteller;Die PZN 11083957 ist erst seit dem 24.03.2026 lieferunfähig.Die PZN 11083963 ist erst seit dem 27.03.2026 lieferunfähig.;N/A;13.03.2026;Nein;Filmtablette;versrel
11083963;2191319;LE2026001362;LE2026000964;Änderungsmeldung;05.03.2026;31.12.2026;09.04.2026;Sonstige;ATORVASTATIN BASICS 60 mg Filmtabletten;C10AA05;Atorvastatin-Calcium-Trihydrat (Ph.Eur.);nein;Basics GmbH;N/A;dominik.lucke@sunpharma.com;Probleme beim Wirkstoffhersteller;Die PZN 11083957 ist erst seit dem 24.03.2026 lieferunfähig.Die PZN 11083963 ist erst seit dem 27.03.2026 lieferunfähig.;N/A;13.03.2026;Nein;Filmtablette;versrel
11083992;2191319;LE2026001362;LE2026000964;Änderungsmeldung;05.03.2026;31.12.2026;09.04.2026;Sonstige;ATORVASTATIN BASICS 60 mg Filmtabletten;C10AA05;Atorvastatin-Calcium-Trihydrat (Ph.Eur.);nein;Basics GmbH;N/A;dominik.lucke@sunpharma.com;Probleme beim Wirkstoffhersteller;Die PZN 11083957 ist erst seit dem 24.03.2026 lieferunfähig.Die PZN 11083963 ist erst seit dem 27.03.2026 lieferunfähig.;N/A;13.03.2026;Nein;Filmtablette;versrel
02418028;2118422;LE2026001349;LE2025002693;Änderungsmeldung;01.08.2025;31.12.2026;08.04.2026;Sonstige;Cyclocaps Salbutamol 400 µg;R03AC02;Salbutamolsulfat;ja;PB Pharma GmbH;+49 2159 9144 562       ;ariane.globisch@pbpharma.de;Erhöhte Nachfrage;N/A;Cyclocaps Salbutamol 200 µg - Einreichungsnummer: 2118421;31.07.2025;Vorgesehen;Hartkapsel mit Pulver zur Inhalation;versrel
00730721;2146411;LE2026001348;LE2025002691;Änderungsmeldung;01.08.2025;31.12.2026;08.04.2026;Sonstige;Cyclocaps Budesonid 200 µg;R03BA02;Budesonid;ja;PB Pharma GmbH;+49 2159 9144 562       ;ariane.globisch@pbpharma.de;Erhöhte Nachfrage;N/A;Cyclocaps Budesonid 400 µg - Einreichungsnummer: 2146412;31.07.2025;Vorgesehen;Pulver zur Inhalation;weder versrel noch verskri
02417945;2146411;LE2026001348;LE2025002691;Änderungsmeldung;01.08.2025;31.12.2026;08.04.2026;Sonstige;Cyclocaps Budesonid 200 µg;R03BA02;Budesonid;ja;PB Pharma GmbH;+49 2159 9144 562       ;ariane.globisch@pbpharma.de;Erhöhte Nachfrage;N/A;Cyclocaps Budesonid 400 µg - Einreichungsnummer: 2146412;31.07.2025;Vorgesehen;Pulver zur Inhalation;weder versrel noch verskri
08907751;2146411;LE2026001348;LE2025002691;Änderungsmeldung;01.08.2025;31.12.2026;08.04.2026;Sonstige;Cyclocaps Budesonid 200 µg;R03BA02;Budesonid;ja;PB Pharma GmbH;+49 2159 9144 562       ;ariane.globisch@pbpharma.de;Erhöhte Nachfrage;N/A;Cyclocaps Budesonid 400 µg - Einreichungsnummer: 2146412;31.07.2025;Vorgesehen;Pulver zur Inhalation;weder versrel noch verskri
08701127;2125817;LE2026001347;LE2025002687;Änderungsmeldung;01.08.2025;31.12.2026;08.04.2026;Sonstige;Cyclocaps Beclometason 200 µg;R03BA01;Beclometasondipropionat (Ph.Eur.);ja;PB Pharma GmbH;+49 2159 9144 562       ;ariane.globisch@pbpharma.de;Erhöhte Nachfrage;N/A;Cyclocaps Beclometason 200 µg - Einreichungsnummer: 2125817;31.07.2025;Vorgesehen;Hartkapsel mit Pulver zur Inhalation;versrel
08907596;2125817;LE2026001347;LE2025002687;Änderungsmeldung;01.08.2025;31.12.2026;08.04.2026;Sonstige;Cyclocaps Beclometason 200 µg;R03BA01;Beclometasondipropionat (Ph.Eur.);ja;PB Pharma GmbH;+49 2159 9144 562       ;ariane.globisch@pbpharma.de;Erhöhte Nachfrage;N/A;Cyclocaps Beclometason 200 µg - Einreichungsnummer: 2125817;31.07.2025;Vorgesehen;Hartkapsel mit Pulver zur Inhalation;versrel
08701156;2125818;LE2026001346;LE2025002688;Änderungsmeldung;01.08.2025;31.12.2026;08.04.2026;Sonstige;Cyclocaps Beclometason 400 µg;R03BA01;Beclometasondipropionat (Ph.Eur.);ja;PB Pharma GmbH;+49 2159 9144 562       ;ariane.globisch@pbpharma.de;Erhöhte Nachfrage;N/A;Cyclocaps Beclometason 200 µg - Einreichungsnummer: 2125817;31.07.2025;Vorgesehen;Hartkapsel mit Pulver zur Inhalation;versrel
04380494;2154530;LE2026001321;LE2025004033;Änderungsmeldung;05.11.2025;30.10.2026;07.04.2026;Produktionsproblem;Claversal Micropellets 1,5 g;A07EC02;Mesalazin;nein;Recordati Pharma GmbH;07317047158;regulatoryaffairs@recordati.de;GMP Mängel;Schließung der Produktionsstätte Valpharma aufgrund critical findings im Audit durch AIFA. Eine Reauditierung soll im April erfolgen. ;N/A;12.11.2025;Vorgesehen;magensaftresistentes Granulat;versrel
04380519;2154530;LE2026001321;LE2025004033;Änderungsmeldung;05.11.2025;30.10.2026;07.04.2026;Produktionsproblem;Claversal Micropellets 1,5 g;A07EC02;Mesalazin;nein;Recordati Pharma GmbH;07317047158;regulatoryaffairs@recordati.de;GMP Mängel;Schließung der Produktionsstätte Valpharma aufgrund critical findings im Audit durch AIFA. Eine Reauditierung soll im April erfolgen. ;N/A;12.11.2025;Vorgesehen;magensaftresistentes Granulat;versrel
17209023;2203667;LE2026001289;LE2025004700;Änderungsmeldung;09.11.2025;02.02.2027;31.03.2026;Produktionsproblem;Mytolac 60 mg Injektionslösung in einer Fertigspritze;H01CB03;Lanreotidacetat (1:x) ((mit Angaben zum Essigsäure-Gehalt));nein;Amdipharm Limited;+49 2129 5301564;ccreutz@productlife-group.com;Probleme bei der Endfreigabe;Nach einer kürzlich durchgeführten Inspektion durch die US-amerikanische Arzneimittelbehörde FDA im November 2025 hat Pharmathen die Produktion und den Vertrieb seiner langwirksamen injizierbaren Produkte (LAI) freiwillig ausgesetzt und führt derzeit notwendige Modernisierungsmaßnahmen in der Produktionsstätte durch, was zu einem Ausverkauf der LAI-Produkte geführt hat.;N/A;29.12.2025;Vorgesehen;Injektionslösung in einer Fertigspritze;weder versrel noch verskri
17209046;2203667;LE2026001289;LE2025004700;Änderungsmeldung;09.11.2025;02.02.2027;31.03.2026;Produktionsproblem;Mytolac 60 mg Injektionslösung in einer Fertigspritze;H01CB03;Lanreotidacetat (1:x) ((mit Angaben zum Essigsäure-Gehalt));nein;Amdipharm Limited;+49 2129 5301564;ccreutz@productlife-group.com;Probleme bei der Endfreigabe;Nach einer kürzlich durchgeführten Inspektion durch die US-amerikanische Arzneimittelbehörde FDA im November 2025 hat Pharmathen die Produktion und den Vertrieb seiner langwirksamen injizierbaren Produkte (LAI) freiwillig ausgesetzt und führt derzeit notwendige Modernisierungsmaßnahmen in der Produktionsstätte durch, was zu einem Ausverkauf der LAI-Produkte geführt hat.;N/A;29.12.2025;Vorgesehen;Injektionslösung in einer Fertigspritze;weder versrel noch verskri
03065112;2104496;LE2026001204;LE2025002723;Änderungsmeldung;21.07.2025;31.10.2026;27.03.2026;Produktionsproblem;Minprostin E2 Vaginaltabletten;G02AD02;Dinoproston;ja;Pfizer Pharma GmbH;+49 (0) 30 550055-51000;medical.information@pfizer.com;Sonstige;N/A;Minprostin E2 Vaginalgel 1mg - Einreichungsnummer: 2119724;01.08.2025;Nein;Vaginaltablette;verskri (auch versrel)
06324726;2130124;LE2026001185;N/A;Erstmeldung;27.03.2026;31.12.2026;25.03.2026;Sonstige;Adrekar;C01EB;Adenosin;ja;Sanofi-Aventis Deutschland GmbH;N/A;till.sacher@sanofi.com;Unzureichende Produktionskapazitäten;Eingeschränkte Lieferfähigkeit;N/A;25.03.2026;Nein;Injektionslösung;verskri (auch versrel)
07558248;2135297;LE2026001165;N/A;Erstmeldung;25.03.2026;30.09.2026;25.03.2026;Sonstige;Nifedipin AL T 20 retard;C08CA05;Nifedipin;nein;ALIUD PHARMA GmbH;0733396510;info@aliud.de;Erhöhte Nachfrage;N/A;N/A;25.03.2026;Vorgesehen;Retardtablette;versrel
08715460;2135297;LE2026001165;N/A;Erstmeldung;25.03.2026;30.09.2026;25.03.2026;Sonstige;Nifedipin AL T 20 retard;C08CA05;Nifedipin;nein;ALIUD PHARMA GmbH;0733396510;info@aliud.de;Erhöhte Nachfrage;N/A;N/A;25.03.2026;Vorgesehen;Retardtablette;versrel
08715477;2135297;LE2026001165;N/A;Erstmeldung;25.03.2026;30.09.2026;25.03.2026;Sonstige;Nifedipin AL T 20 retard;C08CA05;Nifedipin;nein;ALIUD PHARMA GmbH;0733396510;info@aliud.de;Erhöhte Nachfrage;N/A;N/A;25.03.2026;Vorgesehen;Retardtablette;versrel
11010846;2152640;LE2026001161;N/A;Erstmeldung;15.04.2025;31.12.2026;25.03.2026;Sonstige;Nifedipin STADA uno 40 mg Retardtabletten;C08CA05;Nifedipin;nein;STADAPHARM GmbH;061016033466;Minyoung.Seo@stadapharm.de;Sonstige;Der Artikel befindet sich derzeit im Status keine Nachbestellung, ohne dass eine Ausphasung vorgesehen ist.;N/A;25.03.2026;Vorgesehen;Retardtablette;versrel
14063263;2193900;LE2026001104;LE2026000499;Änderungsmeldung;27.01.2026;31.12.2026;24.03.2026;Sonstige;Takrozem 1 mg/g Salbe;D11AH01;Tacrolimus-Monohydrat;nein;Pierre Fabre Medicament;076145261233;zulassung_de@pierre-fabre.com;Unzureichende Produktionskapazitäten;Schwierigkeiten, Tuben vom Lieferanten zu bekommen.;Protopic 0,1% Salbe - OP30g - Einreichungsnummer: 2701533;04.02.2026;Nein;Salbe;versrel
14063286;2193900;LE2026001104;LE2026000499;Änderungsmeldung;27.01.2026;31.12.2026;24.03.2026;Sonstige;Takrozem 1 mg/g Salbe;D11AH01;Tacrolimus-Monohydrat;nein;Pierre Fabre Medicament;076145261233;zulassung_de@pierre-fabre.com;Unzureichende Produktionskapazitäten;Schwierigkeiten, Tuben vom Lieferanten zu bekommen.;Protopic 0,1% Salbe - OP30g - Einreichungsnummer: 2701533;04.02.2026;Nein;Salbe;versrel
14063292;2193900;LE2026001104;LE2026000499;Änderungsmeldung;27.01.2026;31.12.2026;24.03.2026;Sonstige;Takrozem 1 mg/g Salbe;D11AH01;Tacrolimus-Monohydrat;nein;Pierre Fabre Medicament;076145261233;zulassung_de@pierre-fabre.com;Unzureichende Produktionskapazitäten;Schwierigkeiten, Tuben vom Lieferanten zu bekommen.;Protopic 0,1% Salbe - OP30g - Einreichungsnummer: 2701533;04.02.2026;Nein;Salbe;versrel
04913803;0801728;LE2026000960;N/A;Erstmeldung;01.06.2026;01.03.2027;12.03.2026;Produktionsproblem;Dontisolon D Mundheilpaste;A01AC54;Prednisolonacetat;nein;SEPTODONT GmbH;+41765055586;sasa.pavlovic@cencora.com;Herstellerwechsel;N/A;N/A;12.03.2026;Vorgesehen;Paste;versrel
04913826;0801728;LE2026000960;N/A;Erstmeldung;01.06.2026;01.03.2027;12.03.2026;Produktionsproblem;Dontisolon D Mundheilpaste;A01AC54;Prednisolonacetat;nein;SEPTODONT GmbH;+41765055586;sasa.pavlovic@cencora.com;Herstellerwechsel;N/A;N/A;12.03.2026;Vorgesehen;Paste;versrel
04913795;0801705;LE2026000959;N/A;Erstmeldung;01.07.2026;01.03.2027;12.03.2026;Produktionsproblem;Dontisolon D Zylinderampullen;A01AC54;Prednisolon;nein;SEPTODONT GmbH;+41765055586;sasa.pavlovic@cencora.com;Herstellerwechsel;N/A;N/A;12.03.2026;Vorgesehen;Salbe;versrel
03884844;2122255;LE2026000958;N/A;Erstmeldung;09.03.2026;15.09.2026;12.03.2026;Produktionsproblem;Clomifen-ratiopharm 50mg Tabletten;G03GB;Clomifencitrat;nein;ratiopharm GmbH;N/A;info@ratiopharm.de;Probleme in der Herstellung;N/A;N/A;12.03.2026;Vorgesehen;Tablette;verskri (auch versrel)
10985801;2188346;LE2026000949;LE2026000226;Änderungsmeldung;01.12.2025;04.10.2026;11.03.2026;Produktionsproblem;Vagantin RIEMSER;D11AA;Methantheliniumbromid;nein;Dermapharm Aktiengesellschaft;089641860;service@dermapharm.de;Probleme in der Herstellung;N/A;N/A;19.01.2026;Nein;überzogene Tablette;weder versrel noch verskri
10985818;2188346;LE2026000949;LE2026000226;Änderungsmeldung;01.12.2025;04.10.2026;11.03.2026;Produktionsproblem;Vagantin RIEMSER;D11AA;Methantheliniumbromid;nein;Dermapharm Aktiengesellschaft;089641860;service@dermapharm.de;Probleme in der Herstellung;N/A;N/A;19.01.2026;Nein;überzogene Tablette;weder versrel noch verskri
10985824;2188346;LE2026000949;LE2026000226;Änderungsmeldung;01.12.2025;04.10.2026;11.03.2026;Produktionsproblem;Vagantin RIEMSER;D11AA;Methantheliniumbromid;nein;Dermapharm Aktiengesellschaft;089641860;service@dermapharm.de;Probleme in der Herstellung;N/A;N/A;19.01.2026;Nein;überzogene Tablette;weder versrel noch verskri
04904106;2126168;LE2026000910;LE2025003724;Änderungsmeldung;27.10.2025;01.04.2026;09.03.2026;Produktionsproblem;Sufenta mite;N01AH03;Sufentanilcitrat;ja;Piramal Critical Care B.V.;+49 151 44982803;iris.bruchmueller@piramal.com;Probleme in der Herstellung;Probleme bei der Herstellung bei DemoDEMO ELLAS S.A. in Kryoneri, GriechenlandEthniki Odo Athinon Lamias 21o Chlm 14568 Kryoneri+30 21 0816 1802;N/A;27.10.2025;Vorgesehen;Injektionslösung;weder versrel noch verskri
03000756;2104913;LE2026000828;LE2025001263;Änderungsmeldung;10.04.2025;31.12.2026;03.03.2026;Sonstige;Heitrin 2mg;C02CA;Terazosinhydrochlorid-Dihydrat;nein;Amdipharm Limited;02129 5301577;fzimmermann@productlife-group.com;Erhöhte Nachfrage;N/A;Heitrin-BPH 2mg - Einreichungsnummer: 2128693;10.04.2025;Vorgesehen;Tablette;weder versrel noch verskri
03000779;2104913;LE2026000828;LE2025001263;Änderungsmeldung;10.04.2025;31.12.2026;03.03.2026;Sonstige;Heitrin 2mg;C02CA;Terazosinhydrochlorid-Dihydrat;nein;Amdipharm Limited;02129 5301577;fzimmermann@productlife-group.com;Erhöhte Nachfrage;N/A;Heitrin-BPH 2mg - Einreichungsnummer: 2128693;10.04.2025;Vorgesehen;Tablette;weder versrel noch verskri
14292199;2201923;LE2026000748;N/A;Erstmeldung;01.03.2026;31.12.2026;26.02.2026;Produktionsproblem;Eletriptan Bluefish 20 mg Filmtabletten;N02CC06;Eletriptanhydrobromid;nein;Bluefish Pharmaceuticals AB (publ);N/A;maria.riemer@bluefishpharma.com;Probleme in der Herstellung;N/A;N/A;26.02.2026;Vorgesehen;Filmtablette;weder versrel noch verskri
12593459;2196642;LE2026000716;LE2025003905;Änderungsmeldung;29.09.2025;30.03.2027;24.02.2026;Produktionsproblem;Tranexamsäure PUREN 100 mg/ml Injektionslösung;B02AA02;Tranexamsäure;ja;Eugia Pharma (Malta) Limited;N/A;ATsiboukis@puren-pharma.de;Herstellerwechsel;Das Produkt muss auf eine andere Unit transferiert werden. Je nach Tansfer/Kapazitäten bekommen wir Ware frühestes in Q1/2027.;N/A;04.11.2025;Vorgesehen;Injektionslösung;versrel
16662134;2205366;LE2026000651;LE2025000571;Änderungsmeldung;17.02.2025;31.08.2026;19.02.2026;Produktionsproblem;Aprepitant STADA 125 mg Hartkapseln;A04AD12;Aprepitant;nein;STADAPHARM GmbH;061016032416;christiane.georgi@stada.de;Probleme in der Herstellung;N/A;N/A;17.02.2025;Vorgesehen;Hartkapsel;versrel
12552880;2129199;LE2026000650;N/A;Erstmeldung;16.02.2026;30.09.2026;19.02.2026;Produktionsproblem;Aciclovir AbZ Lippenherpescreme;D06BB03;Aciclovir;nein;AbZ-Pharma GmbH;N/A;info@ratiopharm.de;Probleme in der Herstellung;N/A;N/A;19.02.2026;Vorgesehen;Creme;versrel
04899902;2128080;LE2026000649;N/A;Erstmeldung;16.02.2026;30.09.2026;19.02.2026;Produktionsproblem;Aciclovir-ratiopharm 50 mg/g Creme;D06BB03;Aciclovir;nein;ratiopharm GmbH;N/A;info@ratiopharm.de;Probleme in der Herstellung;N/A;N/A;19.02.2026;Vorgesehen;Creme;versrel
04899919;2128080;LE2026000649;N/A;Erstmeldung;16.02.2026;30.09.2026;19.02.2026;Produktionsproblem;Aciclovir-ratiopharm 50 mg/g Creme;D06BB03;Aciclovir;nein;ratiopharm GmbH;N/A;info@ratiopharm.de;Probleme in der Herstellung;N/A;N/A;19.02.2026;Vorgesehen;Creme;versrel
05376313;2604246;LE2026000632;LE2025002788;Änderungsmeldung;01.08.2025;30.09.2026;18.02.2026;Sonstige;WILLFACT 1000 I.E.;B02BD10;Von Willebrand-Faktor;ja;LFB Biomedicaments;+49 251 60935 554 ;christoph.buss@diapharm.de;Erhöhte Nachfrage;N/A;N/A;07.08.2025;Vorgesehen;Pulver zur Herstellung einer Injektionslösung,Lösungsmittel;weder versrel noch verskri
00000000;1462406;LE2026000559;N/A;Erstmeldung;01.11.2025;01.11.2027;11.02.2026;Produktionsproblem;Supertendin 5;TERM_ID_NA_2090003726;"Dexamethasonacetat (Ph.Eur.); Lidocainhydrochlorid-Monohydrat";nein;Carinopharm GmbH;N/A;info@carinopharm.de;Herstellerwechsel;N/A;Supertendin 10 - Einreichungsnummer: 0027453;11.02.2026;Vorgesehen;Kristallsuspension;weder versrel noch verskri
01690395;1462406;LE2026000559;N/A;Erstmeldung;01.11.2025;01.11.2027;11.02.2026;Produktionsproblem;Supertendin 5;TERM_ID_NA_2090003726;"Dexamethasonacetat (Ph.Eur.); Lidocainhydrochlorid-Monohydrat";nein;Carinopharm GmbH;N/A;info@carinopharm.de;Herstellerwechsel;N/A;Supertendin 10 - Einreichungsnummer: 0027453;11.02.2026;Vorgesehen;Kristallsuspension;weder versrel noch verskri
01690403;1462406;LE2026000559;N/A;Erstmeldung;01.11.2025;01.11.2027;11.02.2026;Produktionsproblem;Supertendin 5;TERM_ID_NA_2090003726;"Dexamethasonacetat (Ph.Eur.); Lidocainhydrochlorid-Monohydrat";nein;Carinopharm GmbH;N/A;info@carinopharm.de;Herstellerwechsel;N/A;Supertendin 10 - Einreichungsnummer: 0027453;11.02.2026;Vorgesehen;Kristallsuspension;weder versrel noch verskri
01690426;1462406;LE2026000559;N/A;Erstmeldung;01.11.2025;01.11.2027;11.02.2026;Produktionsproblem;Supertendin 5;TERM_ID_NA_2090003726;"Dexamethasonacetat (Ph.Eur.); Lidocainhydrochlorid-Monohydrat";nein;Carinopharm GmbH;N/A;info@carinopharm.de;Herstellerwechsel;N/A;Supertendin 10 - Einreichungsnummer: 0027453;11.02.2026;Vorgesehen;Kristallsuspension;weder versrel noch verskri
00000000;0027453;LE2026000558;N/A;Erstmeldung;01.11.2025;01.11.2027;11.02.2026;Produktionsproblem;Supertendin 10;TERM_ID_NA_2090003726;"Dexamethasonacetat (Ph.Eur.); Lidocainhydrochlorid-Monohydrat";nein;Carinopharm GmbH;N/A;info@carinopharm.de;Herstellerwechsel;N/A;Supertendin 5 - Einreichungsnummer: 1462406;11.02.2026;Vorgesehen;Kristallsuspension;weder versrel noch verskri
01690461;0027453;LE2026000558;N/A;Erstmeldung;01.11.2025;01.11.2027;11.02.2026;Produktionsproblem;Supertendin 10;TERM_ID_NA_2090003726;"Dexamethasonacetat (Ph.Eur.); Lidocainhydrochlorid-Monohydrat";nein;Carinopharm GmbH;N/A;info@carinopharm.de;Herstellerwechsel;N/A;Supertendin 5 - Einreichungsnummer: 1462406;11.02.2026;Vorgesehen;Kristallsuspension;weder versrel noch verskri
01690478;0027453;LE2026000558;N/A;Erstmeldung;01.11.2025;01.11.2027;11.02.2026;Produktionsproblem;Supertendin 10;TERM_ID_NA_2090003726;"Dexamethasonacetat (Ph.Eur.); Lidocainhydrochlorid-Monohydrat";nein;Carinopharm GmbH;N/A;info@carinopharm.de;Herstellerwechsel;N/A;Supertendin 5 - Einreichungsnummer: 1462406;11.02.2026;Vorgesehen;Kristallsuspension;weder versrel noch verskri
01690484;0027453;LE2026000558;N/A;Erstmeldung;01.11.2025;01.11.2027;11.02.2026;Produktionsproblem;Supertendin 10;TERM_ID_NA_2090003726;"Dexamethasonacetat (Ph.Eur.); Lidocainhydrochlorid-Monohydrat";nein;Carinopharm GmbH;N/A;info@carinopharm.de;Herstellerwechsel;N/A;Supertendin 5 - Einreichungsnummer: 1462406;11.02.2026;Vorgesehen;Kristallsuspension;weder versrel noch verskri
13248256;2163100;LE2026000495;LE2025002990;Änderungsmeldung;21.08.2025;31.12.2026;04.02.2026;Produktionsproblem;Gabapentin Holsten 600 mg Filmtabletten;N03AX12;Gabapentin;nein;Holsten Pharma GmbH - Geschäftsanschrift -;069300883132;d.stephan@holstenpharma.de;Herstellerwechsel;N/A;Gabapentin Holsten 600 mg Filmtabletten - Einreichungsnummer: 2163100;21.08.2025;Vorgesehen;Filmtablette;versrel
13248262;2163100;LE2026000495;LE2025002990;Änderungsmeldung;21.08.2025;31.12.2026;04.02.2026;Produktionsproblem;Gabapentin Holsten 600 mg Filmtabletten;N03AX12;Gabapentin;nein;Holsten Pharma GmbH - Geschäftsanschrift -;069300883132;d.stephan@holstenpharma.de;Herstellerwechsel;N/A;Gabapentin Holsten 600 mg Filmtabletten - Einreichungsnummer: 2163100;21.08.2025;Vorgesehen;Filmtablette;versrel
13248279;2163100;LE2026000495;LE2025002990;Änderungsmeldung;21.08.2025;31.12.2026;04.02.2026;Produktionsproblem;Gabapentin Holsten 600 mg Filmtabletten;N03AX12;Gabapentin;nein;Holsten Pharma GmbH - Geschäftsanschrift -;069300883132;d.stephan@holstenpharma.de;Herstellerwechsel;N/A;Gabapentin Holsten 600 mg Filmtabletten - Einreichungsnummer: 2163100;21.08.2025;Vorgesehen;Filmtablette;versrel
17578507;7005446;LE2026000473;LE2025004390;Änderungsmeldung;04.02.2026;31.12.2026;03.02.2026;Sonstige;Erwinase 10 000 E./Durchstechflasche Pulver zur Herstellung einer Injektions-/Infusionslösung;L01XX02;Crisantaspase;ja;Porton Biopharma Limited;N/A;anja.otto@clinigengroup.com;Probleme beim Wirkstoffhersteller;The drug substance manufacturer has ceased production of Erwinase. Therefore, Porton Biopharma Limited (PBL), the Marketing Authorisation Holder (MAH) of Erwinase®, will cease manufacture of new Erwinase bulk product batches at the end of 2025 for all global markets. There will be no future source of Erwinase, and no future packaging of DE Erwinase packs.;Enrylaze - Einreichungsnummer: 7009931;05.12.2025;Vorgesehen;Pulver zur Herstellung einer Injektions-/Infusionslösung;verskri (auch versrel)
03222184;2150668;LE2026000471;LE2025003027;Erstmeldung;26.08.2025;31.12.2026;03.02.2026;Sonstige;Renatriol 0,25 µg;A11CC04;Calcitriol;nein;RenaCare NEPHROMED GmbH;+49 6403 92160;dr.k.bartz@renacare.com;Sonstige;zu niedriger Erstattungsbetrag;N/A;26.08.2025;Nein;Weichkapsel;versrel
03222190;2150668;LE2026000471;LE2025003027;Erstmeldung;26.08.2025;31.12.2026;03.02.2026;Sonstige;Renatriol 0,25 µg;A11CC04;Calcitriol;nein;RenaCare NEPHROMED GmbH;+49 6403 92160;dr.k.bartz@renacare.com;Sonstige;zu niedriger Erstattungsbetrag;N/A;26.08.2025;Nein;Weichkapsel;versrel
03192939;2150672;LE2026000470;LE2025003070;Erstmeldung;28.08.2025;31.12.2026;03.02.2026;Sonstige;Calcitriol KyraMed 0,25 Mikrogramm;A11CC04;Calcitriol;nein;RenaCare NEPHROMED GmbH;0640392160;dr.k.bartz@renacare.com;Sonstige;zu niedriger Erstattungsbetrag;N/A;28.08.2025;Nein;Weichkapsel;versrel
03193028;2150672;LE2026000470;LE2025003070;Erstmeldung;28.08.2025;31.12.2026;03.02.2026;Sonstige;Calcitriol KyraMed 0,25 Mikrogramm;A11CC04;Calcitriol;nein;RenaCare NEPHROMED GmbH;0640392160;dr.k.bartz@renacare.com;Sonstige;zu niedriger Erstattungsbetrag;N/A;28.08.2025;Nein;Weichkapsel;versrel
11276320;7006087, 7006088, 7006089;LE2026000337;N/A;Erstmeldung;23.01.2026;31.12.2026;27.01.2026;Produktionsproblem;Duloxetin Zentiva 30 mg magensaftresistente Hartkapseln ;N06AX21;Duloxetinhydrochlorid;nein;Zentiva, k.s.;N/A;MedInfo.DE@zentiva.com;Sonstige;Probleme bei Freigabe/Laufzeitspezifikation;N/A;27.01.2026;Vorgesehen;magensaftresistente Hartkapsel;versrel
16385203;7006087, 7006088, 7006089;LE2026000337;N/A;Erstmeldung;23.01.2026;31.12.2026;27.01.2026;Produktionsproblem;Duloxetin Zentiva 30 mg magensaftresistente Hartkapseln ;N06AX21;Duloxetinhydrochlorid;nein;Zentiva, k.s.;N/A;MedInfo.DE@zentiva.com;Sonstige;Probleme bei Freigabe/Laufzeitspezifikation;N/A;27.01.2026;Vorgesehen;magensaftresistente Hartkapsel;versrel
16385226;7006087, 7006088, 7006089;LE2026000337;N/A;Erstmeldung;23.01.2026;31.12.2026;27.01.2026;Produktionsproblem;Duloxetin Zentiva 30 mg magensaftresistente Hartkapseln ;N06AX21;Duloxetinhydrochlorid;nein;Zentiva, k.s.;N/A;MedInfo.DE@zentiva.com;Sonstige;Probleme bei Freigabe/Laufzeitspezifikation;N/A;27.01.2026;Vorgesehen;magensaftresistente Hartkapsel;versrel
11276372;7006091, 7006092, 7006093, 7006094;LE2026000336;N/A;Erstmeldung;23.01.2026;31.12.2026;27.01.2026;Produktionsproblem;Duloxetin Zentiva 60 mg magensaftresistente Hartkapseln ;N06AX21;Duloxetinhydrochlorid;nein;Zentiva, k.s.;N/A; MedInfo.DE@zentiva.com;Sonstige;Probleme bei Freigabe/Laufzeitspezifikation;N/A;27.01.2026;Vorgesehen;magensaftresistente Hartkapsel;versrel
11276389;7006091, 7006092, 7006093, 7006094;LE2026000336;N/A;Erstmeldung;23.01.2026;31.12.2026;27.01.2026;Produktionsproblem;Duloxetin Zentiva 60 mg magensaftresistente Hartkapseln ;N06AX21;Duloxetinhydrochlorid;nein;Zentiva, k.s.;N/A; MedInfo.DE@zentiva.com;Sonstige;Probleme bei Freigabe/Laufzeitspezifikation;N/A;27.01.2026;Vorgesehen;magensaftresistente Hartkapsel;versrel
16385232;7006091, 7006092, 7006093, 7006094;LE2026000336;N/A;Erstmeldung;23.01.2026;31.12.2026;27.01.2026;Produktionsproblem;Duloxetin Zentiva 60 mg magensaftresistente Hartkapseln ;N06AX21;Duloxetinhydrochlorid;nein;Zentiva, k.s.;N/A; MedInfo.DE@zentiva.com;Sonstige;Probleme bei Freigabe/Laufzeitspezifikation;N/A;27.01.2026;Vorgesehen;magensaftresistente Hartkapsel;versrel
16385249;7006091, 7006092, 7006093, 7006094;LE2026000336;N/A;Erstmeldung;23.01.2026;31.12.2026;27.01.2026;Produktionsproblem;Duloxetin Zentiva 60 mg magensaftresistente Hartkapseln ;N06AX21;Duloxetinhydrochlorid;nein;Zentiva, k.s.;N/A; MedInfo.DE@zentiva.com;Sonstige;Probleme bei Freigabe/Laufzeitspezifikation;N/A;27.01.2026;Vorgesehen;magensaftresistente Hartkapsel;versrel
06330537;0911813;LE2026000330;LE2025003803;Änderungsmeldung;13.10.2025;31.12.2026;27.01.2026;Sonstige;Doxepin 50 Holsten;N06AA12;Doxepinhydrochlorid (Ph.Eur.);ja;Holsten Pharma GmbH - Geschäftsanschrift -;069 300 883 132;d.stephan@holstenpharma.de;Erhöhte Nachfrage;N/A;Doxepin 50 Holsten - Einreichungsnummer: 0911813;30.10.2025;Vorgesehen;Filmtablette;versrel
06330543;0911813;LE2026000330;LE2025003803;Änderungsmeldung;13.10.2025;31.12.2026;27.01.2026;Sonstige;Doxepin 50 Holsten;N06AA12;Doxepinhydrochlorid (Ph.Eur.);ja;Holsten Pharma GmbH - Geschäftsanschrift -;069 300 883 132;d.stephan@holstenpharma.de;Erhöhte Nachfrage;N/A;Doxepin 50 Holsten - Einreichungsnummer: 0911813;30.10.2025;Vorgesehen;Filmtablette;versrel
00334480;0035932;LE2026000257;N/A;Erstmeldung;21.01.2026;31.12.2026;21.01.2026;Produktionsproblem;Endoxan 200 mg;L01AA01;Cyclophosphamid Monohydrat;ja;Baxter Deutschland GmbH;N/A;countryregulatoryaffairs_de@baxter.com;Probleme in der Herstellung;N/A;N/A;21.01.2026;Vorgesehen;Pulver zur Herstellung einer Injektionslösung;verskri (auch versrel)
02738098;0035932;LE2026000257;N/A;Erstmeldung;21.01.2026;31.12.2026;21.01.2026;Produktionsproblem;Endoxan 200 mg;L01AA01;Cyclophosphamid Monohydrat;ja;Baxter Deutschland GmbH;N/A;countryregulatoryaffairs_de@baxter.com;Probleme in der Herstellung;N/A;N/A;21.01.2026;Vorgesehen;Pulver zur Herstellung einer Injektionslösung;verskri (auch versrel)
00334511;0035926;LE2026000256;N/A;Erstmeldung;21.01.2026;31.12.2026;21.01.2026;Produktionsproblem;Endoxan 500 mg;L01AA01;Cyclophosphamid Monohydrat;ja;Baxter Deutschland GmbH;N/A;countryregulatoryaffairs_de@baxter.com;Probleme in der Herstellung;N/A;N/A;21.01.2026;Vorgesehen;Pulver zur Herstellung einer Injektionslösung;verskri (auch versrel)
01667261;0035926;LE2026000256;N/A;Erstmeldung;21.01.2026;31.12.2026;21.01.2026;Produktionsproblem;Endoxan 500 mg;L01AA01;Cyclophosphamid Monohydrat;ja;Baxter Deutschland GmbH;N/A;countryregulatoryaffairs_de@baxter.com;Probleme in der Herstellung;N/A;N/A;21.01.2026;Vorgesehen;Pulver zur Herstellung einer Injektionslösung;verskri (auch versrel)
06317560;0035926;LE2026000256;N/A;Erstmeldung;21.01.2026;31.12.2026;21.01.2026;Produktionsproblem;Endoxan 500 mg;L01AA01;Cyclophosphamid Monohydrat;ja;Baxter Deutschland GmbH;N/A;countryregulatoryaffairs_de@baxter.com;Probleme in der Herstellung;N/A;N/A;21.01.2026;Vorgesehen;Pulver zur Herstellung einer Injektionslösung;verskri (auch versrel)
00334528;0035903;LE2026000255;N/A;Erstmeldung;21.01.2026;31.12.2026;21.01.2026;Produktionsproblem;Endoxan 1 g;L01AA01;Cyclophosphamid Monohydrat;ja;Baxter Deutschland GmbH;N/A;countryregulatoryaffairs_de@baxter.com;Probleme in der Herstellung;N/A;N/A;21.01.2026;Vorgesehen;Pulver zur Herstellung einer Injektionslösung;verskri (auch versrel)
01469644;0035903;LE2026000255;N/A;Erstmeldung;21.01.2026;31.12.2026;21.01.2026;Produktionsproblem;Endoxan 1 g;L01AA01;Cyclophosphamid Monohydrat;ja;Baxter Deutschland GmbH;N/A;countryregulatoryaffairs_de@baxter.com;Probleme in der Herstellung;N/A;N/A;21.01.2026;Vorgesehen;Pulver zur Herstellung einer Injektionslösung;verskri (auch versrel)
06317577;0035903;LE2026000255;N/A;Erstmeldung;21.01.2026;31.12.2026;21.01.2026;Produktionsproblem;Endoxan 1 g;L01AA01;Cyclophosphamid Monohydrat;ja;Baxter Deutschland GmbH;N/A;countryregulatoryaffairs_de@baxter.com;Probleme in der Herstellung;N/A;N/A;21.01.2026;Vorgesehen;Pulver zur Herstellung einer Injektionslösung;verskri (auch versrel)
00081464;2117803;LE2026000252;N/A;Erstmeldung;21.01.2026;31.12.2026;21.01.2026;Produktionsproblem;Holoxan;L01AA06;Ifosfamid;ja;Baxter Deutschland GmbH;N/A;countryregulatoryaffairs_de@baxter.com;Probleme in der Herstellung;N/A;N/A;21.01.2026;Vorgesehen;Pulver zur Herstellung einer Injektionslösung;verskri (auch versrel)
00081470;2117803;LE2026000252;N/A;Erstmeldung;21.01.2026;31.12.2026;21.01.2026;Produktionsproblem;Holoxan;L01AA06;Ifosfamid;ja;Baxter Deutschland GmbH;N/A;countryregulatoryaffairs_de@baxter.com;Probleme in der Herstellung;N/A;N/A;21.01.2026;Vorgesehen;Pulver zur Herstellung einer Injektionslösung;verskri (auch versrel)
01927549;2117803;LE2026000252;N/A;Erstmeldung;21.01.2026;31.12.2026;21.01.2026;Produktionsproblem;Holoxan;L01AA06;Ifosfamid;ja;Baxter Deutschland GmbH;N/A;countryregulatoryaffairs_de@baxter.com;Probleme in der Herstellung;N/A;N/A;21.01.2026;Vorgesehen;Pulver zur Herstellung einer Injektionslösung;verskri (auch versrel)
01927555;2117803;LE2026000252;N/A;Erstmeldung;21.01.2026;31.12.2026;21.01.2026;Produktionsproblem;Holoxan;L01AA06;Ifosfamid;ja;Baxter Deutschland GmbH;N/A;countryregulatoryaffairs_de@baxter.com;Probleme in der Herstellung;N/A;N/A;21.01.2026;Vorgesehen;Pulver zur Herstellung einer Injektionslösung;verskri (auch versrel)
01927561;2117803;LE2026000252;N/A;Erstmeldung;21.01.2026;31.12.2026;21.01.2026;Produktionsproblem;Holoxan;L01AA06;Ifosfamid;ja;Baxter Deutschland GmbH;N/A;countryregulatoryaffairs_de@baxter.com;Probleme in der Herstellung;N/A;N/A;21.01.2026;Vorgesehen;Pulver zur Herstellung einer Injektionslösung;verskri (auch versrel)
01927578;2117803;LE2026000252;N/A;Erstmeldung;21.01.2026;31.12.2026;21.01.2026;Produktionsproblem;Holoxan;L01AA06;Ifosfamid;ja;Baxter Deutschland GmbH;N/A;countryregulatoryaffairs_de@baxter.com;Probleme in der Herstellung;N/A;N/A;21.01.2026;Vorgesehen;Pulver zur Herstellung einer Injektionslösung;verskri (auch versrel)
00366965;2142219;LE2026000218;LE2025001936;Änderungsmeldung;02.06.2025;31.12.2026;16.01.2026;Produktionsproblem;Nitrendipin Aristo 20 mg Filmtabletten;C08CA08;Nitrendipin;nein;Aristo Pharma GmbH;N/A;info@aristo-pharma.de;Probleme bei der Chargenprüfung;N/A;N/A;05.06.2025;Vorgesehen;Filmtablette;weder versrel noch verskri
00366971;2142219;LE2026000218;LE2025001936;Änderungsmeldung;02.06.2025;31.12.2026;16.01.2026;Produktionsproblem;Nitrendipin Aristo 20 mg Filmtabletten;C08CA08;Nitrendipin;nein;Aristo Pharma GmbH;N/A;info@aristo-pharma.de;Probleme bei der Chargenprüfung;N/A;N/A;05.06.2025;Vorgesehen;Filmtablette;weder versrel noch verskri
00366988;2142219;LE2026000218;LE2025001936;Änderungsmeldung;02.06.2025;31.12.2026;16.01.2026;Produktionsproblem;Nitrendipin Aristo 20 mg Filmtabletten;C08CA08;Nitrendipin;nein;Aristo Pharma GmbH;N/A;info@aristo-pharma.de;Probleme bei der Chargenprüfung;N/A;N/A;05.06.2025;Vorgesehen;Filmtablette;weder versrel noch verskri
08832705;2155140;LE2026000215;LE2025000982;Änderungsmeldung;24.03.2025;31.03.2027;16.01.2026;Produktionsproblem;OsvaRen;V03AE04;"Calciumacetat; Schweres, basisches Magnesiumcarbonat";nein;Fresenius Medical Care Nephrologica Deutschland GmbH;N/A;andreas.fischer@wsqms.com;Probleme in der Herstellung;N/A;N/A;21.03.2025;Nein;Filmtablette;weder versrel noch verskri
07666245;2119725;LE2026000170;LE2025004070;Änderungsmeldung;01.12.2025;30.09.2026;14.01.2026;Sonstige;Minprostin E2 Vaginalgel 2mg;G02AD02;Dinoproston;ja;Pfizer Pharma GmbH;+49 (0) 30 550055-51000;medical.information@pfizer.com;Probleme beim Wirkstoffhersteller;N/A;N/A;14.11.2025;Nein;Vaginalgel;verskri (auch versrel)
01434918;0085746;LE2026000155;LE2025001451;Änderungsmeldung;14.04.2025;31.12.2026;13.01.2026;Sonstige;Urbason solubile forte 250 mg;H02AB04;Natrium(methylprednisolon-21-succinat);nein;FIDIA FARMACEUTICI SPA;N/A;regulatory@fidiapharma.it;Erhöhte Nachfrage;The current reason of shortage is an increase of sales due to shortage of competitor. Furthermore, for next batches to be manufactured and released, we are working on the switch from current finish product manufacturer to a new one.;Methylprednisolon acis 250 mg Pulver und Lösungsmittel zur Herstellung einer Injektions- bzw. Infusionslösung - Einreichungsnummer: 2189738;29.04.2025;Nein;Pulver zur Herstellung einer Injektions- bzw. Infusionslösung,Lösungsmittel;weder versrel noch verskri
01646632;0085746;LE2026000155;LE2025001451;Änderungsmeldung;14.04.2025;31.12.2026;13.01.2026;Sonstige;Urbason solubile forte 250 mg;H02AB04;Natrium(methylprednisolon-21-succinat);nein;FIDIA FARMACEUTICI SPA;N/A;regulatory@fidiapharma.it;Erhöhte Nachfrage;The current reason of shortage is an increase of sales due to shortage of competitor. Furthermore, for next batches to be manufactured and released, we are working on the switch from current finish product manufacturer to a new one.;Methylprednisolon acis 250 mg Pulver und Lösungsmittel zur Herstellung einer Injektions- bzw. Infusionslösung - Einreichungsnummer: 2189738;29.04.2025;Nein;Pulver zur Herstellung einer Injektions- bzw. Infusionslösung,Lösungsmittel;weder versrel noch verskri
03286994;0085746;LE2026000155;LE2025001451;Änderungsmeldung;14.04.2025;31.12.2026;13.01.2026;Sonstige;Urbason solubile forte 250 mg;H02AB04;Natrium(methylprednisolon-21-succinat);nein;FIDIA FARMACEUTICI SPA;N/A;regulatory@fidiapharma.it;Erhöhte Nachfrage;The current reason of shortage is an increase of sales due to shortage of competitor. Furthermore, for next batches to be manufactured and released, we are working on the switch from current finish product manufacturer to a new one.;Methylprednisolon acis 250 mg Pulver und Lösungsmittel zur Herstellung einer Injektions- bzw. Infusionslösung - Einreichungsnummer: 2189738;29.04.2025;Nein;Pulver zur Herstellung einer Injektions- bzw. Infusionslösung,Lösungsmittel;weder versrel noch verskri
12549961;2183890;LE2026000148;LE2025003924;Änderungsmeldung;04.07.2025;31.12.2026;13.01.2026;Produktionsproblem;Levetiracetam Holsten 250 mg Filmtabletten;N03AX14;Levetiracetam;nein;Holsten Pharma GmbH - Geschäftsanschrift -;069962339000;registration@@holstenpharma.de;Probleme in der Herstellung;N/A;Levetiracetam Holsten 500 mg Filmtabletten - Einreichungsnummer: 2183891;04.11.2025;Vorgesehen;Filmtablette;versrel
12549978;2183890;LE2026000148;LE2025003924;Änderungsmeldung;04.07.2025;31.12.2026;13.01.2026;Produktionsproblem;Levetiracetam Holsten 250 mg Filmtabletten;N03AX14;Levetiracetam;nein;Holsten Pharma GmbH - Geschäftsanschrift -;069962339000;registration@@holstenpharma.de;Probleme in der Herstellung;N/A;Levetiracetam Holsten 500 mg Filmtabletten - Einreichungsnummer: 2183891;04.11.2025;Vorgesehen;Filmtablette;versrel
12549984;2183890;LE2026000148;LE2025003924;Änderungsmeldung;04.07.2025;31.12.2026;13.01.2026;Produktionsproblem;Levetiracetam Holsten 250 mg Filmtabletten;N03AX14;Levetiracetam;nein;Holsten Pharma GmbH - Geschäftsanschrift -;069962339000;registration@@holstenpharma.de;Probleme in der Herstellung;N/A;Levetiracetam Holsten 500 mg Filmtabletten - Einreichungsnummer: 2183891;04.11.2025;Vorgesehen;Filmtablette;versrel
18229766;7005734;LE2026000092;LE2025001415;Änderungsmeldung;31.05.2025;31.12.2026;08.01.2026;Sonstige;Kirsty 100 Einheiten/ml Injektionslösung im Fertigpen;A10AB05;Insulin aspart;ja;Biosimilar Collaborations Ireland Limited;N/A;nadia.cali@biocon.com;Probleme beim Sonstigen Hersteller;N/A;NovoRapid FlexPen 100 E/ml Injektionslösung in einem vorgefülltem Injektor - OP(10x3ml) - Einreichungsnummer: 2702319;25.04.2025;Nein;Injektionslösung;weder versrel noch verskri
18229743;7005733;LE2026000091;LE2025001414;Änderungsmeldung;31.05.2025;31.12.2026;08.01.2026;Sonstige;Kirsty 100 Einheiten/ml Injektionslösung im Fertigpen;A10AB05;Insulin aspart;ja;Biosimilar Collaborations Ireland Limited;N/A;nadia.cali@biocon.com;Probleme beim Sonstigen Hersteller;N/A;NovoRapid FlexPen 100 E/ml Injektionslösung in einem vorgefülltem Injektor - OP(5x3ml) - Einreichungsnummer: 2796500;25.04.2025;Nein;Injektionslösung;weder versrel noch verskri
08625171;2141297;LE2025004437;N/A;Erstmeldung;06.10.2025;05.10.2028;10.12.2025;Sonstige;Blopress 16 mg;C09CA06;Candesartancilexetil;nein;Cheplapharm Arzneimittel GmbH;N/A;ra-candesartan@cheplapharm.com ;Sonstige;discontinuation of this pack size;Blopress 16 mg - Einreichungsnummer: 2141297;10.12.2025;Nein;Tablette;weder versrel noch verskri
11509818;2182006;LE2025004369;LE2025002187;Änderungsmeldung;01.05.2025;31.10.2026;05.12.2025;Produktionsproblem;Ipratropiumbromid 250 Mikrogramm / 1 ml Stulln;R03BB01;Ipratropiumbromid;ja;Penta Arzneimittel GmbH;N/A;cornelius@penta-arzneimittel.de;Probleme in der Herstellung;N/A;N/A;30.06.2025;Nein;Lösung für einen Vernebler;weder versrel noch verskri
01684503;3002180;LE2025004286;LE2025001731;Änderungsmeldung;01.05.2025;31.12.2026;02.12.2025;Sonstige;Metypred forte 1000mg GALEN;H02AB04;Natrium(methylprednisolon-21-succinat);nein;GALENpharma GmbH;N/A;vertrieb@galenpharma.de;Sonstige;N/A;Urbason solubile forte 1000 mg - Einreichungsnummer: 0085717;20.05.2025;Nein;Pulver zur Herstellung einer Injektions- bzw. Infusionslösung,Lösungsmittel;weder versrel noch verskri
05020757;3002180;LE2025004286;LE2025001731;Änderungsmeldung;01.05.2025;31.12.2026;02.12.2025;Sonstige;Metypred forte 1000mg GALEN;H02AB04;Natrium(methylprednisolon-21-succinat);nein;GALENpharma GmbH;N/A;vertrieb@galenpharma.de;Sonstige;N/A;Urbason solubile forte 1000 mg - Einreichungsnummer: 0085717;20.05.2025;Nein;Pulver zur Herstellung einer Injektions- bzw. Infusionslösung,Lösungsmittel;weder versrel noch verskri
09087480;3002180;LE2025004286;LE2025001731;Änderungsmeldung;01.05.2025;31.12.2026;02.12.2025;Sonstige;Metypred forte 1000mg GALEN;H02AB04;Natrium(methylprednisolon-21-succinat);nein;GALENpharma GmbH;N/A;vertrieb@galenpharma.de;Sonstige;N/A;Urbason solubile forte 1000 mg - Einreichungsnummer: 0085717;20.05.2025;Nein;Pulver zur Herstellung einer Injektions- bzw. Infusionslösung,Lösungsmittel;weder versrel noch verskri
01684472;3002126;LE2025004285;LE2025001732;Änderungsmeldung;01.05.2025;31.12.2026;02.12.2025;Sonstige;Metypred 250mg GALEN;H02AB04;Natrium(methylprednisolon-21-succinat);nein;GALENpharma GmbH;N/A;vertrieb@galenpharma.de;Sonstige;N/A;Urbason solubile forte 250 mg - Einreichungsnummer: 0085746;20.05.2025;Nein;Pulver zur Herstellung einer Injektions- bzw. Infusionslösung,Lösungsmittel;weder versrel noch verskri
11359916;3002126;LE2025004285;LE2025001732;Änderungsmeldung;01.05.2025;31.12.2026;02.12.2025;Sonstige;Metypred 250mg GALEN;H02AB04;Natrium(methylprednisolon-21-succinat);nein;GALENpharma GmbH;N/A;vertrieb@galenpharma.de;Sonstige;N/A;Urbason solubile forte 250 mg - Einreichungsnummer: 0085746;20.05.2025;Nein;Pulver zur Herstellung einer Injektions- bzw. Infusionslösung,Lösungsmittel;weder versrel noch verskri
01684466;3002179;LE2025004284;LE2025001733;Änderungsmeldung;01.05.2025;31.12.2026;02.12.2025;Sonstige;Metypred 125mg GALEN;H02AB04;Natrium(methylprednisolon-21-succinat);nein;GALENpharma GmbH;N/A;vertrieb@galenpharma.de;Sonstige;N/A;N/A;20.05.2025;Nein;Pulver zur Herstellung einer Injektions- bzw. Infusionslösung,Lösungsmittel;weder versrel noch verskri
09670044;2197976;LE2025004200;LE2025001060;Änderungsmeldung;28.03.2025;01.12.2026;27.11.2025;Sonstige;Atorvastatin Aristo 80 mg Filmtabletten;C10AA05;Atorvastatin-Calcium-Trihydrat (Ph.Eur.);nein;Aristo Pharma GmbH;N/A;info@aristo-pharma.de;Erhöhte Nachfrage;N/A;N/A;28.03.2025;Vorgesehen;Filmtablette;versrel
09670050;2197976;LE2025004200;LE2025001060;Änderungsmeldung;28.03.2025;01.12.2026;27.11.2025;Sonstige;Atorvastatin Aristo 80 mg Filmtabletten;C10AA05;Atorvastatin-Calcium-Trihydrat (Ph.Eur.);nein;Aristo Pharma GmbH;N/A;info@aristo-pharma.de;Erhöhte Nachfrage;N/A;N/A;28.03.2025;Vorgesehen;Filmtablette;versrel
09670067;2197976;LE2025004200;LE2025001060;Änderungsmeldung;28.03.2025;01.12.2026;27.11.2025;Sonstige;Atorvastatin Aristo 80 mg Filmtabletten;C10AA05;Atorvastatin-Calcium-Trihydrat (Ph.Eur.);nein;Aristo Pharma GmbH;N/A;info@aristo-pharma.de;Erhöhte Nachfrage;N/A;N/A;28.03.2025;Vorgesehen;Filmtablette;versrel
13248285;2163101;LE2025004189;LE2025002883;Änderungsmeldung;17.07.2025;31.12.2026;26.11.2025;Produktionsproblem;Gabapentin Holsten 800 mg Filmtabletten;N03AX12;Gabapentin;nein;Holsten Pharma GmbH - Geschäftsanschrift -;N/A;y.maniya@holstenpharma.de;Herstellerwechsel;N/A;Gabapentin Holsten 800 mg Filmtabletten - Einreichungsnummer: 2163101;12.08.2025;Vorgesehen;Filmtablette;versrel
13248322;2163101;LE2025004189;LE2025002883;Änderungsmeldung;17.07.2025;31.12.2026;26.11.2025;Produktionsproblem;Gabapentin Holsten 800 mg Filmtabletten;N03AX12;Gabapentin;nein;Holsten Pharma GmbH - Geschäftsanschrift -;N/A;y.maniya@holstenpharma.de;Herstellerwechsel;N/A;Gabapentin Holsten 800 mg Filmtabletten - Einreichungsnummer: 2163101;12.08.2025;Vorgesehen;Filmtablette;versrel
05376371;2705660, 2705664;LE2025004090;LE2025004002;Änderungsmeldung;01.09.2026;01.05.2027;18.11.2025;Produktionsproblem;Javlor 25 mg/ml Konzentrat zur Herstellung einer Infusionslösung - OP(1x2ml);L01CA05;Vinfluninbis[(R,R)-tartrat];ja;Pierre Fabre Medicament;076145261234;zulassung_de@pierre-fabre.com;Probleme in der Herstellung;siehe ESMP-Meldung und Attachment;Javlor 25 mg/ml Konzentrat zur Herstellung einer Infusionslösung - OP(1x10ml) - Einreichungsnummer: 2705664;10.11.2025;Nein;Konzentrat zur Herstellung einer Infusionslösung;weder versrel noch verskri
05376419;2705660, 2705664;LE2025004090;LE2025004002;Änderungsmeldung;01.09.2026;01.05.2027;18.11.2025;Produktionsproblem;Javlor 25 mg/ml Konzentrat zur Herstellung einer Infusionslösung - OP(1x2ml);L01CA05;Vinfluninbis[(R,R)-tartrat];ja;Pierre Fabre Medicament;076145261234;zulassung_de@pierre-fabre.com;Probleme in der Herstellung;siehe ESMP-Meldung und Attachment;Javlor 25 mg/ml Konzentrat zur Herstellung einer Infusionslösung - OP(1x10ml) - Einreichungsnummer: 2705664;10.11.2025;Nein;Konzentrat zur Herstellung einer Infusionslösung;weder versrel noch verskri
13248173;2158852;LE2025003942;LE2025002991;Änderungsmeldung;04.07.2025;31.12.2026;04.11.2025;Sonstige;Gabapentin Holsten 300 mg Hartkapseln;N03AX12;Gabapentin;nein;Holsten Pharma GmbH - Geschäftsanschrift -;N/A;d.stephan@holstenpharma.de;Erhöhte Nachfrage;N/A;Gabapentin Holsten 300 mg Hartkapseln - Einreichungsnummer: 2158852;21.08.2025;Vorgesehen;Hartkapsel;versrel
20083293;2670699;LE2025003774;N/A;Erstmeldung;17.09.2025;26.06.2026;28.10.2025;Produktionsproblem;Scintimun;V09HA03;Besilesomab;nein;TELIX INNOVATIONS Rechtsform: S.A.;0032473436126;caroline.defraiteur@telixpharma.com;Probleme in der Herstellung;Please refer to the EMA shortage notification form dated from 26 August 2025;EFDEGE 1 GBq/ml, Injektionslösung - Einreichungsnummer: 2159726;28.10.2025;Nein;Pulver,Pulver;weder versrel noch verskri
08778093;2700480;LE2025003708;LE2025001911;Änderungsmeldung;09.06.2025;30.06.2027;23.10.2025;Sonstige;NeoRecormon 5000 IE Injektionslösung in Fertigspritze - OP6;B03XA;Epoetin beta;ja;Roche Registration GmbH;07626142106;grenzach.dra@roche.com;Unzureichende Produktionskapazitäten;N/A;NeoRecormon 5000 IE Injektionslösung in Fertigspritze - OP6 - Einreichungsnummer: 2793449;03.06.2025;Vorgesehen;Injektionslösung;versrel
08778087;2700478;LE2025003707;LE2025002283;Änderungsmeldung;07.07.2025;30.06.2027;23.10.2025;Sonstige;NeoRecormon 3000 IE Injektionslösung in Fertigspritze - OP6;B03XA;Epoetin beta;ja;Roche Registration GmbH;N/A;grenzach.dra@roche.com;Unzureichende Produktionskapazitäten;Shutdown for annex I implementation;NeoRecormon 3000 IE Injektionslösung in Fertigspritze - OP1 - Einreichungsnummer: 2700477;02.07.2025;Vorgesehen;Injektionslösung;versrel
00364825;2701081;LE2025003706;LE2025002503;Änderungsmeldung;21.07.2025;30.06.2027;23.10.2025;Sonstige;NeoRecormon 4000 IE Injektionslösung in Fertigspritze - OP6;B03XA;Epoetin beta;ja;Roche Registration GmbH;N/A;grenzach.dra@roche.com;Unzureichende Produktionskapazitäten;Shutdown for Annex I Implementation;NeoRecormon 4000 IE Injektionslösung in Fertigspritze - OP1 - Einreichungsnummer: 2701080;17.07.2025;Vorgesehen;Injektionslösung;versrel
08778070;2700476;LE2025003705;LE2025002624;Änderungsmeldung;04.08.2025;30.06.2027;23.10.2025;Sonstige;NeoRecormon 2000 IE Injektionslösung in Fertigspritze - OP6;B03XA;Epoetin beta;ja;Roche Registration GmbH;N/A;grenzach.dra@roche.com;Unzureichende Produktionskapazitäten;Shutdown for annex I implementation;NeoRecormon 2000 IE Injektionslösung in Fertigspritze - OP6 - Einreichungsnummer: 2793868;29.07.2025;Vorgesehen;Injektionslösung;versrel
04022599;3000349;LE2025003203;LE2025001342;Änderungsmeldung;24.02.2025;30.04.2027;09.09.2025;Sonstige;Procain 2 % JENAPHARM;N01BA02;Procainhydrochlorid;ja;Mibe GmbH Arzneimittel;N/A;zulassung-sekretariat@mibegmbh.de;Sonstige;N/A;N/A;16.04.2025;Nein;Injektionslösung;weder versrel noch verskri
04022613;3000349;LE2025003203;LE2025001342;Änderungsmeldung;24.02.2025;30.04.2027;09.09.2025;Sonstige;Procain 2 % JENAPHARM;N01BA02;Procainhydrochlorid;ja;Mibe GmbH Arzneimittel;N/A;zulassung-sekretariat@mibegmbh.de;Sonstige;N/A;N/A;16.04.2025;Nein;Injektionslösung;weder versrel noch verskri
06342977;3000349;LE2025003203;LE2025001342;Änderungsmeldung;24.02.2025;30.04.2027;09.09.2025;Sonstige;Procain 2 % JENAPHARM;N01BA02;Procainhydrochlorid;ja;Mibe GmbH Arzneimittel;N/A;zulassung-sekretariat@mibegmbh.de;Sonstige;N/A;N/A;16.04.2025;Nein;Injektionslösung;weder versrel noch verskri
04022576;3000348;LE2025003202;LE2025000146;Änderungsmeldung;10.01.2025;31.08.2027;09.09.2025;Sonstige;Procain 1 % JENAPHARM;N01BA02;Procainhydrochlorid;ja;Mibe GmbH Arzneimittel;N/A;zulassung-sekretariat@mibegmbh.de;Sonstige;N/A;N/A;15.01.2025;Nein;Injektionslösung;weder versrel noch verskri
04022582;3000348;LE2025003202;LE2025000146;Änderungsmeldung;10.01.2025;31.08.2027;09.09.2025;Sonstige;Procain 1 % JENAPHARM;N01BA02;Procainhydrochlorid;ja;Mibe GmbH Arzneimittel;N/A;zulassung-sekretariat@mibegmbh.de;Sonstige;N/A;N/A;15.01.2025;Nein;Injektionslösung;weder versrel noch verskri
06342954;3000348;LE2025003202;LE2025000146;Änderungsmeldung;10.01.2025;31.08.2027;09.09.2025;Sonstige;Procain 1 % JENAPHARM;N01BA02;Procainhydrochlorid;ja;Mibe GmbH Arzneimittel;N/A;zulassung-sekretariat@mibegmbh.de;Sonstige;N/A;N/A;15.01.2025;Nein;Injektionslösung;weder versrel noch verskri
06342960;3000348;LE2025003202;LE2025000146;Änderungsmeldung;10.01.2025;31.08.2027;09.09.2025;Sonstige;Procain 1 % JENAPHARM;N01BA02;Procainhydrochlorid;ja;Mibe GmbH Arzneimittel;N/A;zulassung-sekretariat@mibegmbh.de;Sonstige;N/A;N/A;15.01.2025;Nein;Injektionslösung;weder versrel noch verskri
01754899;2702586, 2702592;LE2025002093;N/A;Erstmeldung;24.06.2025;01.01.2030;24.06.2025;Sonstige;Emselex 7,5 mg Retardtabletten - OP49;G04BD10;Darifenacinhydrobromid;nein;pharmaand GmbH;+43 664 9266979;regulatory@pharmaand.com;Sonstige;Stärken wird enventuell vom Markt genommen werden.;Emselex 7,5 mg Retardtabletten - OP98 - Einreichungsnummer: 2702588;24.06.2025;Vorgesehen;Retardtablette;verskri (auch versrel)
01755002;2702586, 2702592;LE2025002093;N/A;Erstmeldung;24.06.2025;01.01.2030;24.06.2025;Sonstige;Emselex 7,5 mg Retardtabletten - OP49;G04BD10;Darifenacinhydrobromid;nein;pharmaand GmbH;+43 664 9266979;regulatory@pharmaand.com;Sonstige;Stärken wird enventuell vom Markt genommen werden.;Emselex 7,5 mg Retardtabletten - OP98 - Einreichungsnummer: 2702588;24.06.2025;Vorgesehen;Retardtablette;verskri (auch versrel)
00969356;2139058;LE2025001969;N/A;Erstmeldung;11.06.2025;30.09.2027;11.06.2025;Sonstige;Spasmolyt 10mg;G04BD09;Trospiumchlorid;nein;Viatris Healthcare GmbH;0800-0700-800;kundenservice@viatris.com	;Sonstige;Der Vertrieb des Arzneimittels wird eingestellt.		;N/A;11.06.2025;Nein;überzogene Tablette;weder versrel noch verskri
00969362;2139058;LE2025001969;N/A;Erstmeldung;11.06.2025;30.09.2027;11.06.2025;Sonstige;Spasmolyt 10mg;G04BD09;Trospiumchlorid;nein;Viatris Healthcare GmbH;0800-0700-800;kundenservice@viatris.com	;Sonstige;Der Vertrieb des Arzneimittels wird eingestellt.		;N/A;11.06.2025;Nein;überzogene Tablette;weder versrel noch verskri
00969379;2139058;LE2025001969;N/A;Erstmeldung;11.06.2025;30.09.2027;11.06.2025;Sonstige;Spasmolyt 10mg;G04BD09;Trospiumchlorid;nein;Viatris Healthcare GmbH;0800-0700-800;kundenservice@viatris.com	;Sonstige;Der Vertrieb des Arzneimittels wird eingestellt.		;N/A;11.06.2025;Nein;überzogene Tablette;weder versrel noch verskri
00000000;2164043;LE2025001934;N/A;Erstmeldung;01.04.2025;01.04.2027;05.06.2025;Sonstige;Accusol 35 Hämodialyse-, Hämodiafiltrations-, Hämofiltrationslösung;B05ZB;"Calciumchlorid-Dihydrat; Magnesiumchlorid-Hexahydrat; Natriumchlorid; Natriumhydrogencarbonat";nein;Nikkiso Belgium bv;N/A;regulatory@nikkisomedical.com;Sonstige;The demand for Accusol 35 is not high enough to manufacture a full batch of GZPE00 code. Instead, German market will receive ZAPE00 product (identical to GZPE00), apart from languages on the packaging and label + leaflet.;Duosol ohne Kalium Hämofiltrationslösung - Einreichungsnummer: 2160546;05.06.2025;Ja;Hämodialyse-, Hämodiafiltrations- und Hämofiltrationslösung,Hämodialyse-, Hämodiafiltrations- und Hämofiltrationslösung;weder versrel noch verskri
