atc_code,atc_level1,role,n_substances,n_suppliers,n_ulcm_substances,n_countries,top_country,top_country_share,hhi_country,eu_eea_share
A01AA,A,mah_national,1,1,0,,,,,
A01AA01,A,mah_national,1,1,0,,,,,
A01AB,A,mah_national,4,3,0,,,,,
A01AB03,A,mah_national,2,2,0,,,,,
A01AB09,A,mah_national,1,1,0,,,,,
A01AB12,A,mah_national,1,1,0,,,,,
A01AD,A,mah_national,1,1,0,,,,,
A01AD02,A,mah_national,1,2,0,,,,,
A02AA01,A,mah_national,3,1,0,,,,,
A02AA04,A,mah_national,1,1,0,,,,,
A02AC,A,mah_national,2,2,0,,,,,
A02AC01,A,mah_national,4,3,0,,,,,
A02AD,A,mah_national,6,2,0,,,,,
A02AD01,A,mah_national,5,2,0,,,,,
A02AF,A,mah_national,5,1,0,,,,,
A02AF02,A,mah_national,5,1,0,,,,,
A02AH,A,mah_national,1,1,0,,,,,
A02AX,A,mah_national,5,2,0,,,,,
A02BA,A,mah_national,4,3,0,,,,,
A02BA01,A,mah_national,1,1,0,,,,,
A02BA03,A,mah_national,1,3,0,,,,,
A02BA53,A,mah_national,3,1,0,,,,,
A02BB,A,mah_national,1,1,0,,,,,
A02BB01,A,mah_national,1,1,0,,,,,
A02BC,A,mah_national,5,25,1,,,,,
A02BC01,A,mah_national,1,12,0,,,,,
A02BC02,A,api_cep,1,43,0,10,IN,0.6744,4721.5,0.2093
A02BC02,A,batch_release,1,1,0,1,DE,1.0,10000.0,1.0
A02BC02,A,mah_national,1,13,0,,,,,
A02BC03,A,mah_national,1,8,0,,,,,
A02BC04,A,mah_national,1,3,0,,,,,
A02BC05,A,api_cep,1,39,1,8,IN,0.5385,3543.7,0.1795
A02BC05,A,batch_release,1,1,1,1,IT,1.0,10000.0,1.0
A02BC05,A,mah_national,1,18,1,,,,,
A02BD08,A,mah_national,3,1,1,,,,,
A02BX,A,mah_national,6,1,0,,,,,
A02BX01,A,mah_national,1,1,0,,,,,
A02BX13,A,mah_national,6,1,0,,,,,
A03AA,A,mah_national,1,1,0,,,,,
A03AA04,A,mah_national,1,2,0,,,,,
A03AB,A,mah_national,1,3,0,,,,,
A03AB02,A,api_cep,1,13,0,5,IN,0.4615,3017.8,0.3077
A03AB02,A,batch_release,1,2,0,2,FR,0.5,5000.0,1.0
A03AB02,A,mah_national,2,4,0,,,,,
A03AX,A,mah_national,4,4,0,,,,,
A03AX08,A,mah_national,1,1,0,,,,,
A03AX13,A,mah_national,4,2,0,,,,,
A03AX58,A,mah_national,2,1,0,,,,,
A03BA,A,mah_national,1,1,1,,,,,
A03BA01,A,api_cep,1,10,1,6,IN,0.5,3000.0,0.4
A03BA01,A,mah_national,1,1,1,,,,,
A03BB,A,mah_national,1,1,0,,,,,
A03BB01,A,mah_national,1,2,0,,,,,
A03FA,A,mah_national,2,7,1,,,,,
A03FA01,A,api_cep,1,4,1,3,IT,0.5,3750.0,0.5
A03FA01,A,mah_national,1,4,1,,,,,
A03FA03,A,mah_national,1,4,0,,,,,
A03FA07,A,mah_national,1,1,0,,,,,
A04AA,A,batch_release,1,1,0,1,IE,1.0,10000.0,1.0
A04AA,A,mah_national,4,15,0,,,,,
A04AA01,A,mah_national,1,13,0,,,,,
A04AA02,A,api_cep,1,11,0,5,CN,0.4545,2892.6,0.0909
A04AA02,A,batch_release,1,1,0,1,DE,1.0,10000.0,1.0
A04AA02,A,mah_national,1,2,0,,,,,
A04AA05,A,api_cep,1,1,0,1,IL,1.0,10000.0,0.0
A04AA05,A,batch_release,1,3,0,3,GR,0.3333,3333.3,1.0
A04AA05,A,mah_national,2,3,0,,,,,
A04AA55,A,mah_national,2,1,0,,,,,
A04AD,A,mah_national,3,3,0,,,,,
A04AD01,A,mah_national,1,1,0,,,,,
A04AD12,A,api_cep,1,11,0,3,IN,0.5455,4380.2,0.0909
A04AD12,A,batch_release,2,1,0,1,NL,1.0,10000.0,1.0
A04AD12,A,mah_national,2,2,0,,,,,
A05,A,batch_release,1,1,0,1,DE,1.0,10000.0,1.0
A05AA,A,mah_national,4,9,0,,,,,
A05AA01,A,batch_release,1,1,0,1,ES,1.0,10000.0,1.0
A05AA01,A,mah_national,1,1,0,,,,,
A05AA02,A,mah_national,1,7,0,,,,,
A05AA03,A,batch_release,1,2,0,2,FR,0.5,5000.0,1.0
A05AA03,A,mah_national,1,1,0,,,,,
A05AA04,A,mah_national,1,1,0,,,,,
A05AX,A,batch_release,1,1,0,1,GB,1.0,10000.0,0.0
A05AX,A,mah_national,1,1,0,,,,,
A05AX04,A,batch_release,1,1,0,1,IE,1.0,10000.0,1.0
A05AX04,A,mah_national,1,1,0,,,,,
A05AX05,A,batch_release,1,1,0,1,GB,1.0,10000.0,0.0
A05AX05,A,mah_national,1,1,0,,,,,
A05AX06,A,batch_release,1,1,0,1,IT,1.0,10000.0,1.0
A05AX06,A,mah_national,1,1,0,,,,,
A05AX07,A,batch_release,1,1,0,1,IE,1.0,10000.0,1.0
A05AX07,A,mah_national,1,1,0,,,,,
A05BA11,A,mah_national,1,1,0,,,,,
A06AB,A,mah_national,7,4,0,,,,,
A06AB02,A,mah_national,1,1,0,,,,,
A06AB06,A,mah_national,2,1,0,,,,,
A06AB08,A,mah_national,1,1,0,,,,,
A06AB58,A,mah_national,4,2,0,,,,,
A06AC,A,mah_national,2,1,0,,,,,
A06AC01,A,mah_national,1,1,0,,,,,
A06AC51,A,mah_national,2,1,0,,,,,
A06AD,A,mah_national,14,14,2,,,,,
A06AD04,A,mah_national,3,1,1,,,,,
A06AD11,A,mah_national,1,4,0,,,,,
A06AD15,A,mah_national,2,3,0,,,,,
A06AD65,A,mah_national,8,8,1,,,,,
A06AG,A,mah_national,4,2,0,,,,,
A06AG01,A,mah_national,2,1,0,,,,,
A06AG11,A,mah_national,2,1,0,,,,,
A06AH,A,mah_national,1,1,0,,,,,
A06AH01,A,batch_release,1,1,0,1,PL,1.0,10000.0,1.0
A06AH01,A,mah_national,1,1,0,,,,,
A06AH03,A,batch_release,1,1,0,1,NL,1.0,10000.0,1.0
A06AH03,A,mah_national,1,1,0,,,,,
A06AH05,A,batch_release,1,1,0,1,NL,1.0,10000.0,1.0
A06AH05,A,mah_national,1,1,0,,,,,
A06AX,A,mah_national,3,3,0,,,,,
A06AX01,A,mah_national,1,1,0,,,,,
A06AX04,A,batch_release,1,1,0,1,IE,1.0,10000.0,1.0
A06AX04,A,mah_national,1,1,0,,,,,
A06AX05,A,batch_release,1,1,0,1,BE,1.0,10000.0,1.0
A06AX05,A,mah_national,1,3,0,,,,,
A07AA,A,mah_national,3,4,1,,,,,
A07AA02,A,mah_national,1,1,0,,,,,
A07AA09,A,mah_national,1,1,1,,,,,
A07AA11,A,mah_national,1,2,0,,,,,
A07AA12,A,batch_release,1,2,1,2,DE,0.5,5000.0,0.5
A07AA12,A,mah_national,1,1,1,,,,,
A07BA,A,mah_national,1,1,0,,,,,
A07BA01,A,mah_national,1,1,0,,,,,
A07CA,A,mah_national,4,1,1,,,,,
A07DA,A,mah_national,3,4,0,,,,,
A07DA02,A,mah_national,1,1,0,,,,,
A07DA03,A,mah_national,1,5,0,,,,,
A07DA53,A,mah_national,2,1,0,,,,,
A07EA,A,mah_national,1,4,0,,,,,
A07EA06,A,api_cep,1,20,0,7,IN,0.35,2200.0,0.45
A07EA06,A,batch_release,1,3,0,2,DE,0.6667,5555.6,1.0
A07EA06,A,mah_national,1,5,0,,,,,
A07EC,A,mah_national,3,9,0,,,,,
A07EC01,A,mah_national,1,2,0,,,,,
A07EC02,A,mah_national,1,8,0,,,,,
A07EC03,A,mah_national,1,1,0,,,,,
A07XA,A,mah_national,1,1,0,,,,,
A07XA04,A,mah_national,1,2,0,,,,,
A08AA,A,batch_release,2,2,0,2,ES,0.5,5000.0,1.0
A08AA,A,mah_national,5,3,0,,,,,
A08AA62,A,mah_national,2,1,0,,,,,
A08AB,A,mah_national,1,2,0,,,,,
A08AB01,A,batch_release,1,3,0,2,DE,0.6667,5555.6,1.0
A08AB01,A,mah_national,1,3,0,,,,,
A09AA,A,mah_national,1,3,0,,,,,
A09AA02,A,mah_national,1,4,0,,,,,
A09AB,A,mah_national,3,1,1,,,,,
A09AB04,A,mah_national,3,1,1,,,,,
A10,A,mah_national,2,1,1,,,,,
A10AB,A,mah_national,4,5,2,,,,,
A10AB01,A,batch_release,1,4,1,3,DK,0.5,3750.0,1.0
A10AB01,A,bio_api,1,2,1,2,DE,0.5,5000.0,1.0
A10AB01,A,mah_national,1,3,1,,,,,
A10AB04,A,batch_release,1,10,0,5,FR,0.6,4000.0,1.0
A10AB04,A,bio_api,1,5,0,3,US,0.6,4400.0,0.2
A10AB04,A,mah_national,1,2,0,,,,,
A10AB05,A,batch_release,1,6,1,4,DK,0.5,3333.3,1.0
A10AB05,A,bio_api,1,3,1,3,DE,0.3333,3333.3,0.6667
A10AB05,A,mah_national,1,4,1,,,,,
A10AB06,A,batch_release,1,1,0,1,DE,1.0,10000.0,1.0
A10AB06,A,bio_api,1,1,0,1,DE,1.0,10000.0,1.0
A10AB06,A,mah_national,1,1,0,,,,,
A10AC,A,mah_national,1,3,1,,,,,
A10AC01,A,batch_release,1,2,1,2,DK,0.5,5000.0,1.0
A10AC01,A,bio_api,1,1,1,1,DK,1.0,10000.0,1.0
A10AC01,A,mah_national,1,3,1,,,,,
A10AD,A,mah_national,5,4,3,,,,,
A10AD01,A,batch_release,1,3,1,2,DK,0.6667,5555.6,1.0
A10AD01,A,bio_api,1,1,1,1,DK,1.0,10000.0,1.0
A10AD01,A,mah_national,2,4,1,,,,,
A10AD04,A,mah_national,1,1,0,,,,,
A10AD05,A,batch_release,1,5,1,4,DK,0.4,2800.0,1.0
A10AD05,A,bio_api,1,2,1,2,DE,0.5,5000.0,1.0
A10AD05,A,mah_national,1,2,1,,,,,
A10AD06,A,batch_release,1,3,0,2,DK,0.6667,5555.6,1.0
A10AD06,A,bio_api,1,1,0,1,DK,1.0,10000.0,1.0
A10AD06,A,mah_national,2,1,2,,,,,
A10AE,A,mah_national,5,5,1,,,,,
A10AE04,A,batch_release,1,5,0,4,DE,0.4,2800.0,1.0
A10AE04,A,bio_api,1,5,0,5,CN,0.2,2000.0,0.2
A10AE04,A,mah_national,2,5,0,,,,,
A10AE05,A,mah_national,2,1,0,,,,,
A10AE06,A,batch_release,1,2,1,2,DK,0.5,5000.0,1.0
A10AE06,A,bio_api,1,1,1,1,DK,1.0,10000.0,1.0
A10AE06,A,mah_national,1,1,1,,,,,
A10AE07,A,batch_release,1,1,0,1,DK,1.0,10000.0,1.0
A10AE07,A,bio_api,1,1,0,1,DK,1.0,10000.0,1.0
A10AE07,A,mah_national,1,1,0,,,,,
A10AE54,A,batch_release,1,1,0,1,DE,1.0,10000.0,1.0
A10AE54,A,bio_api,1,1,0,1,DE,1.0,10000.0,1.0
A10AE56,A,batch_release,1,1,0,1,DK,1.0,10000.0,1.0
A10AE56,A,bio_api,1,1,0,1,DK,1.0,10000.0,1.0
A10AE57,A,batch_release,1,1,0,1,DK,1.0,10000.0,1.0
A10AE57,A,bio_api,1,1,0,1,DK,1.0,10000.0,1.0
A10AE57,A,mah_national,2,1,0,,,,,
A10B,A,mah_national,3,3,0,,,,,
A10BA,A,mah_national,1,5,0,,,,,
A10BA02,A,mah_national,1,8,0,,,,,
A10BB,A,mah_national,2,6,0,,,,,
A10BB01,A,api_cep,1,9,0,5,IN,0.4444,2839.5,0.4444
A10BB01,A,mah_national,1,1,0,,,,,
A10BB09,A,mah_national,1,5,0,,,,,
A10BD,A,mah_national,11,4,0,,,,,
A10BD05,A,batch_release,1,3,0,3,ES,0.3333,3333.3,1.0
A10BD05,A,mah_national,2,1,0,,,,,
A10BD06,A,batch_release,1,3,0,3,DE,0.3333,3333.3,1.0
A10BD06,A,mah_national,2,1,0,,,,,
A10BD07,A,batch_release,1,6,0,5,NL,0.3333,2222.2,1.0
A10BD07,A,mah_national,3,13,0,,,,,
A10BD08,A,batch_release,1,9,0,7,ES,0.2222,1604.9,1.0
A10BD08,A,mah_national,4,2,0,,,,,
A10BD09,A,batch_release,1,1,0,1,IE,1.0,10000.0,1.0
A10BD09,A,mah_national,2,1,0,,,,,
A10BD10,A,batch_release,1,2,0,2,GB,0.5,5000.0,0.5
A10BD10,A,mah_national,2,1,0,,,,,
A10BD11,A,batch_release,1,2,0,2,DE,0.5,5000.0,1.0
A10BD11,A,mah_national,2,2,0,,,,,
A10BD13,A,batch_release,1,1,0,1,IE,1.0,10000.0,1.0
A10BD13,A,mah_national,2,1,0,,,,,
A10BD15,A,batch_release,1,1,0,1,SE,1.0,10000.0,1.0
A10BD15,A,mah_national,2,2,0,,,,,
A10BD16,A,batch_release,1,1,0,1,IT,1.0,10000.0,1.0
A10BD19,A,batch_release,1,2,0,1,DE,1.0,10000.0,1.0
A10BD19,A,mah_national,2,1,0,,,,,
A10BD20,A,batch_release,1,6,0,3,FR,0.5,3888.9,1.0
A10BD20,A,mah_national,2,1,0,,,,,
A10BD21,A,batch_release,1,1,0,1,SE,1.0,10000.0,1.0
A10BD21,A,mah_national,2,1,0,,,,,
A10BD23,A,batch_release,1,1,0,1,NL,1.0,10000.0,1.0
A10BD23,A,mah_national,2,1,0,,,,,
A10BD24,A,batch_release,1,2,0,2,BE,0.5,5000.0,1.0
A10BD24,A,mah_national,2,1,0,,,,,
A10BG,A,mah_national,2,4,0,,,,,
A10BG03,A,api_cep,1,6,0,2,IN,0.8333,7222.2,0.0
A10BG03,A,batch_release,1,7,0,7,DE,0.1429,1428.6,1.0
A10BG03,A,mah_national,1,5,0,,,,,
A10BH,A,mah_national,7,7,0,,,,,
A10BH01,A,api_cep,1,30,0,5,IN,0.7,5200.0,0.1
A10BH01,A,batch_release,1,6,0,4,NL,0.5,3333.3,1.0
A10BH01,A,mah_national,2,9,0,,,,,
A10BH02,A,batch_release,1,4,0,3,SI,0.5,3750.0,1.0
A10BH02,A,mah_national,1,2,0,,,,,
A10BH03,A,api_cep,1,2,0,1,IN,1.0,10000.0,0.0
A10BH03,A,batch_release,1,2,0,2,GB,0.5,5000.0,0.5
A10BH03,A,mah_national,2,1,0,,,,,
A10BH04,A,batch_release,1,1,0,1,IE,1.0,10000.0,1.0
A10BH04,A,mah_national,1,1,0,,,,,
A10BH05,A,batch_release,1,3,0,2,DE,0.6667,5555.6,1.0
A10BH05,A,mah_national,1,8,0,,,,,
A10BJ01,A,batch_release,1,3,0,3,GB,0.3333,3333.3,0.6667
A10BJ01,A,mah_national,1,1,0,,,,,
A10BJ02,A,batch_release,1,2,0,2,DK,0.5,5000.0,1.0
A10BJ02,A,bio_api,1,1,0,1,DK,1.0,10000.0,1.0
A10BJ02,A,mah_national,1,2,0,,,,,
A10BJ05,A,batch_release,1,2,0,2,FR,0.5,5000.0,1.0
A10BJ05,A,bio_api,1,2,0,2,IE,0.5,5000.0,0.5
A10BJ06,A,batch_release,1,2,0,2,DK,0.5,5000.0,1.0
A10BJ06,A,bio_api,1,3,0,3,DK,0.3333,3333.3,0.6667
A10BJ06,A,mah_national,1,1,0,,,,,
A10BK,A,mah_national,5,4,0,,,,,
A10BK01,A,batch_release,2,4,0,4,DE,0.25,2500.0,0.75
A10BK01,A,mah_national,4,6,0,,,,,
A10BK02,A,batch_release,1,1,0,1,IT,1.0,10000.0,1.0
A10BK02,A,mah_national,1,1,0,,,,,
A10BK03,A,batch_release,1,5,0,3,DE,0.4,3600.0,1.0
A10BK03,A,mah_national,1,2,0,,,,,
A10BK04,A,batch_release,1,2,0,2,BE,0.5,5000.0,1.0
A10BK04,A,mah_national,1,1,0,,,,,
A10BX,A,mah_national,7,7,0,,,,,
A10BX02,A,api_cep,1,13,0,5,IN,0.6923,5029.6,0.2308
A10BX02,A,batch_release,1,13,0,11,DE,0.1538,1005.9,1.0
A10BX02,A,mah_national,1,4,0,,,,,
A10BX03,A,api_cep,1,2,0,1,IN,1.0,10000.0,0.0
A10BX04,A,mah_national,1,1,0,,,,,
A10BX07,A,mah_national,1,1,0,,,,,
A10BX09,A,mah_national,1,1,0,,,,,
A10BX12,A,mah_national,1,1,0,,,,,
A10BX16,A,batch_release,1,5,0,4,IE,0.4,2800.0,1.0
A10BX16,A,mah_national,1,1,0,,,,,
A10XX01,A,batch_release,1,1,0,1,NL,1.0,10000.0,1.0
A10XX01,A,bio_api,1,1,0,1,US,1.0,10000.0,0.0
A10XX01,A,mah_national,1,1,0,,,,,
A11BA,A,mah_national,16,3,0,,,,,
A11C,A,mah_national,1,1,0,,,,,
A11CC,A,mah_national,3,8,0,,,,,
A11CC03,A,mah_national,1,3,0,,,,,
A11CC05,A,mah_national,3,8,0,,,,,
A11CC06,A,mah_national,1,2,0,,,,,
A11EB,A,mah_national,6,2,0,,,,,
A11GB,A,mah_national,2,1,0,,,,,
A11HA03,A,mah_national,1,1,0,,,,,
A11HA08,A,batch_release,1,1,0,1,FR,1.0,10000.0,1.0
A11HA08,A,mah_national,1,1,0,,,,,
A12AA,A,mah_national,3,3,0,,,,,
A12AA04,A,mah_national,3,3,0,,,,,
A12AA12,A,mah_national,1,1,0,,,,,
A12AX,A,mah_national,7,8,0,,,,,
A12BA,A,mah_national,2,4,1,,,,,
A12BA01,A,mah_national,1,3,1,,,,,
A12BA02,A,mah_national,1,2,0,,,,,
A12BA30,A,batch_release,1,1,0,1,FR,1.0,10000.0,1.0
A12BA30,A,mah_national,2,1,0,,,,,
A12CA,A,mah_national,1,1,0,,,,,
A12CA01,A,mah_national,1,1,0,,,,,
A12CC,A,mah_national,1,1,0,,,,,
A12CC02,A,api_cep,1,2,1,2,CZ,0.5,5000.0,0.5
A12CC04,A,mah_national,1,1,0,,,,,
A12CC05,A,mah_national,1,2,0,,,,,
A12CE,A,mah_national,1,1,0,,,,,
A12CE02,A,mah_national,1,1,0,,,,,
A16,A,batch_release,2,3,0,2,IE,0.6667,5555.6,0.6667
A16,A,bio_api,2,2,0,2,BE,0.5,5000.0,1.0
A16A,A,batch_release,3,4,0,4,DE,0.25,2500.0,1.0
A16A,A,mah_national,2,2,0,,,,,
A16AA,A,batch_release,1,1,0,1,IE,1.0,10000.0,1.0
A16AA,A,bio_api,1,1,0,1,AT,1.0,10000.0,1.0
A16AA,A,mah_national,5,3,0,,,,,
A16AA04,A,batch_release,1,2,0,2,FR,0.5,5000.0,1.0
A16AA04,A,mah_national,2,2,0,,,,,
A16AA05,A,batch_release,1,2,0,2,FR,0.5,5000.0,1.0
A16AA05,A,mah_national,1,2,0,,,,,
A16AA06,A,batch_release,1,2,0,2,BE,0.5,5000.0,1.0
A16AA06,A,mah_national,1,2,0,,,,,
A16AB,A,batch_release,4,3,0,2,IE,0.6667,5555.6,1.0
A16AB,A,bio_api,4,5,0,3,IE,0.4,3600.0,0.4
A16AB,A,mah_national,12,6,1,,,,,
A16AB02,A,batch_release,1,1,1,1,IE,1.0,10000.0,1.0
A16AB02,A,bio_api,1,3,1,1,US,1.0,10000.0,0.0
A16AB02,A,mah_national,1,1,1,,,,,
A16AB03,A,batch_release,1,2,0,1,IE,1.0,10000.0,1.0
A16AB03,A,bio_api,1,1,0,1,US,1.0,10000.0,0.0
A16AB03,A,mah_national,1,1,0,,,,,
A16AB04,A,batch_release,1,1,0,1,IE,1.0,10000.0,1.0
A16AB04,A,bio_api,1,1,0,1,US,1.0,10000.0,0.0
A16AB04,A,mah_national,2,1,0,,,,,
A16AB05,A,batch_release,1,1,0,1,IE,1.0,10000.0,1.0
A16AB05,A,bio_api,1,1,0,1,US,1.0,10000.0,0.0
A16AB05,A,mah_national,1,1,0,,,,,
A16AB07,A,batch_release,1,1,0,1,IE,1.0,10000.0,1.0
A16AB07,A,bio_api,1,1,0,1,BE,1.0,10000.0,1.0
A16AB07,A,mah_national,1,1,0,,,,,
A16AB08,A,mah_national,1,1,0,,,,,
A16AB09,A,batch_release,1,2,0,1,IE,1.0,10000.0,1.0
A16AB09,A,bio_api,1,2,0,1,US,1.0,10000.0,0.0
A16AB09,A,mah_national,1,1,0,,,,,
A16AB10,A,batch_release,1,2,0,1,IE,1.0,10000.0,1.0
A16AB10,A,bio_api,1,2,0,1,US,1.0,10000.0,0.0
A16AB10,A,mah_national,1,1,0,,,,,
A16AB12,A,batch_release,1,1,0,1,IE,1.0,10000.0,1.0
A16AB12,A,bio_api,1,2,0,2,IE,0.5,5000.0,0.5
A16AB12,A,mah_national,1,1,0,,,,,
A16AB14,A,mah_national,1,1,0,,,,,
A16AB15,A,batch_release,1,1,0,1,IT,1.0,10000.0,1.0
A16AB15,A,bio_api,1,1,0,1,DE,1.0,10000.0,1.0
A16AB15,A,mah_national,1,1,0,,,,,
A16AB18,A,batch_release,1,1,0,1,NL,1.0,10000.0,1.0
A16AB18,A,bio_api,1,1,0,1,DE,1.0,10000.0,1.0
A16AB18,A,mah_national,1,1,0,,,,,
A16AB19,A,batch_release,1,1,0,1,IE,1.0,10000.0,1.0
A16AB19,A,bio_api,1,2,0,2,AT,0.5,5000.0,0.5
A16AB19,A,mah_national,1,1,0,,,,,
A16AB20,A,batch_release,1,1,0,1,IT,1.0,10000.0,1.0
A16AB20,A,bio_api,1,1,0,1,IL,1.0,10000.0,0.0
A16AB20,A,mah_national,1,1,0,,,,,
A16AB21,A,mah_national,1,1,0,,,,,
A16AB22,A,mah_national,1,1,0,,,,,
A16AB23,A,mah_national,1,1,0,,,,,
A16AB24,A,batch_release,1,1,0,1,SE,1.0,10000.0,1.0
A16AB24,A,bio_api,1,1,0,1,US,1.0,10000.0,0.0
A16AB24,A,mah_national,1,1,0,,,,,
A16AB25,A,batch_release,1,1,0,1,IE,1.0,10000.0,1.0
A16AB25,A,bio_api,1,1,0,1,US,1.0,10000.0,0.0
A16AB25,A,mah_national,1,1,0,,,,,
A16AB26,A,batch_release,1,1,0,1,IE,1.0,10000.0,1.0
A16AB26,A,bio_api,1,1,0,1,US,1.0,10000.0,0.0
A16AB26,A,mah_national,1,1,0,,,,,
A16AX,A,batch_release,2,2,0,2,FR,0.5,5000.0,1.0
A16AX,A,mah_national,12,16,0,,,,,
A16AX03,A,api_cep,1,1,0,1,IN,1.0,10000.0,0.0
A16AX03,A,batch_release,1,2,0,2,FR,0.5,5000.0,1.0
A16AX03,A,mah_national,2,2,0,,,,,
A16AX04,A,batch_release,1,1,0,1,SE,1.0,10000.0,1.0
A16AX04,A,mah_national,1,4,0,,,,,
A16AX05,A,batch_release,1,1,0,1,FR,1.0,10000.0,1.0
A16AX05,A,mah_national,1,1,0,,,,,
A16AX06,A,batch_release,1,6,0,4,FR,0.3333,2777.8,1.0
A16AX06,A,mah_national,1,5,0,,,,,
A16AX07,A,batch_release,1,5,0,5,DE,0.2,2000.0,1.0
A16AX07,A,mah_national,1,2,0,,,,,
A16AX08,A,batch_release,1,4,0,3,IE,0.5,3750.0,1.0
A16AX08,A,bio_api,1,1,0,1,AT,1.0,10000.0,1.0
A16AX08,A,mah_national,1,2,0,,,,,
A16AX09,A,batch_release,1,2,0,2,FR,0.5,5000.0,1.0
A16AX09,A,mah_national,1,1,0,,,,,
A16AX10,A,batch_release,1,3,0,2,FR,0.6667,5555.6,1.0
A16AX10,A,mah_national,1,1,0,,,,,
A16AX11,A,api_cep,1,2,0,2,IE,0.5,5000.0,0.5
A16AX12,A,mah_national,2,3,0,,,,,
A16AX16,A,batch_release,1,1,0,1,NL,1.0,10000.0,1.0
A16AX16,A,mah_national,1,1,0,,,,,
A16AX18,A,batch_release,1,1,0,1,NL,1.0,10000.0,1.0
A16AX19,A,batch_release,1,1,0,1,NL,1.0,10000.0,1.0
A16AX19,A,mah_national,1,1,0,,,,,
A16AX20,A,mah_national,1,1,0,,,,,
A16AX28,A,mah_national,1,1,0,,,,,
A16AX29,A,batch_release,1,1,0,1,DE,1.0,10000.0,1.0
A16AX29,A,mah_national,2,1,0,,,,,
B01,B,batch_release,2,4,0,3,DE,0.5,3750.0,1.0
B01A,B,batch_release,1,2,0,2,BE,0.5,5000.0,1.0
B01A,B,bio_api,1,1,0,1,DE,1.0,10000.0,1.0
B01A,B,mah_national,1,1,0,,,,,
B01AA,B,mah_national,2,2,1,,,,,
B01AA03,B,api_cep,1,8,1,5,IN,0.5,3125.0,0.375
B01AA03,B,mah_national,2,2,1,,,,,
B01AB,B,mah_national,8,9,1,,,,,
B01AB01,B,api_cep,1,3,1,2,CN,0.6667,5555.6,0.3333
B01AB01,B,mah_national,4,2,1,,,,,
B01AB05,B,api_cep,1,3,0,3,CN,0.3333,3333.3,0.3333
B01AB05,B,batch_release,1,1,0,1,PL,1.0,10000.0,1.0
B01AB05,B,bio_api,1,2,0,1,CN,1.0,10000.0,0.0
B01AB05,B,mah_national,1,6,0,,,,,
B01AB09,B,mah_national,1,1,0,,,,,
B01AB10,B,mah_national,1,3,0,,,,,
B01AB12,B,mah_national,1,1,0,,,,,
B01AC,B,mah_national,10,23,2,,,,,
B01AC03,B,api_cep,1,42,1,7,IN,0.619,4444.4,0.119
B01AC03,B,batch_release,1,4,1,4,DE,0.25,2500.0,1.0
B01AC04,B,api_cep,1,42,1,7,IN,0.619,4444.4,0.119
B01AC04,B,batch_release,1,16,1,12,IT,0.1765,1003.5,0.9412
B01AC04,B,mah_national,2,15,1,,,,,
B01AC06,B,api_cep,1,42,1,7,IN,0.619,4444.4,0.119
B01AC06,B,mah_national,1,5,0,,,,,
B01AC07,B,mah_national,1,1,0,,,,,
B01AC09,B,mah_national,1,2,0,,,,,
B01AC11,B,batch_release,1,1,0,1,ES,1.0,10000.0,1.0
B01AC11,B,mah_national,1,2,0,,,,,
B01AC16,B,batch_release,1,3,1,3,GR,0.3333,3333.3,1.0
B01AC16,B,mah_national,1,2,1,,,,,
B01AC21,B,batch_release,1,1,0,1,AT,1.0,10000.0,1.0
B01AC21,B,mah_national,1,3,0,,,,,
B01AC22,B,api_cep,1,2,0,1,IN,1.0,10000.0,0.0
B01AC22,B,batch_release,1,3,0,3,BG,0.3333,3333.3,1.0
B01AC22,B,mah_national,1,4,0,,,,,
B01AC24,B,api_cep,1,28,0,4,IN,0.5357,4438.8,0.0714
B01AC24,B,batch_release,1,1,0,1,SE,1.0,10000.0,1.0
B01AC24,B,mah_national,1,8,0,,,,,
B01AC27,B,batch_release,1,1,0,1,BE,1.0,10000.0,1.0
B01AC27,B,mah_national,1,3,0,,,,,
B01AC30,B,batch_release,1,2,0,2,FR,0.5,5000.0,1.0
B01AC30,B,mah_national,2,3,0,,,,,
B01AD,B,mah_national,4,3,2,,,,,
B01AD02,B,mah_national,1,1,1,,,,,
B01AD07,B,batch_release,1,2,0,2,FR,0.5,5000.0,1.0
B01AD07,B,bio_api,1,1,0,1,DE,1.0,10000.0,1.0
B01AD07,B,mah_national,1,1,0,,,,,
B01AD11,B,batch_release,1,3,1,2,FR,0.6667,5555.6,1.0
B01AD11,B,bio_api,1,1,1,1,DE,1.0,10000.0,1.0
B01AD11,B,mah_national,1,1,1,,,,,
B01AD12,B,mah_national,1,1,0,,,,,
B01AD13,B,batch_release,1,1,0,1,AT,1.0,10000.0,1.0
B01AD13,B,bio_api,1,1,0,1,SG,1.0,10000.0,0.0
B01AD13,B,mah_national,1,1,0,,,,,
B01AE,B,mah_national,1,1,1,,,,,
B01AE07,B,api_cep,1,15,1,5,IN,0.5333,3688.9,0.2
B01AE07,B,batch_release,1,7,1,6,FR,0.2857,1836.7,1.0
B01AE07,B,mah_national,1,7,1,,,,,
B01AF,B,mah_national,3,5,0,,,,,
B01AF01,B,api_cep,1,54,0,10,IN,0.6111,4266.1,0.1481
B01AF01,B,batch_release,1,11,0,9,DE,0.2727,1405.0,1.0
B01AF01,B,mah_national,1,17,0,,,,,
B01AF02,B,batch_release,1,8,0,7,IE,0.25,1562.5,1.0
B01AF02,B,mah_national,1,15,0,,,,,
B01AF03,B,batch_release,1,1,0,1,DE,1.0,10000.0,1.0
B01AF03,B,mah_national,1,7,0,,,,,
B01AX,B,mah_national,2,2,0,,,,,
B01AX01,B,mah_national,1,1,0,,,,,
B01AX05,B,batch_release,1,2,0,2,DE,0.5,5000.0,1.0
B01AX05,B,mah_national,1,2,0,,,,,
B01AX07,B,mah_national,1,1,0,,,,,
B02,B,batch_release,1,1,0,1,AT,1.0,10000.0,1.0
B02,B,bio_api,1,1,0,1,US,1.0,10000.0,0.0
B02AA,B,mah_national,1,4,1,,,,,
B02AA02,B,api_cep,1,10,1,3,CN,0.4,3400.0,0.0
B02AA02,B,mah_national,1,5,1,,,,,
B02AB,B,mah_national,3,3,0,,,,,
B02AB01,B,mah_national,1,1,0,,,,,
B02AB02,B,batch_release,1,1,0,1,DE,1.0,10000.0,1.0
B02AB02,B,bio_api,1,1,0,1,US,1.0,10000.0,0.0
B02AB02,B,mah_national,2,2,0,,,,,
B02BA,B,mah_national,1,1,1,,,,,
B02BA01,B,mah_national,1,1,1,,,,,
B02BB,B,mah_national,1,1,1,,,,,
B02BB01,B,mah_national,1,2,1,,,,,
B02BC,B,batch_release,1,1,0,1,ES,1.0,10000.0,1.0
B02BC,B,bio_api,1,1,0,1,ES,1.0,10000.0,1.0
B02BC,B,mah_national,5,3,1,,,,,
B02BC30,B,batch_release,1,2,0,1,AT,1.0,10000.0,1.0
B02BC30,B,bio_api,1,1,0,1,DE,1.0,10000.0,1.0
B02BC30,B,mah_national,1,1,1,,,,,
B02BD,B,batch_release,1,1,0,1,DE,1.0,10000.0,1.0
B02BD,B,bio_api,1,1,0,1,US,1.0,10000.0,0.0
B02BD,B,mah_national,40,13,4,,,,,
B02BD01,B,mah_national,16,3,2,,,,,
B02BD02,B,batch_release,10,7,0,5,DE,0.2857,2244.9,1.0
B02BD02,B,bio_api,10,12,0,7,US,0.4167,2361.1,0.3333
B02BD02,B,mah_national,15,12,1,,,,,
B02BD03,B,mah_national,2,1,0,,,,,
B02BD04,B,batch_release,5,5,0,5,BE,0.2,2000.0,1.0
B02BD04,B,bio_api,5,7,0,5,US,0.4286,2653.1,0.4286
B02BD04,B,mah_national,5,5,0,,,,,
B02BD06,B,batch_release,1,1,0,1,DE,1.0,10000.0,1.0
B02BD06,B,bio_api,1,2,0,2,AU,0.5,5000.0,0.0
B02BD06,B,mah_national,3,2,1,,,,,
B02BD08,B,batch_release,1,1,1,1,DK,1.0,10000.0,1.0
B02BD08,B,bio_api,1,1,1,1,DK,1.0,10000.0,1.0
B02BD08,B,mah_national,2,2,1,,,,,
B02BD09,B,mah_national,1,1,0,,,,,
B02BD10,B,batch_release,1,1,0,1,AT,1.0,10000.0,1.0
B02BD10,B,bio_api,1,1,0,1,CH,1.0,10000.0,0.0
B02BD10,B,mah_national,1,1,0,,,,,
B02BD11,B,batch_release,1,1,0,1,DK,1.0,10000.0,1.0
B02BD11,B,bio_api,1,1,0,1,DK,1.0,10000.0,1.0
B02BD13,B,batch_release,1,1,0,1,DE,1.0,10000.0,1.0
B02BD13,B,bio_api,1,1,0,1,GB,1.0,10000.0,0.0
B02BD13,B,mah_national,1,1,0,,,,,
B02BD14,B,mah_national,1,1,0,,,,,
B02BD15,B,batch_release,1,1,0,1,IE,1.0,10000.0,1.0
B02BD15,B,bio_api,1,1,0,1,US,1.0,10000.0,0.0
B02BD15,B,mah_national,1,1,0,,,,,
B02BX,B,batch_release,3,3,0,3,ES,0.3333,3333.3,1.0
B02BX,B,mah_national,4,4,0,,,,,
B02BX04,B,batch_release,1,3,0,3,BE,0.3333,3333.3,1.0
B02BX04,B,bio_api,1,2,0,2,PR,0.5,5000.0,0.0
B02BX04,B,mah_national,1,1,0,,,,,
B02BX05,B,batch_release,1,11,0,6,ES,0.2727,1900.8,1.0
B02BX05,B,mah_national,1,9,0,,,,,
B02BX06,B,batch_release,1,1,0,1,DE,1.0,10000.0,1.0
B02BX06,B,bio_api,1,2,0,2,CH,0.5,5000.0,0.0
B02BX06,B,mah_national,1,1,0,,,,,
B02BX08,B,mah_national,1,1,0,,,,,
B02BX09,B,mah_national,1,2,0,,,,,
B02BX10,B,batch_release,1,1,0,1,DK,1.0,10000.0,1.0
B02BX10,B,bio_api,1,1,0,1,US,1.0,10000.0,0.0
B02BX10,B,mah_national,1,1,0,,,,,
B02BX11,B,batch_release,1,1,0,1,BE,1.0,10000.0,1.0
B02BX11,B,bio_api,1,1,0,1,US,1.0,10000.0,0.0
B02BX11,B,mah_national,1,1,0,,,,,
B03AA,B,mah_national,3,2,0,,,,,
B03AA02,B,mah_national,1,1,0,,,,,
B03AA07,B,mah_national,2,1,0,,,,,
B03AB,B,batch_release,1,1,0,1,FR,1.0,10000.0,1.0
B03AB,B,mah_national,3,2,0,,,,,
B03AB02,B,mah_national,2,1,0,,,,,
B03AB10,B,mah_national,1,1,0,,,,,
B03AC,B,mah_national,4,5,0,,,,,
B03AD,B,mah_national,4,3,0,,,,,
B03AD02,B,mah_national,2,1,0,,,,,
B03AD03,B,mah_national,3,2,0,,,,,
B03BA,B,mah_national,1,2,1,,,,,
B03BA03,B,api_cep,1,3,1,3,CN,0.3333,3333.3,0.3333
B03BA03,B,mah_national,1,3,1,,,,,
B03BB,B,mah_national,1,2,0,,,,,
B03BB01,B,mah_national,1,2,0,,,,,
B03XA,B,mah_national,7,9,0,,,,,
B03XA01,B,batch_release,4,5,0,3,DE,0.6,4400.0,1.0
B03XA01,B,bio_api,4,4,0,2,DE,0.75,6250.0,1.0
B03XA01,B,mah_national,5,8,0,,,,,
B03XA02,B,batch_release,1,3,0,3,BE,0.3333,3333.3,1.0
B03XA02,B,bio_api,1,1,0,1,PR,1.0,10000.0,0.0
B03XA02,B,mah_national,1,1,0,,,,,
B03XA03,B,batch_release,1,1,0,1,DE,1.0,10000.0,1.0
B03XA03,B,bio_api,1,1,0,1,DE,1.0,10000.0,1.0
B03XA03,B,mah_national,1,1,0,,,,,
B03XA05,B,batch_release,1,1,0,1,NL,1.0,10000.0,1.0
B03XA05,B,mah_national,1,1,0,,,,,
B03XA06,B,batch_release,1,1,0,1,NL,1.0,10000.0,1.0
B03XA06,B,bio_api,1,3,0,3,IE,0.3333,3333.3,0.3333
B03XA06,B,mah_national,1,1,0,,,,,
B03XA08,B,mah_national,1,1,0,,,,,
B05,B,mah_national,1,1,0,,,,,
B05AA,B,mah_national,14,6,2,,,,,
B05AA01,B,mah_national,5,5,1,,,,,
B05AA06,B,mah_national,7,1,1,,,,,
B05AX04,B,batch_release,1,1,0,1,IE,1.0,10000.0,1.0
B05AX04,B,bio_api,1,1,0,1,CA,1.0,10000.0,0.0
B05AX04,B,mah_national,1,1,0,,,,,
B05BA,B,mah_national,71,5,3,,,,,
B05BA01,B,batch_release,1,2,0,2,FR,0.5,5000.0,1.0
B05BA01,B,mah_national,48,3,2,,,,,
B05BA02,B,mah_national,8,2,0,,,,,
B05BA03,B,mah_national,3,4,1,,,,,
B05BA10,B,mah_national,69,3,2,,,,,
B05BB,B,mah_national,11,5,1,,,,,
B05BB01,B,api_cep,1,4,1,4,CZ,0.25,2500.0,0.5
B05BB01,B,mah_national,10,5,1,,,,,
B05BB02,B,mah_national,10,3,1,,,,,
B05BC,B,mah_national,1,1,1,,,,,
B05BC01,B,api_cep,2,2,1,2,FR,0.5,5000.0,1.0
B05BC01,B,mah_national,1,1,1,,,,,
B05CA,B,mah_national,1,1,0,,,,,
B05CA02,B,mah_national,1,1,0,,,,,
B05CB,B,mah_national,5,2,0,,,,,
B05CB01,B,mah_national,2,1,0,,,,,
B05CB04,B,mah_national,3,1,0,,,,,
B05DA,B,mah_national,5,2,0,,,,,
B05DB,B,mah_national,20,1,0,,,,,
B05XA,B,mah_national,25,7,2,,,,,
B05XA01,B,api_cep,1,4,1,4,CZ,0.25,2500.0,0.5
B05XA01,B,mah_national,3,4,1,,,,,
B05XA02,B,mah_national,1,1,0,,,,,
B05XA03,B,mah_national,1,2,0,,,,,
B05XA05,B,api_cep,1,2,1,2,CZ,0.5,5000.0,0.5
B05XA05,B,mah_national,1,1,1,,,,,
B05XA06,B,mah_national,2,1,0,,,,,
B05XA07,B,mah_national,1,2,0,,,,,
B05XA30,B,mah_national,3,1,0,,,,,
B05XA31,B,mah_national,16,3,0,,,,,
B05XB,B,mah_national,1,1,0,,,,,
B05XB02,B,mah_national,1,1,0,,,,,
B05XC,B,mah_national,13,1,1,,,,,
B05Z,B,mah_national,5,1,0,,,,,
B05ZB,B,mah_national,18,4,1,,,,,
B06,B,batch_release,1,1,0,1,IT,1.0,10000.0,1.0
B06,B,bio_api,1,1,0,1,IT,1.0,10000.0,1.0
B06,B,mah_national,2,2,0,,,,,
B06A,B,mah_national,1,1,0,,,,,
B06AA,B,mah_national,1,1,0,,,,,
B06AA03,B,mah_national,1,1,0,,,,,
B06AB,B,mah_national,1,1,1,,,,,
B06AB01,B,mah_national,1,1,1,,,,,
B06AC,B,batch_release,2,2,0,2,IE,0.5,5000.0,1.0
B06AC,B,mah_national,2,2,0,,,,,
B06AC01,B,batch_release,1,2,0,2,AT,0.5,5000.0,1.0
B06AC01,B,bio_api,1,2,0,2,NL,0.5,5000.0,0.5
B06AC01,B,mah_national,2,2,0,,,,,
B06AC02,B,batch_release,1,3,0,3,GR,0.3333,3333.3,1.0
B06AC02,B,mah_national,1,2,0,,,,,
B06AC04,B,batch_release,1,1,0,1,NL,1.0,10000.0,1.0
B06AC04,B,bio_api,1,1,0,1,FR,1.0,10000.0,1.0
B06AC04,B,mah_national,1,1,0,,,,,
B06AC05,B,batch_release,1,2,0,1,IE,1.0,10000.0,1.0
B06AC05,B,bio_api,1,2,0,2,DE,0.5,5000.0,0.5
B06AC05,B,mah_national,1,1,0,,,,,
B06AC06,B,mah_national,1,1,0,,,,,
B06AC07,B,batch_release,1,1,0,1,DE,1.0,10000.0,1.0
B06AC07,B,bio_api,1,1,0,1,AU,1.0,10000.0,0.0
B06AC07,B,mah_national,1,1,0,,,,,
B06AC08,B,batch_release,1,1,0,1,GB,1.0,10000.0,0.0
B06AC08,B,mah_national,1,1,0,,,,,
B06AC09,B,mah_national,1,1,0,,,,,
B06AX03,B,mah_national,1,1,0,,,,,
B06AX04,B,batch_release,1,1,0,1,GB,1.0,10000.0,0.0
B06AX04,B,mah_national,1,1,0,,,,,
B06AX05,B,batch_release,1,2,0,2,IE,0.5,5000.0,1.0
B06AX05,B,bio_api,1,3,0,3,GB,0.3333,3333.3,0.3333
B06AX05,B,mah_national,1,1,0,,,,,
C01,C,batch_release,1,1,0,1,DE,1.0,10000.0,1.0
C01,C,mah_national,1,1,0,,,,,
C01AA,C,mah_national,1,1,1,,,,,
C01AA05,C,api_cep,2,7,1,4,IN,0.4286,3061.2,0.5714
C01AA05,C,mah_national,1,1,1,,,,,
C01BB01,C,api_cep,1,12,1,7,IN,0.4167,2361.1,0.25
C01BB02,C,api_cep,1,4,1,2,IN,0.75,6250.0,0.25
C01BB02,C,batch_release,1,2,1,2,DE,0.5,5000.0,0.5
C01BB02,C,mah_national,1,1,1,,,,,
C01BC,C,mah_national,2,3,1,,,,,
C01BC03,C,mah_national,1,1,0,,,,,
C01BC04,C,api_cep,1,12,1,5,IN,0.6667,4722.2,0.25
C01BC04,C,mah_national,1,2,1,,,,,
C01BD,C,mah_national,2,2,1,,,,,
C01BD01,C,api_cep,1,12,1,6,IN,0.3333,2083.3,0.4167
C01BD01,C,mah_national,1,2,1,,,,,
C01BD07,C,api_cep,1,5,0,2,IN,0.8,6800.0,0.0
C01BD07,C,batch_release,1,2,0,2,DE,0.5,5000.0,1.0
C01BD07,C,mah_national,1,1,0,,,,,
C01BG,C,mah_national,1,1,0,,,,,
C01BG11,C,batch_release,1,1,0,1,NL,1.0,10000.0,1.0
C01BG11,C,mah_national,1,1,0,,,,,
C01CA,C,mah_national,6,11,3,,,,,
C01CA02,C,api_cep,1,5,1,3,IN,0.6,4400.0,0.2
C01CA02,C,mah_national,1,2,1,,,,,
C01CA03,C,api_cep,1,8,1,6,IN,0.25,1875.0,0.625
C01CA03,C,mah_national,3,5,1,,,,,
C01CA04,C,api_cep,1,3,1,3,CN,0.3333,3333.3,0.3333
C01CA04,C,batch_release,1,1,1,1,MT,1.0,10000.0,1.0
C01CA04,C,mah_national,1,3,1,,,,,
C01CA06,C,mah_national,1,2,0,,,,,
C01CA07,C,api_cep,1,7,1,4,DE,0.2857,2653.1,0.5714
C01CA07,C,mah_national,1,1,1,,,,,
C01CA09,C,mah_national,1,1,0,,,,,
C01CA17,C,mah_national,1,6,0,,,,,
C01CA24,C,api_cep,2,8,1,5,CN,0.25,2187.5,0.5
C01CA24,C,batch_release,1,1,1,1,DK,1.0,10000.0,1.0
C01CA24,C,mah_national,1,5,1,,,,,
C01CA26,C,api_cep,1,4,1,3,CN,0.5,3750.0,0.5
C01CA26,C,mah_national,1,3,1,,,,,
C01CE,C,mah_national,1,1,1,,,,,
C01CE02,C,mah_national,1,1,1,,,,,
C01CX08,C,mah_national,1,1,0,,,,,
C01DA,C,mah_national,5,8,1,,,,,
C01DA02,C,api_cep,1,1,1,1,DE,1.0,10000.0,1.0
C01DA02,C,mah_national,1,5,1,,,,,
C01DA08,C,mah_national,1,1,0,,,,,
C01DA14,C,mah_national,3,4,0,,,,,
C01DX22,C,mah_national,1,1,0,,,,,
C01EB,C,batch_release,1,1,0,1,IE,1.0,10000.0,1.0
C01EB,C,mah_national,6,11,1,,,,,
C01EB10,C,api_cep,1,4,1,3,IN,0.5,3750.0,0.25
C01EB10,C,mah_national,1,2,1,,,,,
C01EB15,C,mah_national,1,1,0,,,,,
C01EB16,C,api_cep,1,11,0,4,IN,0.5455,3884.3,0.0909
C01EB16,C,batch_release,1,2,0,1,FR,1.0,10000.0,1.0
C01EB16,C,mah_national,1,2,0,,,,,
C01EB17,C,batch_release,1,8,0,6,ES,0.25,1875.0,1.0
C01EB17,C,mah_national,1,6,0,,,,,
C01EB18,C,batch_release,1,2,0,1,DE,1.0,10000.0,1.0
C01EB18,C,mah_national,1,4,0,,,,,
C01EB21,C,batch_release,1,3,0,3,DE,0.3333,3333.3,1.0
C01EB21,C,mah_national,1,1,0,,,,,
C01EB22,C,mah_national,1,1,0,,,,,
C01EB24,C,mah_national,1,1,0,,,,,
C01EB25,C,batch_release,1,1,0,1,DE,1.0,10000.0,1.0
C01EB25,C,mah_national,1,1,0,,,,,
C02AB01,C,api_cep,1,4,1,3,CN,0.5,3750.0,0.5
C02AB02,C,api_cep,1,4,1,3,CN,0.5,3750.0,0.5
C02AC,C,mah_national,2,2,1,,,,,
C02AC01,C,api_cep,1,6,1,3,IN,0.6667,5000.0,0.3333
C02AC01,C,mah_national,1,2,1,,,,,
C02AC02,C,batch_release,1,4,0,3,IE,0.5,3750.0,1.0
C02AC02,C,mah_national,1,2,0,,,,,
C02CA,C,mah_national,3,7,0,,,,,
C02CA01,C,mah_national,1,1,0,,,,,
C02CA02,C,mah_national,1,1,0,,,,,
C02CA04,C,mah_national,1,5,0,,,,,
C02DC,C,mah_national,1,1,0,,,,,
C02DC01,C,mah_national,1,1,0,,,,,
C02DD01,C,api_cep,1,2,1,2,CN,0.5,5000.0,0.0
C02KN01,C,batch_release,1,1,0,1,DE,1.0,10000.0,1.0
C02KN01,C,mah_national,1,1,0,,,,,
C02KX,C,mah_national,3,5,0,,,,,
C02KX01,C,batch_release,1,1,0,1,BE,1.0,10000.0,1.0
C02KX01,C,mah_national,1,4,0,,,,,
C02KX02,C,batch_release,1,4,0,3,IE,0.5,3750.0,1.0
C02KX02,C,mah_national,1,3,0,,,,,
C02KX04,C,batch_release,1,5,0,5,BE,0.2,2000.0,1.0
C02KX04,C,mah_national,1,8,0,,,,,
C02KX05,C,api_cep,1,3,0,2,IN,0.6667,5555.6,0.0
C02KX05,C,batch_release,1,1,0,1,DE,1.0,10000.0,1.0
C02KX05,C,mah_national,1,1,0,,,,,
C02KX06,C,batch_release,1,1,0,1,NL,1.0,10000.0,1.0
C02KX06,C,bio_api,1,1,0,1,US,1.0,10000.0,0.0
C02KX06,C,mah_national,1,1,0,,,,,
C02KX54,C,batch_release,1,1,0,1,BE,1.0,10000.0,1.0
C02KX54,C,mah_national,2,1,0,,,,,
C03AA01,C,mah_national,1,2,0,,,,,
C03AB,C,mah_national,2,1,1,,,,,
C03AB01,C,mah_national,2,1,1,,,,,
C03BA,C,mah_national,1,2,0,,,,,
C03BA11,C,mah_national,1,2,0,,,,,
C03CA,C,mah_national,2,7,1,,,,,
C03CA01,C,api_cep,2,9,1,4,IN,0.5556,3827.2,0.4444
C03CA01,C,mah_national,1,8,1,,,,,
C03CA02,C,mah_national,1,1,0,,,,,
C03CA04,C,mah_national,1,1,0,,,,,
C03DA,C,mah_national,3,8,0,,,,,
C03DA01,C,api_cep,1,7,0,4,CN,0.5714,3877.6,0.2857
C03DA01,C,batch_release,1,1,0,1,DE,1.0,10000.0,1.0
C03DA01,C,mah_national,1,5,0,,,,,
C03DA04,C,mah_national,1,7,0,,,,,
C03DA05,C,mah_national,1,1,0,,,,,
C03EB,C,mah_national,2,1,1,,,,,
C03EB01,C,mah_national,2,1,1,,,,,
C03XA,C,mah_national,1,1,0,,,,,
C03XA01,C,batch_release,1,4,0,4,IE,0.25,2500.0,1.0
C03XA01,C,mah_national,1,3,0,,,,,
C05AA,C,mah_national,11,3,2,,,,,
C05AA01,C,mah_national,9,2,1,,,,,
C05AA04,C,mah_national,2,1,1,,,,,
C05AA08,C,mah_national,2,1,0,,,,,
C05AE,C,mah_national,1,1,1,,,,,
C05AE01,C,mah_national,1,2,1,,,,,
C05AX,C,mah_national,5,2,0,,,,,
C05AX04,C,mah_national,5,2,0,,,,,
C05BB04,C,mah_national,1,1,0,,,,,
C07AA,C,mah_national,3,4,1,,,,,
C07AA05,C,api_cep,1,2,1,1,IN,1.0,10000.0,0.0
C07AA05,C,batch_release,1,2,1,1,FR,1.0,10000.0,1.0
C07AA05,C,mah_national,1,4,1,,,,,
C07AA06,C,mah_national,1,1,0,,,,,
C07AA07,C,mah_national,1,1,0,,,,,
C07AB,C,mah_national,6,15,0,,,,,
C07AB02,C,mah_national,1,2,0,,,,,
C07AB03,C,mah_national,1,2,0,,,,,
C07AB07,C,mah_national,1,12,0,,,,,
C07AB09,C,mah_national,1,1,0,,,,,
C07AB12,C,mah_national,1,6,0,,,,,
C07AG,C,mah_national,2,3,1,,,,,
C07AG01,C,api_cep,1,7,1,3,IN,0.5714,4285.7,0.2857
C07AG01,C,mah_national,1,2,1,,,,,
C07AG02,C,mah_national,1,2,0,,,,,
C07BB,C,mah_national,2,1,0,,,,,
C07BB12,C,mah_national,2,1,0,,,,,
C07CB,C,mah_national,2,1,0,,,,,
C07CB03,C,mah_national,2,1,0,,,,,
C08CA,C,mah_national,4,17,1,,,,,
C08CA01,C,mah_national,1,15,0,,,,,
C08CA02,C,mah_national,1,3,0,,,,,
C08CA06,C,api_cep,1,4,1,4,CH,0.25,2500.0,0.5
C08CA06,C,mah_national,1,1,1,,,,,
C08CA13,C,mah_national,1,6,0,,,,,
C08DA,C,mah_national,1,2,1,,,,,
C08DA01,C,api_cep,1,9,1,5,IN,0.5556,3580.2,0.2222
C08DA01,C,mah_national,1,2,1,,,,,
C08DB,C,mah_national,1,1,0,,,,,
C08DB01,C,mah_national,1,1,0,,,,,
C09,C,batch_release,2,4,0,2,DE,0.75,6250.0,1.0
C09AA,C,mah_national,7,14,0,,,,,
C09AA02,C,api_cep,1,14,0,6,IN,0.4286,2653.1,0.4286
C09AA02,C,batch_release,1,1,0,1,DE,1.0,10000.0,1.0
C09AA02,C,mah_national,1,6,0,,,,,
C09AA03,C,mah_national,1,7,0,,,,,
C09AA04,C,mah_national,2,6,0,,,,,
C09AA05,C,mah_national,1,5,0,,,,,
C09AA10,C,mah_national,1,1,0,,,,,
C09AA15,C,mah_national,1,1,0,,,,,
C09BA,C,mah_national,7,6,0,,,,,
C09BA02,C,mah_national,2,1,0,,,,,
C09BA03,C,mah_national,2,2,0,,,,,
C09BA04,C,mah_national,3,4,0,,,,,
C09BA15,C,mah_national,2,1,0,,,,,
C09BB,C,mah_national,7,8,0,,,,,
C09BB02,C,mah_national,2,4,0,,,,,
C09BB04,C,mah_national,3,4,0,,,,,
C09BB05,C,mah_national,2,3,0,,,,,
C09BX,C,mah_national,6,4,0,,,,,
C09BX01,C,mah_national,3,6,0,,,,,
C09BX02,C,mah_national,2,1,0,,,,,
C09CA,C,mah_national,10,24,0,,,,,
C09CA01,C,mah_national,3,9,0,,,,,
C09CA02,C,mah_national,1,2,0,,,,,
C09CA03,C,mah_national,3,9,0,,,,,
C09CA04,C,api_cep,1,24,0,6,IN,0.6667,4791.7,0.0833
C09CA04,C,batch_release,1,8,0,8,CZ,0.125,1250.0,1.0
C09CA04,C,mah_national,1,6,0,,,,,
C09CA06,C,mah_national,1,6,0,,,,,
C09CA07,C,api_cep,1,39,0,6,IN,0.6923,5108.5,0.1538
C09CA07,C,batch_release,1,12,0,8,DE,0.3333,1805.6,1.0
C09CA07,C,mah_national,1,12,0,,,,,
C09CA08,C,mah_national,1,6,0,,,,,
C09CA09,C,batch_release,1,1,0,1,IE,1.0,10000.0,1.0
C09CA09,C,mah_national,1,1,0,,,,,
C09D,C,mah_national,2,1,0,,,,,
C09DA,C,mah_national,9,20,0,,,,,
C09DA01,C,mah_national,3,7,0,,,,,
C09DA02,C,mah_national,2,2,0,,,,,
C09DA03,C,mah_national,2,6,0,,,,,
C09DA04,C,batch_release,1,8,0,8,CZ,0.125,1250.0,1.0
C09DA04,C,mah_national,3,7,0,,,,,
C09DA06,C,mah_national,2,6,0,,,,,
C09DA07,C,batch_release,1,9,0,6,DE,0.3333,2098.8,1.0
C09DA07,C,mah_national,2,8,0,,,,,
C09DA08,C,mah_national,2,3,0,,,,,
C09DB,C,mah_national,5,8,0,,,,,
C09DB01,C,batch_release,1,5,0,4,DE,0.4,2800.0,1.0
C09DB01,C,mah_national,2,4,0,,,,,
C09DB02,C,mah_national,3,5,0,,,,,
C09DB04,C,api_cep,1,39,0,6,IN,0.6923,5108.5,0.1538
C09DB04,C,batch_release,1,4,0,2,DE,0.5,5000.0,1.0
C09DB04,C,mah_national,2,1,0,,,,,
C09DX,C,mah_national,6,3,0,,,,,
C09DX01,C,batch_release,1,3,0,3,DE,0.3333,3333.3,1.0
C09DX01,C,mah_national,3,3,0,,,,,
C09DX03,C,mah_national,3,3,0,,,,,
C09DX04,C,batch_release,1,6,0,4,SI,0.5,3333.3,1.0
C09DX04,C,mah_national,4,5,0,,,,,
C09XA,C,mah_national,1,1,0,,,,,
C09XA02,C,batch_release,1,1,0,1,IT,1.0,10000.0,1.0
C09XA02,C,mah_national,1,2,0,,,,,
C09XX01,C,batch_release,1,1,0,1,FR,1.0,10000.0,1.0
C09XX01,C,mah_national,1,1,0,,,,,
C10A,C,mah_national,1,1,0,,,,,
C10AA,C,mah_national,6,20,0,,,,,
C10AA01,C,mah_national,1,8,0,,,,,
C10AA03,C,mah_national,1,4,0,,,,,
C10AA04,C,mah_national,1,3,0,,,,,
C10AA05,C,mah_national,1,14,0,,,,,
C10AA07,C,mah_national,1,12,0,,,,,
C10AA08,C,mah_national,1,1,0,,,,,
C10AB,C,mah_national,2,3,0,,,,,
C10AB04,C,mah_national,1,2,0,,,,,
C10AB05,C,mah_national,1,2,0,,,,,
C10AC,C,mah_national,1,1,0,,,,,
C10AC01,C,mah_national,1,1,0,,,,,
C10AC04,C,batch_release,1,1,0,1,DE,1.0,10000.0,1.0
C10AX,C,batch_release,5,6,0,6,DE,0.2857,1836.7,1.0
C10AX,C,bio_api,1,1,0,1,US,1.0,10000.0,0.0
C10AX,C,mah_national,9,15,0,,,,,
C10AX06,C,mah_national,3,5,0,,,,,
C10AX09,C,mah_national,1,7,0,,,,,
C10AX12,C,batch_release,1,1,0,1,IE,1.0,10000.0,1.0
C10AX12,C,mah_national,1,1,0,,,,,
C10AX13,C,batch_release,1,3,0,3,BE,0.3333,3333.3,1.0
C10AX13,C,bio_api,1,2,0,2,PR,0.5,5000.0,0.0
C10AX13,C,mah_national,1,1,0,,,,,
C10AX14,C,batch_release,1,3,0,3,DE,0.3333,3333.3,1.0
C10AX14,C,bio_api,1,3,0,3,FR,0.3333,3333.3,0.6667
C10AX14,C,mah_national,1,1,0,,,,,
C10AX15,C,mah_national,1,1,0,,,,,
C10AX16,C,mah_national,1,1,0,,,,,
C10AX18,C,batch_release,1,1,0,1,IE,1.0,10000.0,1.0
C10AX18,C,mah_national,1,1,0,,,,,
C10B,C,batch_release,1,1,0,1,DE,1.0,10000.0,1.0
C10BA,C,mah_national,7,7,0,,,,,
C10BA02,C,mah_national,2,4,0,,,,,
C10BA03,C,batch_release,1,1,0,1,BE,1.0,10000.0,1.0
C10BA03,C,mah_national,2,1,0,,,,,
C10BA04,C,batch_release,1,3,0,2,FR,0.6667,5555.6,1.0
C10BA04,C,mah_national,2,1,0,,,,,
C10BA05,C,mah_national,2,7,0,,,,,
C10BA06,C,mah_national,2,4,0,,,,,
C10BX,C,mah_national,6,3,0,,,,,
C10BX06,C,mah_national,3,1,0,,,,,
C10BX09,C,mah_national,2,1,0,,,,,
C10BX11,C,mah_national,3,1,0,,,,,
D01A,D,mah_national,1,1,0,,,,,
D01AC,D,mah_national,9,10,1,,,,,
D01AC01,D,mah_national,1,2,0,,,,,
D01AC02,D,mah_national,1,2,0,,,,,
D01AC05,D,mah_national,2,1,0,,,,,
D01AC07,D,mah_national,1,3,0,,,,,
D01AC08,D,mah_national,1,2,0,,,,,
D01AC10,D,mah_national,1,1,0,,,,,
D01AC12,D,mah_national,1,1,0,,,,,
D01AC20,D,mah_national,2,1,1,,,,,
D01AE,D,mah_national,8,9,0,,,,,
D01AE04,D,mah_national,3,2,0,,,,,
D01AE12,D,mah_national,2,1,0,,,,,
D01AE14,D,mah_national,1,2,0,,,,,
D01AE15,D,mah_national,1,4,0,,,,,
D01AE16,D,mah_national,1,5,0,,,,,
D01AE54,D,mah_national,1,1,0,,,,,
D01BA,D,mah_national,2,7,0,,,,,
D01BA01,D,mah_national,1,1,0,,,,,
D01BA02,D,mah_national,1,7,0,,,,,
D02AB,D,mah_national,7,3,0,,,,,
D02AC,D,mah_national,6,2,0,,,,,
D02AF,D,mah_national,2,3,0,,,,,
D02AX,D,mah_national,7,3,0,,,,,
D02BB,D,mah_national,1,1,0,,,,,
D02BB02,D,batch_release,1,1,0,1,IE,1.0,10000.0,1.0
D02BB02,D,mah_national,1,1,0,,,,,
D03AX,D,mah_national,1,1,0,,,,,
D03AX13,D,batch_release,1,1,0,1,DE,1.0,10000.0,1.0
D03AX13,D,mah_national,1,1,0,,,,,
D03AX16,D,batch_release,1,1,0,1,NL,1.0,10000.0,1.0
D03AX16,D,bio_api,1,1,0,1,US,1.0,10000.0,0.0
D03AX16,D,mah_national,1,1,0,,,,,
D03BA,D,mah_national,2,1,0,,,,,
D03BA03,D,batch_release,1,1,0,1,DE,1.0,10000.0,1.0
D03BA03,D,bio_api,1,1,0,1,IL,1.0,10000.0,0.0
D03BA03,D,mah_national,1,1,0,,,,,
D03BA52,D,mah_national,2,1,0,,,,,
D04AA,D,mah_national,1,1,0,,,,,
D04AA02,D,mah_national,1,1,0,,,,,
D04AA13,D,mah_national,1,1,0,,,,,
D04AX,D,mah_national,1,1,0,,,,,
D05AA,D,mah_national,3,3,0,,,,,
D05AX,D,mah_national,3,5,0,,,,,
D05AX02,D,mah_national,1,1,0,,,,,
D05AX03,D,mah_national,1,1,0,,,,,
D05AX52,D,mah_national,2,5,0,,,,,
D05BB,D,mah_national,1,2,0,,,,,
D05BB02,D,mah_national,1,3,0,,,,,
D06AX,D,mah_national,5,3,0,,,,,
D06AX01,D,mah_national,2,2,0,,,,,
D06AX04,D,mah_national,2,1,0,,,,,
D06AX09,D,mah_national,1,1,0,,,,,
D06BB,D,mah_national,7,8,2,,,,,
D06BB03,D,mah_national,2,5,1,,,,,
D06BB04,D,mah_national,1,1,0,,,,,
D06BB06,D,mah_national,1,1,0,,,,,
D06BB10,D,batch_release,1,1,0,1,DE,1.0,10000.0,1.0
D06BB10,D,mah_national,1,1,0,,,,,
D06BB12,D,mah_national,1,1,0,,,,,
D06BB53,D,mah_national,2,1,2,,,,,
D06BX,D,mah_national,1,1,1,,,,,
D06BX01,D,mah_national,1,1,1,,,,,
D06BX03,D,batch_release,1,1,0,1,DE,1.0,10000.0,1.0
D06BX03,D,mah_national,1,1,0,,,,,
D07AA,D,mah_national,2,4,1,,,,,
D07AA02,D,mah_national,1,3,1,,,,,
D07AA03,D,mah_national,1,1,0,,,,,
D07AB,D,mah_national,3,3,1,,,,,
D07AB01,D,mah_national,1,1,0,,,,,
D07AB02,D,mah_national,1,1,1,,,,,
D07AB10,D,mah_national,1,1,0,,,,,
D07AC,D,mah_national,2,5,0,,,,,
D07AC01,D,mah_national,1,3,0,,,,,
D07AC13,D,mah_national,1,3,0,,,,,
D07AD,D,mah_national,1,2,0,,,,,
D07AD01,D,mah_national,1,2,0,,,,,
D07BA,D,mah_national,6,1,1,,,,,
D07CA,D,mah_national,2,1,1,,,,,
D07CA01,D,mah_national,2,1,1,,,,,
D07CC,D,mah_national,2,2,0,,,,,
D07CC01,D,mah_national,2,6,0,,,,,
D07XA,D,mah_national,3,1,1,,,,,
D07XA01,D,mah_national,3,1,1,,,,,
D07XC,D,mah_national,2,2,0,,,,,
D07XC01,D,mah_national,2,2,0,,,,,
D08AA,D,mah_national,2,1,1,,,,,
D08AC,D,mah_national,5,5,0,,,,,
D08AC02,D,mah_national,1,1,0,,,,,
D08AC52,D,mah_national,5,5,0,,,,,
D08AE,D,mah_national,1,1,0,,,,,
D08AE05,D,mah_national,1,1,0,,,,,
D08AG,D,mah_national,3,2,0,,,,,
D08AG02,D,mah_national,1,1,0,,,,,
D08AG03,D,mah_national,2,1,0,,,,,
D08AJ,D,mah_national,6,4,0,,,,,
D08AJ01,D,mah_national,2,1,0,,,,,
D08AJ04,D,mah_national,6,4,0,,,,,
D09AB,D,mah_national,1,1,0,,,,,
D09AB01,D,mah_national,1,1,0,,,,,
D10AD,D,mah_national,1,3,0,,,,,
D10AD03,D,mah_national,1,3,0,,,,,
D10AD06,D,mah_national,1,1,0,,,,,
D10AD53,D,mah_national,3,2,0,,,,,
D10AE,D,mah_national,2,3,0,,,,,
D10AE01,D,mah_national,2,3,0,,,,,
D10AF,D,mah_national,5,7,3,,,,,
D10AF01,D,mah_national,2,5,2,,,,,
D10AF51,D,mah_national,3,3,1,,,,,
D10AF52,D,mah_national,2,3,1,,,,,
D10AX,D,mah_national,2,2,0,,,,,
D10AX03,D,mah_national,1,1,0,,,,,
D10AX06,D,batch_release,1,1,0,1,IT,1.0,10000.0,1.0
D10AX06,D,mah_national,1,1,0,,,,,
D10BA,D,mah_national,1,1,0,,,,,
D10BA01,D,mah_national,1,4,0,,,,,
D11,D,batch_release,1,1,0,1,DK,1.0,10000.0,1.0
D11,D,bio_api,1,2,0,2,KR,0.5,5000.0,0.0
D11A,D,mah_national,1,1,1,,,,,
D11AA,D,mah_national,2,2,0,,,,,
D11AC,D,mah_national,4,2,0,,,,,
D11AC03,D,mah_national,1,1,0,,,,,
D11AC08,D,mah_national,3,1,0,,,,,
D11AF,D,mah_national,2,2,0,,,,,
D11AH,D,batch_release,1,1,0,1,NL,1.0,10000.0,1.0
D11AH,D,mah_national,3,3,1,,,,,
D11AH01,D,api_cep,1,10,1,5,CN,0.4,2800.0,0.2
D11AH01,D,batch_release,1,1,1,1,IE,1.0,10000.0,1.0
D11AH01,D,mah_national,1,3,1,,,,,
D11AH05,D,batch_release,1,3,0,3,DE,0.3333,3333.3,1.0
D11AH05,D,bio_api,1,4,0,4,BE,0.25,2500.0,0.5
D11AH05,D,mah_national,1,1,0,,,,,
D11AH07,D,mah_national,1,1,0,,,,,
D11AH08,D,batch_release,1,1,0,1,DE,1.0,10000.0,1.0
D11AH08,D,mah_national,1,1,0,,,,,
D11AH09,D,mah_national,1,1,0,,,,,
D11AH10,D,batch_release,1,1,0,1,ES,1.0,10000.0,1.0
D11AH10,D,bio_api,1,1,0,1,KR,1.0,10000.0,0.0
D11AH10,D,mah_national,1,1,0,,,,,
D11AH11,D,batch_release,1,1,0,1,IE,1.0,10000.0,1.0
D11AH11,D,mah_national,1,1,0,,,,,
D11AH12,D,batch_release,1,3,0,3,DE,0.3333,3333.3,1.0
D11AH12,D,bio_api,1,1,0,1,JP,1.0,10000.0,0.0
D11AH12,D,mah_national,1,1,0,,,,,
D11AX,D,batch_release,1,1,0,1,DE,1.0,10000.0,1.0
D11AX,D,mah_national,7,5,1,,,,,
D11AX01,D,mah_national,1,2,0,,,,,
D11AX05,D,mah_national,1,1,1,,,,,
D11AX10,D,mah_national,1,2,0,,,,,
D11AX14,D,api_cep,1,10,1,5,CN,0.4,2800.0,0.2
D11AX16,D,mah_national,1,1,0,,,,,
D11AX18,D,mah_national,1,3,0,,,,,
D11AX21,D,api_cep,1,11,0,5,IN,0.6364,4380.2,0.2727
D11AX21,D,batch_release,1,2,0,2,DE,0.5,5000.0,1.0
D11AX21,D,mah_national,1,1,0,,,,,
D11AX22,D,mah_national,1,2,0,,,,,
G01AA,G,mah_national,1,2,1,,,,,
G01AA10,G,mah_national,1,2,1,,,,,
G01AF,G,mah_national,3,4,0,,,,,
G01AF02,G,mah_national,1,3,0,,,,,
G01AF05,G,mah_national,1,1,0,,,,,
G01AF12,G,mah_national,1,1,0,,,,,
G02AB01,G,api_cep,1,1,1,1,CZ,1.0,10000.0,1.0
G02AC,G,mah_national,2,1,1,,,,,
G02AC01,G,mah_national,2,1,1,,,,,
G02AD,G,mah_national,1,2,0,,,,,
G02AD02,G,mah_national,1,2,0,,,,,
G02AD06,G,mah_national,1,3,0,,,,,
G02BA,G,mah_national,1,3,0,,,,,
G02BA03,G,mah_national,1,4,0,,,,,
G02CB,G,mah_national,1,4,0,,,,,
G02CB03,G,mah_national,1,5,0,,,,,
G02CX,G,mah_national,1,2,0,,,,,
G02CX01,G,batch_release,1,1,0,1,NL,1.0,10000.0,1.0
G02CX01,G,mah_national,1,2,0,,,,,
G02CX06,G,mah_national,1,1,0,,,,,
G02CX07,G,batch_release,1,1,0,1,DE,1.0,10000.0,1.0
G02CX07,G,mah_national,1,1,0,,,,,
G03,G,batch_release,1,2,0,2,DE,0.5,5000.0,1.0
G03,G,mah_national,1,1,0,,,,,
G03AA,G,mah_national,12,9,0,,,,,
G03AA07,G,mah_national,2,6,0,,,,,
G03AA09,G,mah_national,2,2,0,,,,,
G03AA10,G,mah_national,2,1,0,,,,,
G03AA11,G,mah_national,2,1,0,,,,,
G03AA12,G,mah_national,3,5,0,,,,,
G03AA13,G,batch_release,1,1,0,1,HU,1.0,10000.0,1.0
G03AA14,G,batch_release,1,4,0,3,NL,0.5,3750.0,1.0
G03AA14,G,mah_national,2,1,0,,,,,
G03AA16,G,mah_national,3,3,0,,,,,
G03AA18,G,mah_national,2,2,0,,,,,
G03AB,G,mah_national,2,2,0,,,,,
G03AB03,G,mah_national,2,2,0,,,,,
G03AC,G,mah_national,4,4,0,,,,,
G03AC01,G,mah_national,1,1,0,,,,,
G03AC06,G,mah_national,1,1,0,,,,,
G03AC08,G,mah_national,1,3,0,,,,,
G03AC09,G,mah_national,1,3,0,,,,,
G03AD,G,mah_national,2,5,0,,,,,
G03AD01,G,mah_national,1,5,0,,,,,
G03AD02,G,batch_release,1,3,0,2,FR,0.6667,5555.6,1.0
G03AD02,G,mah_national,1,2,0,,,,,
G03B,G,mah_national,1,1,0,,,,,
G03BA,G,mah_national,1,3,0,,,,,
G03BA03,G,api_cep,1,12,0,8,CN,0.25,1527.8,0.4167
G03BA03,G,mah_national,1,8,0,,,,,
G03BB,G,mah_national,2,1,0,,,,,
G03BB01,G,mah_national,2,1,0,,,,,
G03CA,G,mah_national,4,11,0,,,,,
G03CA03,G,mah_national,1,9,0,,,,,
G03CA04,G,mah_national,2,5,0,,,,,
G03CA10,G,batch_release,1,2,0,2,DE,0.5,5000.0,1.0
G03CA10,G,mah_national,1,1,0,,,,,
G03CA53,G,mah_national,2,1,0,,,,,
G03CA57,G,mah_national,1,1,0,,,,,
G03CC07,G,batch_release,1,1,0,1,IE,1.0,10000.0,1.0
G03CX,G,mah_national,3,3,0,,,,,
G03CX01,G,mah_national,1,2,0,,,,,
G03DA,G,mah_national,2,4,0,,,,,
G03DA02,G,mah_national,1,1,0,,,,,
G03DA04,G,mah_national,1,9,0,,,,,
G03DB,G,mah_national,2,2,0,,,,,
G03DB01,G,mah_national,1,1,0,,,,,
G03DB08,G,mah_national,1,2,0,,,,,
G03FA,G,mah_national,6,5,0,,,,,
G03FA01,G,mah_national,2,2,0,,,,,
G03FA14,G,mah_national,2,3,0,,,,,
G03FA15,G,mah_national,2,1,0,,,,,
G03FA17,G,mah_national,3,2,0,,,,,
G03FB,G,mah_national,3,2,0,,,,,
G03FB05,G,mah_national,2,1,0,,,,,
G03FB08,G,mah_national,2,1,0,,,,,
G03GA,G,mah_national,7,9,0,,,,,
G03GA01,G,mah_national,1,1,0,,,,,
G03GA02,G,mah_national,1,2,0,,,,,
G03GA04,G,mah_national,1,1,0,,,,,
G03GA05,G,batch_release,1,4,0,4,DE,0.25,2500.0,1.0
G03GA05,G,bio_api,1,4,0,4,AT,0.25,2500.0,0.75
G03GA05,G,mah_national,1,4,0,,,,,
G03GA06,G,batch_release,1,1,0,1,NL,1.0,10000.0,1.0
G03GA06,G,bio_api,1,1,0,1,NL,1.0,10000.0,1.0
G03GA06,G,mah_national,1,1,0,,,,,
G03GA07,G,batch_release,1,1,0,1,IT,1.0,10000.0,1.0
G03GA07,G,bio_api,1,1,0,1,CH,1.0,10000.0,0.0
G03GA07,G,mah_national,1,1,0,,,,,
G03GA08,G,batch_release,1,1,0,1,IT,1.0,10000.0,1.0
G03GA08,G,bio_api,1,1,0,1,CH,1.0,10000.0,0.0
G03GA08,G,mah_national,1,1,0,,,,,
G03GA09,G,batch_release,1,1,0,1,NL,1.0,10000.0,1.0
G03GA09,G,bio_api,1,1,0,1,NL,1.0,10000.0,1.0
G03GA09,G,mah_national,1,1,0,,,,,
G03GA10,G,batch_release,1,1,0,1,DE,1.0,10000.0,1.0
G03GA10,G,bio_api,1,1,0,1,IL,1.0,10000.0,0.0
G03GA10,G,mah_national,1,1,0,,,,,
G03GA30,G,batch_release,1,1,0,1,IT,1.0,10000.0,1.0
G03GA30,G,bio_api,1,2,0,2,CH,0.5,5000.0,0.5
G03GA30,G,mah_national,2,1,0,,,,,
G03GB,G,mah_national,1,1,0,,,,,
G03GB02,G,mah_national,1,1,0,,,,,
G03HA01,G,mah_national,1,1,0,,,,,
G03HB,G,mah_national,2,3,0,,,,,
G03HB01,G,mah_national,2,3,0,,,,,
G03X,G,mah_national,1,2,0,,,,,
G03XB01,G,mah_national,1,1,1,,,,,
G03XC,G,mah_national,2,2,0,,,,,
G03XC01,G,api_cep,1,12,0,4,IN,0.6667,4861.1,0.25
G03XC01,G,batch_release,1,2,0,2,ES,0.5,5000.0,1.0
G03XC01,G,mah_national,1,1,0,,,,,
G03XC02,G,batch_release,1,1,0,1,IE,1.0,10000.0,1.0
G03XC02,G,mah_national,1,1,0,,,,,
G03XC05,G,batch_release,1,1,0,1,NL,1.0,10000.0,1.0
G03XC05,G,mah_national,1,1,0,,,,,
G03XX01,G,batch_release,1,1,0,1,NL,1.0,10000.0,1.0
G04BD,G,mah_national,10,15,0,,,,,
G04BD02,G,mah_national,1,1,0,,,,,
G04BD04,G,api_cep,1,10,0,4,IN,0.6,4200.0,0.3
G04BD04,G,batch_release,1,1,0,1,DE,1.0,10000.0,1.0
G04BD04,G,mah_national,1,2,0,,,,,
G04BD06,G,mah_national,1,1,0,,,,,
G04BD07,G,mah_national,1,5,0,,,,,
G04BD08,G,mah_national,1,8,0,,,,,
G04BD09,G,mah_national,1,3,0,,,,,
G04BD10,G,batch_release,1,2,0,2,AT,0.5,5000.0,1.0
G04BD10,G,mah_national,1,1,0,,,,,
G04BD11,G,batch_release,1,1,0,1,DE,1.0,10000.0,1.0
G04BD11,G,mah_national,1,7,0,,,,,
G04BD12,G,api_cep,1,20,0,2,IN,0.75,6250.0,0.0
G04BD12,G,batch_release,1,1,0,1,NL,1.0,10000.0,1.0
G04BD12,G,mah_national,1,5,0,,,,,
G04BD15,G,batch_release,1,2,0,2,FR,0.5,5000.0,1.0
G04BD15,G,mah_national,1,1,0,,,,,
G04BE,G,api_cep,1,3,0,3,FR,0.3333,3333.3,0.3333
G04BE,G,mah_national,6,18,0,,,,,
G04BE01,G,mah_national,1,2,0,,,,,
G04BE03,G,api_cep,1,21,0,3,IN,0.8095,6780.0,0.0
G04BE03,G,batch_release,1,10,0,7,DE,0.3,1800.0,1.0
G04BE03,G,mah_national,2,13,0,,,,,
G04BE08,G,api_cep,1,24,0,5,IN,0.625,4583.3,0.125
G04BE08,G,batch_release,1,6,0,5,IE,0.3333,2222.2,1.0
G04BE08,G,mah_national,1,9,0,,,,,
G04BE09,G,api_cep,1,5,0,1,IN,1.0,10000.0,0.0
G04BE09,G,batch_release,1,1,0,1,DE,1.0,10000.0,1.0
G04BE09,G,mah_national,1,3,0,,,,,
G04BE10,G,batch_release,1,1,0,1,DE,1.0,10000.0,1.0
G04BE10,G,mah_national,1,1,0,,,,,
G04BX,G,mah_national,2,2,0,,,,,
G04BX14,G,mah_national,1,1,0,,,,,
G04BX15,G,mah_national,1,1,0,,,,,
G04CA,G,mah_national,5,15,0,,,,,
G04CA01,G,mah_national,1,3,0,,,,,
G04CA02,G,mah_national,1,9,0,,,,,
G04CA03,G,mah_national,1,1,0,,,,,
G04CA04,G,batch_release,1,2,0,2,FR,0.5,5000.0,1.0
G04CA04,G,mah_national,1,1,0,,,,,
G04CA52,G,mah_national,2,8,0,,,,,
G04CA53,G,mah_national,2,6,0,,,,,
G04CB,G,mah_national,2,8,0,,,,,
G04CB01,G,mah_national,1,5,0,,,,,
G04CB02,G,mah_national,1,6,0,,,,,
H01AA,H,mah_national,1,1,0,,,,,
H01AA02,H,mah_national,1,1,0,,,,,
H01AB01,H,batch_release,1,1,0,1,IE,1.0,10000.0,1.0
H01AB01,H,bio_api,1,1,0,1,US,1.0,10000.0,0.0
H01AB01,H,mah_national,1,1,0,,,,,
H01AC,H,mah_national,4,6,0,,,,,
H01AC01,H,batch_release,1,3,0,2,AT,0.6667,5555.6,1.0
H01AC01,H,bio_api,1,2,0,2,AT,0.5,5000.0,0.5
H01AC01,H,mah_national,1,6,0,,,,,
H01AC03,H,batch_release,1,1,0,1,NL,1.0,10000.0,1.0
H01AC03,H,bio_api,1,1,0,1,CH,1.0,10000.0,0.0
H01AC03,H,mah_national,1,1,0,,,,,
H01AC07,H,batch_release,1,1,0,1,DK,1.0,10000.0,1.0
H01AC07,H,bio_api,1,1,0,1,US,1.0,10000.0,0.0
H01AC07,H,mah_national,1,1,0,,,,,
H01AC08,H,batch_release,1,1,0,1,BE,1.0,10000.0,1.0
H01AC08,H,bio_api,1,1,0,1,IE,1.0,10000.0,1.0
H01AC08,H,mah_national,1,1,0,,,,,
H01AC09,H,batch_release,1,1,0,1,DK,1.0,10000.0,1.0
H01AC09,H,bio_api,1,2,0,2,CH,0.5,5000.0,0.0
H01AC09,H,mah_national,2,1,0,,,,,
H01AX01,H,batch_release,1,1,0,1,BE,1.0,10000.0,1.0
H01AX01,H,bio_api,1,2,0,2,IE,0.5,5000.0,1.0
H01AX01,H,mah_national,1,1,0,,,,,
H01BA,H,mah_national,3,3,2,,,,,
H01BA01,H,mah_national,1,1,1,,,,,
H01BA02,H,api_cep,4,12,1,7,IN,0.3333,1944.4,0.4167
H01BA02,H,mah_national,1,3,1,,,,,
H01BA04,H,mah_national,1,2,0,,,,,
H01BB,H,mah_national,2,3,2,,,,,
H01BB02,H,api_cep,1,6,1,4,CN,0.5,3333.3,0.3333
H01BB02,H,mah_national,1,3,1,,,,,
H01BB03,H,mah_national,1,2,1,,,,,
H01C,H,mah_national,3,1,0,,,,,
H01CA,H,mah_national,1,1,0,,,,,
H01CA02,H,mah_national,1,1,0,,,,,
H01CB,H,mah_national,6,7,0,,,,,
H01CB02,H,api_cep,1,10,0,4,CN,0.5,3600.0,0.1
H01CB02,H,batch_release,1,1,0,1,SE,1.0,10000.0,1.0
H01CB02,H,mah_national,3,5,0,,,,,
H01CB03,H,mah_national,1,6,0,,,,,
H01CB05,H,batch_release,1,1,0,1,FR,1.0,10000.0,1.0
H01CB05,H,mah_national,2,1,0,,,,,
H01CB06,H,mah_national,1,1,0,,,,,
H01CC,H,mah_national,2,2,0,,,,,
H01CC01,H,batch_release,1,2,0,2,HU,0.5,5000.0,1.0
H01CC01,H,mah_national,1,2,0,,,,,
H01CC02,H,batch_release,1,1,0,1,DE,1.0,10000.0,1.0
H01CC02,H,mah_national,1,2,0,,,,,
H01CC04,H,batch_release,1,1,0,1,PL,1.0,10000.0,1.0
H01CC04,H,mah_national,1,1,0,,,,,
H01CC54,H,batch_release,1,1,0,1,HU,1.0,10000.0,1.0
H01CC54,H,mah_national,3,1,0,,,,,
H02AA,H,mah_national,1,1,1,,,,,
H02AA02,H,api_cep,1,2,1,2,CN,0.5,5000.0,0.5
H02AA02,H,mah_national,1,2,1,,,,,
H02AB,H,mah_national,5,13,4,,,,,
H02AB02,H,api_cep,1,14,0,7,CN,0.4286,2449.0,0.2143
H02AB02,H,batch_release,1,1,0,1,FR,1.0,10000.0,1.0
H02AB02,H,mah_national,1,12,0,,,,,
H02AB04,H,api_cep,2,10,1,5,CN,0.4,2800.0,0.4
H02AB04,H,mah_national,2,1,2,,,,,
H02AB06,H,api_cep,4,11,1,6,CN,0.4545,2727.3,0.1818
H02AB06,H,mah_national,1,5,1,,,,,
H02AB09,H,api_cep,5,16,1,7,CN,0.4375,2578.1,0.375
H02AB09,H,batch_release,1,4,1,2,FR,0.5,5000.0,1.0
H02AB09,H,mah_national,1,7,1,,,,,
H02AB18,H,batch_release,1,1,0,1,DE,1.0,10000.0,1.0
H02AB18,H,mah_national,1,1,0,,,,,
H02CA,H,mah_national,1,1,0,,,,,
H02CA02,H,batch_release,1,2,0,2,FR,0.5,5000.0,1.0
H02CA02,H,mah_national,1,1,0,,,,,
H02CA03,H,api_cep,1,7,0,5,IN,0.3333,2222.2,0.5
H03AA,H,mah_national,1,4,0,,,,,
H03AA01,H,mah_national,2,6,0,,,,,
H03AA04,H,batch_release,1,1,0,1,FR,1.0,10000.0,1.0
H03AA04,H,mah_national,1,1,0,,,,,
H03BA,H,mah_national,1,1,1,,,,,
H03BA02,H,api_cep,1,2,1,2,CN,0.5,5000.0,0.0
H03BA02,H,mah_national,1,1,1,,,,,
H03BB,H,mah_national,1,2,1,,,,,
H03BB01,H,api_cep,1,4,1,2,IN,0.75,6250.0,0.25
H03BB01,H,mah_national,1,3,1,,,,,
H03BB02,H,api_cep,1,2,1,2,DE,0.5,5000.0,0.5
H04AA,H,mah_national,1,2,1,,,,,
H04AA01,H,batch_release,1,2,1,2,FR,0.5,5000.0,1.0
H04AA01,H,mah_national,1,3,1,,,,,
H04AA02,H,batch_release,1,1,0,1,DK,1.0,10000.0,1.0
H04AA02,H,mah_national,1,1,0,,,,,
H05AA,H,batch_release,1,1,0,1,DK,1.0,10000.0,1.0
H05AA,H,mah_national,3,6,0,,,,,
H05AA02,H,batch_release,1,8,0,6,DE,0.25,1875.0,1.0
H05AA02,H,bio_api,1,5,0,4,IN,0.4,2800.0,0.4
H05AA02,H,mah_national,1,9,0,,,,,
H05AA03,H,batch_release,1,1,0,1,IE,1.0,10000.0,1.0
H05AA03,H,bio_api,1,1,0,1,AT,1.0,10000.0,1.0
H05AA03,H,mah_national,1,1,0,,,,,
H05AA04,H,batch_release,1,1,0,1,PL,1.0,10000.0,1.0
H05AA04,H,mah_national,1,1,0,,,,,
H05AA05,H,mah_national,2,1,0,,,,,
H05B,H,mah_national,2,1,0,,,,,
H05BA,H,mah_national,1,1,0,,,,,
H05BA01,H,mah_national,1,1,0,,,,,
H05BX,H,mah_national,3,3,0,,,,,
H05BX01,H,batch_release,1,9,0,9,BE,0.1111,1111.1,1.0
H05BX01,H,mah_national,1,3,0,,,,,
H05BX02,H,mah_national,1,2,0,,,,,
H05BX04,H,batch_release,1,2,0,2,BE,0.5,5000.0,1.0
H05BX04,H,mah_national,1,1,0,,,,,
J01AA,J,mah_national,5,9,1,,,,,
J01AA02,J,api_cep,1,9,1,3,CN,0.7778,6296.3,0.0
J01AA02,J,mah_national,2,7,1,,,,,
J01AA04,J,mah_national,2,4,0,,,,,
J01AA08,J,mah_national,1,2,0,,,,,
J01AA12,J,api_cep,1,4,0,4,CN,0.25,2500.0,0.5
J01AA12,J,batch_release,1,4,0,4,ES,0.25,2500.0,1.0
J01AA12,J,mah_national,1,3,0,,,,,
J01AA13,J,batch_release,1,3,0,2,DE,0.6667,5555.6,1.0
J01AA13,J,mah_national,1,1,0,,,,,
J01CA,J,mah_national,3,7,1,,,,,
J01CA01,J,api_cep,1,15,1,7,CN,0.3333,1911.1,0.3333
J01CA04,J,api_cep,1,19,1,9,CN,0.2632,1634.3,0.2632
J01CA04,J,mah_national,2,6,1,,,,,
J01CA08,J,mah_national,1,1,0,,,,,
J01CA17,J,mah_national,2,1,0,,,,,
J01CE,J,mah_national,2,3,2,,,,,
J01CE01,J,api_cep,1,6,1,6,AT,0.1667,1666.7,0.5
J01CE01,J,mah_national,1,4,1,,,,,
J01CE02,J,api_cep,1,4,1,4,AT,0.25,2500.0,0.75
J01CE02,J,mah_national,1,3,1,,,,,
J01CF,J,mah_national,1,7,1,,,,,
J01CF02,J,api_cep,1,8,1,4,IN,0.375,3125.0,0.625
J01CF05,J,api_cep,1,8,1,4,IT,0.5,3437.5,0.625
J01CF05,J,mah_national,1,10,1,,,,,
J01CR,J,mah_national,5,13,1,,,,,
J01CR02,J,mah_national,3,11,1,,,,,
J01CR05,J,mah_national,2,7,0,,,,,
J01D,J,batch_release,1,1,0,1,NL,1.0,10000.0,1.0
J01D,J,mah_national,1,1,1,,,,,
J01DA08,J,mah_national,1,1,1,,,,,
J01DB,J,mah_national,1,1,0,,,,,
J01DB01,J,mah_national,1,1,0,,,,,
J01DC,J,mah_national,2,5,1,,,,,
J01DC02,J,api_cep,1,27,1,7,IN,0.4815,2839.5,0.1481
J01DC02,J,mah_national,1,6,1,,,,,
J01DC04,J,mah_national,1,1,0,,,,,
J01DD,J,mah_national,5,8,4,,,,,
J01DD01,J,api_cep,1,13,1,5,IN,0.3846,2781.1,0.2308
J01DD01,J,mah_national,1,5,1,,,,,
J01DD02,J,api_cep,1,9,1,6,IN,0.2222,1851.9,0.3333
J01DD02,J,mah_national,1,4,1,,,,,
J01DD04,J,api_cep,1,13,1,6,IN,0.3846,2426.0,0.3077
J01DD04,J,mah_national,2,6,2,,,,,
J01DD08,J,api_cep,1,16,1,5,IN,0.625,4296.9,0.0625
J01DD08,J,mah_national,1,1,1,,,,,
J01DD52,J,batch_release,1,1,1,1,IT,1.0,10000.0,1.0
J01DD52,J,mah_national,2,1,1,,,,,
J01DE51,J,batch_release,1,1,0,1,PT,1.0,10000.0,1.0
J01DE51,J,mah_national,2,1,0,,,,,
J01DF,J,mah_national,1,1,1,,,,,
J01DF01,J,batch_release,1,1,1,1,IE,1.0,10000.0,1.0
J01DF01,J,mah_national,1,2,1,,,,,
J01DF51,J,batch_release,1,1,0,1,BE,1.0,10000.0,1.0
J01DF51,J,mah_national,2,1,1,,,,,
J01DH,J,batch_release,1,1,0,1,IT,1.0,10000.0,1.0
J01DH,J,mah_national,5,9,0,,,,,
J01DH02,J,mah_national,2,11,0,,,,,
J01DH03,J,batch_release,1,3,0,3,FR,0.3333,3333.3,1.0
J01DH03,J,mah_national,1,2,0,,,,,
J01DH51,J,mah_national,2,2,0,,,,,
J01DH52,J,mah_national,2,1,0,,,,,
J01DH56,J,batch_release,1,1,1,1,FR,1.0,10000.0,1.0
J01DH56,J,mah_national,3,1,0,,,,,
J01DI,J,mah_national,4,3,0,,,,,
J01DI01,J,mah_national,1,1,0,,,,,
J01DI02,J,batch_release,1,1,0,1,IT,1.0,10000.0,1.0
J01DI02,J,mah_national,1,1,0,,,,,
J01DI04,J,mah_national,1,1,0,,,,,
J01DI54,J,batch_release,1,1,1,1,FR,1.0,10000.0,1.0
J01DI54,J,mah_national,2,1,0,,,,,
J01EA,J,mah_national,1,3,1,,,,,
J01EA01,J,api_cep,1,11,1,5,CN,0.3636,2892.6,0.0909
J01EA01,J,mah_national,1,3,1,,,,,
J01EE,J,mah_national,2,1,1,,,,,
J01EE01,J,mah_national,2,2,1,,,,,
J01F,J,mah_national,1,1,1,,,,,
J01FA,J,mah_national,4,12,3,,,,,
J01FA01,J,api_cep,3,10,1,5,IN,0.4,2800.0,0.1
J01FA01,J,mah_national,2,2,1,,,,,
J01FA09,J,api_cep,3,16,1,6,CN,0.5,3281.2,0.125
J01FA09,J,mah_national,2,11,1,,,,,
J01FA10,J,api_cep,3,17,1,5,CN,0.5294,3564.0,0.1765
J01FA10,J,mah_national,1,6,1,,,,,
J01FF,J,mah_national,1,4,1,,,,,
J01FF01,J,api_cep,1,12,1,3,CN,0.75,5972.2,0.25
J01FF01,J,mah_national,1,8,1,,,,,
J01GB,J,mah_national,3,8,3,,,,,
J01GB01,J,api_cep,2,6,1,3,CN,0.5,3888.9,0.1667
J01GB01,J,batch_release,1,2,1,2,DE,0.5,5000.0,1.0
J01GB01,J,mah_national,1,6,1,,,,,
J01GB03,J,api_cep,1,3,1,2,CN,0.6667,5555.6,0.3333
J01GB03,J,mah_national,1,3,1,,,,,
J01GB06,J,api_cep,1,2,1,1,CN,1.0,10000.0,0.0
J01GB06,J,mah_national,1,5,1,,,,,
J01MA,J,mah_national,4,11,2,,,,,
J01MA02,J,api_cep,2,17,1,5,IN,0.6471,4602.1,0.1176
J01MA02,J,mah_national,1,7,1,,,,,
J01MA12,J,api_cep,1,17,1,4,IN,0.5294,4117.6,0.1176
J01MA12,J,batch_release,1,1,1,1,IT,1.0,10000.0,1.0
J01MA12,J,mah_national,1,6,1,,,,,
J01MA14,J,mah_national,1,2,0,,,,,
J01MA23,J,batch_release,1,4,0,1,IT,1.0,10000.0,1.0
J01MA23,J,mah_national,1,1,0,,,,,
J01XA,J,mah_national,4,9,2,,,,,
J01XA01,J,api_cep,1,7,1,7,CN,0.1429,1428.6,0.4286
J01XA01,J,mah_national,1,7,1,,,,,
J01XA02,J,api_cep,4,6,1,3,CN,0.5,3888.9,0.1667
J01XA02,J,mah_national,1,4,1,,,,,
J01XA04,J,batch_release,1,3,0,3,GB,0.3333,3333.3,0.6667
J01XA04,J,mah_national,1,1,0,,,,,
J01XA05,J,batch_release,1,1,0,1,IT,1.0,10000.0,1.0
J01XA05,J,mah_national,1,1,0,,,,,
J01XB,J,mah_national,1,1,0,,,,,
J01XB01,J,api_cep,2,13,1,3,CN,0.6923,5384.6,0.0769
J01XB01,J,batch_release,1,4,0,4,DE,0.25,2500.0,1.0
J01XB01,J,mah_national,1,4,0,,,,,
J01XC,J,mah_national,1,1,0,,,,,
J01XC01,J,mah_national,1,1,0,,,,,
J01XD,J,mah_national,1,1,1,,,,,
J01XD01,J,api_cep,2,10,1,3,IN,0.5,4200.0,0.1
J01XD01,J,mah_national,1,2,1,,,,,
J01XE,J,mah_national,1,1,0,,,,,
J01XE01,J,mah_national,3,4,0,,,,,
J01XX,J,batch_release,1,1,0,1,IE,1.0,10000.0,1.0
J01XX,J,mah_national,5,15,1,,,,,
J01XX01,J,api_cep,1,9,1,6,CN,0.3333,2098.8,0.5556
J01XX01,J,mah_national,1,5,1,,,,,
J01XX05,J,mah_national,1,1,0,,,,,
J01XX08,J,mah_national,1,7,0,,,,,
J01XX09,J,batch_release,1,2,0,2,BE,0.5,5000.0,1.0
J01XX09,J,mah_national,1,7,0,,,,,
J01XX11,J,batch_release,1,2,0,2,IT,0.5,5000.0,1.0
J01XX12,J,mah_national,1,1,0,,,,,
J02AA,J,mah_national,1,2,1,,,,,
J02AA01,J,api_cep,4,4,1,3,CN,0.5,3750.0,0.25
J02AA01,J,mah_national,1,3,1,,,,,
J02AB,J,mah_national,1,1,0,,,,,
J02AB02,J,api_cep,1,7,0,5,IN,0.3333,2222.2,0.5
J02AB02,J,batch_release,1,2,0,2,FR,0.5,5000.0,1.0
J02AB02,J,mah_national,1,1,0,,,,,
J02AC,J,mah_national,5,21,2,,,,,
J02AC01,J,api_cep,4,15,1,3,IN,0.8,6622.2,0.2
J02AC01,J,mah_national,1,8,1,,,,,
J02AC02,J,mah_national,1,4,0,,,,,
J02AC03,J,api_cep,1,21,0,4,IN,0.7619,6054.4,0.0476
J02AC03,J,batch_release,1,8,0,7,IT,0.25,1562.5,1.0
J02AC03,J,mah_national,1,11,0,,,,,
J02AC04,J,batch_release,1,7,1,6,NL,0.2857,1836.7,1.0
J02AC04,J,mah_national,1,5,1,,,,,
J02AC05,J,batch_release,1,2,1,2,GB,0.5,5000.0,0.5
J02AC05,J,mah_national,1,1,0,,,,,
J02AX,J,mah_national,3,8,0,,,,,
J02AX04,J,batch_release,1,2,0,2,FR,0.5,5000.0,1.0
J02AX04,J,mah_national,1,6,0,,,,,
J02AX05,J,batch_release,1,1,0,1,IE,1.0,10000.0,1.0
J02AX05,J,mah_national,1,1,0,,,,,
J02AX06,J,batch_release,1,1,0,1,BE,1.0,10000.0,1.0
J02AX06,J,mah_national,1,4,0,,,,,
J02AX08,J,batch_release,1,2,0,2,FR,0.5,5000.0,1.0
J02AX08,J,mah_national,1,1,0,,,,,
J04,J,batch_release,1,2,0,2,HU,0.5,5000.0,1.0
J04,J,mah_national,1,1,0,,,,,
J04AB,J,mah_national,2,2,2,,,,,
J04AB02,J,api_cep,1,2,1,2,CN,0.5,5000.0,0.5
J04AB02,J,mah_national,1,1,1,,,,,
J04AB04,J,mah_national,1,1,1,,,,,
J04AC01,J,api_cep,1,5,1,3,IN,0.6,4400.0,0.0
J04AK,J,mah_national,3,3,2,,,,,
J04AK01,J,api_cep,1,5,1,3,IN,0.6,4400.0,0.0
J04AK02,J,api_cep,1,2,1,1,IN,1.0,10000.0,0.0
J04AK02,J,mah_national,1,1,1,,,,,
J04AK05,J,batch_release,1,1,1,1,BE,1.0,10000.0,1.0
J04AK05,J,mah_national,1,1,1,,,,,
J04AK06,J,batch_release,1,2,0,1,DE,1.0,10000.0,1.0
J04AK06,J,mah_national,1,1,0,,,,,
J04AM,J,mah_national,3,1,3,,,,,
J04AM02,J,mah_national,2,1,2,,,,,
J04AM05,J,mah_national,3,1,3,,,,,
J04BA02,J,api_cep,1,5,1,2,IN,0.8,6800.0,0.0
J05,J,batch_release,1,2,0,2,BE,0.5,5000.0,1.0
J05,J,mah_national,2,2,0,,,,,
J05A,J,batch_release,3,1,0,1,IE,1.0,10000.0,1.0
J05A,J,mah_national,12,4,3,,,,,
J05AB,J,mah_national,6,14,3,,,,,
J05AB01,J,api_cep,3,18,1,5,IN,0.3333,2530.9,0.4444
J05AB01,J,mah_national,2,10,1,,,,,
J05AB04,J,api_cep,1,6,0,5,IT,0.3333,2222.2,0.3333
J05AB06,J,api_cep,2,3,1,2,CN,0.6667,5555.6,0.3333
J05AB06,J,mah_national,1,1,1,,,,,
J05AB09,J,mah_national,1,5,0,,,,,
J05AB11,J,mah_national,1,7,0,,,,,
J05AB12,J,mah_national,1,1,0,,,,,
J05AB14,J,api_cep,1,5,1,2,IN,0.6,5200.0,0.0
J05AB14,J,mah_national,1,2,1,,,,,
J05AB16,J,batch_release,1,1,0,1,IE,1.0,10000.0,1.0
J05AB16,J,mah_national,1,1,0,,,,,
J05AD01,J,api_cep,1,4,1,3,IN,0.5,3750.0,0.0
J05AD01,J,mah_national,1,1,1,,,,,
J05AE,J,mah_national,5,8,0,,,,,
J05AE03,J,api_cep,1,9,0,3,IN,0.6667,5061.7,0.0
J05AE03,J,batch_release,1,2,0,2,DE,0.5,5000.0,1.0
J05AE03,J,mah_national,2,2,0,,,,,
J05AE06,J,mah_national,2,1,0,,,,,
J05AE08,J,api_cep,1,7,0,2,IN,0.8571,7551.0,0.0
J05AE08,J,batch_release,1,5,0,4,IE,0.4,2800.0,1.0
J05AE08,J,mah_national,1,3,0,,,,,
J05AE09,J,batch_release,1,3,0,2,FR,0.6667,5555.6,1.0
J05AE09,J,mah_national,1,1,0,,,,,
J05AE10,J,batch_release,1,6,0,5,DE,0.3333,2222.2,1.0
J05AE10,J,mah_national,1,5,0,,,,,
J05AE30,J,batch_release,1,3,0,3,DE,0.3333,3333.3,1.0
J05AE30,J,mah_national,1,1,0,,,,,
J05AF,J,mah_national,7,9,4,,,,,
J05AF01,J,api_cep,1,11,1,5,IN,0.3636,2562.0,0.0909
J05AF01,J,mah_national,1,1,1,,,,,
J05AF04,J,api_cep,1,1,0,1,IN,1.0,10000.0,0.0
J05AF05,J,api_cep,7,12,1,2,IN,0.8333,7222.2,0.0
J05AF05,J,batch_release,1,6,1,4,IE,0.3333,2777.8,1.0
J05AF05,J,mah_national,1,3,1,,,,,
J05AF06,J,api_cep,1,11,1,2,IN,0.8182,7024.8,0.0
J05AF06,J,batch_release,1,2,1,2,IE,0.5,5000.0,1.0
J05AF06,J,mah_national,1,1,1,,,,,
J05AF07,J,batch_release,1,6,0,4,DE,0.5,3333.3,1.0
J05AF07,J,mah_national,1,4,0,,,,,
J05AF09,J,batch_release,1,1,1,1,IE,1.0,10000.0,1.0
J05AF09,J,mah_national,1,1,1,,,,,
J05AF10,J,api_cep,1,9,0,4,CN,0.4444,3333.3,0.0
J05AF10,J,batch_release,1,6,0,6,DE,0.1667,1666.7,1.0
J05AF10,J,mah_national,1,4,0,,,,,
J05AF13,J,batch_release,1,1,0,1,IE,1.0,10000.0,1.0
J05AF13,J,mah_national,1,1,0,,,,,
J05AG,J,mah_national,4,4,1,,,,,
J05AG01,J,api_cep,3,7,1,2,IN,0.7143,5918.4,0.0
J05AG01,J,batch_release,1,4,1,3,FR,0.5,3750.0,1.0
J05AG01,J,mah_national,1,1,1,,,,,
J05AG03,J,batch_release,1,2,0,2,HR,0.5,5000.0,1.0
J05AG03,J,mah_national,1,2,0,,,,,
J05AG04,J,api_cep,1,1,0,1,IN,1.0,10000.0,0.0
J05AG04,J,batch_release,1,1,0,1,IT,1.0,10000.0,1.0
J05AG04,J,mah_national,1,1,0,,,,,
J05AG05,J,batch_release,1,2,0,2,BE,0.5,5000.0,1.0
J05AG05,J,mah_national,1,1,0,,,,,
J05AG06,J,batch_release,1,1,0,1,NL,1.0,10000.0,1.0
J05AG06,J,mah_national,1,1,0,,,,,
J05AH,J,mah_national,2,2,0,,,,,
J05AH01,J,batch_release,1,1,0,1,IT,1.0,10000.0,1.0
J05AH01,J,mah_national,1,2,0,,,,,
J05AH02,J,api_cep,1,11,0,2,IN,0.7273,6033.1,0.0
J05AH02,J,batch_release,1,2,0,2,BG,0.5,5000.0,1.0
J05AH02,J,mah_national,1,2,0,,,,,
J05AJ01,J,api_cep,1,4,0,2,IN,0.75,6250.0,0.0
J05AJ01,J,batch_release,1,1,0,1,NL,1.0,10000.0,1.0
J05AJ03,J,mah_national,1,1,0,,,,,
J05AJ04,J,batch_release,1,2,0,2,ES,0.5,5000.0,1.0
J05AJ04,J,mah_national,1,1,0,,,,,
J05AP01,J,api_cep,1,6,0,5,IT,0.3333,2222.2,0.3333
J05AP08,J,mah_national,1,1,0,,,,,
J05AP51,J,mah_national,2,1,0,,,,,
J05AP54,J,batch_release,1,1,0,1,BE,1.0,10000.0,1.0
J05AP55,J,mah_national,2,1,0,,,,,
J05AP57,J,batch_release,1,3,0,3,DE,0.3333,3333.3,1.0
J05AP57,J,mah_national,2,1,0,,,,,
J05AR,J,batch_release,4,3,0,3,ES,0.3333,3333.3,1.0
J05AR,J,mah_national,16,13,4,,,,,
J05AR01,J,batch_release,1,1,0,1,PL,1.0,10000.0,1.0
J05AR01,J,mah_national,2,1,2,,,,,
J05AR02,J,batch_release,1,1,1,1,ES,1.0,10000.0,1.0
J05AR02,J,mah_national,2,3,2,,,,,
J05AR03,J,batch_release,1,7,0,6,DE,0.2857,1836.7,1.0
J05AR03,J,mah_national,2,8,1,,,,,
J05AR04,J,batch_release,1,1,0,1,PL,1.0,10000.0,1.0
J05AR04,J,mah_national,3,1,3,,,,,
J05AR06,J,batch_release,1,5,0,4,DE,0.4,2800.0,1.0
J05AR06,J,mah_national,3,4,1,,,,,
J05AR08,J,batch_release,1,1,0,1,IE,1.0,10000.0,1.0
J05AR08,J,mah_national,3,1,1,,,,,
J05AR09,J,batch_release,1,1,0,1,IE,1.0,10000.0,1.0
J05AR09,J,mah_national,4,1,1,,,,,
J05AR10,J,batch_release,1,5,0,4,DE,0.4,2800.0,1.0
J05AR10,J,mah_national,2,1,0,,,,,
J05AR13,J,batch_release,1,3,0,2,ES,0.6667,5555.6,1.0
J05AR13,J,mah_national,3,1,2,,,,,
J05AR14,J,batch_release,1,2,0,2,BE,0.5,5000.0,1.0
J05AR14,J,mah_national,3,1,0,,,,,
J05AR15,J,batch_release,1,2,0,2,IE,0.5,5000.0,1.0
J05AR15,J,mah_national,2,1,0,,,,,
J05AR17,J,batch_release,1,2,0,2,HU,0.5,5000.0,1.0
J05AR17,J,mah_national,2,2,1,,,,,
J05AR18,J,mah_national,4,1,1,,,,,
J05AR19,J,batch_release,1,2,0,2,DE,0.5,5000.0,1.0
J05AR19,J,mah_national,3,2,1,,,,,
J05AR20,J,batch_release,1,1,0,1,IE,1.0,10000.0,1.0
J05AR20,J,mah_national,3,1,1,,,,,
J05AR21,J,mah_national,4,1,0,,,,,
J05AR22,J,batch_release,1,1,0,1,IT,1.0,10000.0,1.0
J05AR24,J,mah_national,3,1,1,,,,,
J05AR25,J,mah_national,2,1,1,,,,,
J05AX,J,batch_release,3,3,0,3,ES,0.3333,3333.3,1.0
J05AX,J,mah_national,14,6,0,,,,,
J05AX05,J,mah_national,1,1,0,,,,,
J05AX07,J,batch_release,1,1,0,1,DE,1.0,10000.0,1.0
J05AX07,J,mah_national,1,1,0,,,,,
J05AX08,J,mah_national,1,1,0,,,,,
J05AX09,J,batch_release,1,2,0,2,BE,0.5,5000.0,1.0
J05AX09,J,mah_national,1,1,0,,,,,
J05AX10,J,batch_release,1,1,0,1,IE,1.0,10000.0,1.0
J05AX10,J,mah_national,1,1,0,,,,,
J05AX12,J,batch_release,1,3,0,2,ES,0.6667,5555.6,1.0
J05AX12,J,mah_national,1,1,0,,,,,
J05AX15,J,batch_release,1,1,0,1,IE,1.0,10000.0,1.0
J05AX15,J,mah_national,1,1,0,,,,,
J05AX18,J,mah_national,1,1,0,,,,,
J05AX24,J,batch_release,1,1,0,1,IE,1.0,10000.0,1.0
J05AX24,J,mah_national,1,1,0,,,,,
J05AX25,J,mah_national,1,1,0,,,,,
J05AX28,J,mah_national,1,1,0,,,,,
J05AX29,J,mah_national,1,1,0,,,,,
J05AX31,J,batch_release,1,1,0,1,IE,1.0,10000.0,1.0
J05AX31,J,mah_national,1,2,0,,,,,
J05AX65,J,batch_release,1,1,0,1,IE,1.0,10000.0,1.0
J05AX65,J,mah_national,2,1,0,,,,,
J05AX68,J,mah_national,2,1,0,,,,,
J06AA,J,mah_national,1,1,0,,,,,
J06AA04,J,mah_national,1,1,0,,,,,
J06B,J,mah_national,3,2,0,,,,,
J06BA,J,mah_national,4,7,1,,,,,
J06BA01,J,batch_release,1,2,1,2,BE,0.5,5000.0,1.0
J06BA01,J,bio_api,1,3,1,3,AU,0.3333,3333.3,0.3333
J06BA01,J,mah_national,1,3,1,,,,,
J06BA02,J,batch_release,1,3,1,3,BE,0.3333,3333.3,1.0
J06BA02,J,bio_api,1,5,1,4,BE,0.4,2800.0,0.6
J06BA02,J,mah_national,4,8,1,,,,,
J06BB,J,mah_national,6,4,1,,,,,
J06BB01,J,mah_national,1,1,1,,,,,
J06BB02,J,mah_national,1,1,0,,,,,
J06BB04,J,batch_release,1,1,1,1,DE,1.0,10000.0,1.0
J06BB04,J,bio_api,1,1,1,1,DE,1.0,10000.0,1.0
J06BB04,J,mah_national,3,1,0,,,,,
J06BB09,J,mah_national,1,1,0,,,,,
J06BB16,J,mah_national,1,1,0,,,,,
J06BB21,J,batch_release,1,2,0,2,BE,0.5,5000.0,1.0
J06BB21,J,bio_api,1,1,0,1,US,1.0,10000.0,0.0
J06BB21,J,mah_national,1,1,0,,,,,
J06BD01,J,batch_release,1,1,0,1,IT,1.0,10000.0,1.0
J06BD01,J,bio_api,1,2,0,2,DE,0.5,5000.0,0.5
J06BD03,J,mah_national,2,1,0,,,,,
J06BD08,J,batch_release,1,1,0,1,SE,1.0,10000.0,1.0
J06BD08,J,bio_api,1,2,0,2,KR,0.5,5000.0,0.0
J06BD08,J,mah_national,1,1,0,,,,,
J06BD09,J,batch_release,1,1,0,1,SE,1.0,10000.0,1.0
J06BD09,J,bio_api,1,1,0,1,CN,1.0,10000.0,0.0
J06BD09,J,mah_national,1,1,0,,,,,
J06BD10,J,batch_release,1,1,0,1,NL,1.0,10000.0,1.0
J06BD10,J,bio_api,1,1,0,1,US,1.0,10000.0,0.0
J06BD10,J,mah_national,1,1,0,,,,,
J07,J,batch_release,1,2,0,2,BE,0.5,5000.0,1.0
J07,J,bio_api,1,1,0,1,CH,1.0,10000.0,0.0
J07AE,J,mah_national,1,1,1,,,,,
J07AE01,J,batch_release,1,1,0,1,SE,1.0,10000.0,1.0
J07AE01,J,bio_api,1,1,0,1,SE,1.0,10000.0,1.0
J07AE01,J,mah_national,1,1,1,,,,,
J07AE02,J,batch_release,1,1,0,1,DE,1.0,10000.0,1.0
J07AE02,J,bio_api,1,1,0,1,CH,1.0,10000.0,0.0
J07AE02,J,mah_national,1,1,0,,,,,
J07AG51,J,mah_national,1,1,0,,,,,
J07AG53,J,mah_national,2,1,0,,,,,
J07AH,J,mah_national,12,3,0,,,,,
J07AH05,J,mah_national,2,1,0,,,,,
J07AH08,J,batch_release,3,4,0,4,BE,0.25,2500.0,1.0
J07AH08,J,bio_api,3,3,0,3,IE,0.3333,3333.3,0.6667
J07AH08,J,mah_national,17,3,0,,,,,
J07AH09,J,batch_release,2,2,0,2,BE,0.5,5000.0,1.0
J07AH09,J,bio_api,2,4,0,3,AT,0.5,3750.0,1.0
J07AH09,J,mah_national,5,2,0,,,,,
J07AJ,J,mah_national,8,2,0,,,,,
J07AJ02,J,batch_release,1,1,0,1,IE,1.0,10000.0,1.0
J07AJ02,J,bio_api,1,1,0,1,TH,1.0,10000.0,0.0
J07AJ02,J,mah_national,1,1,0,,,,,
J07AJ52,J,mah_national,8,3,0,,,,,
J07AL,J,mah_national,38,4,0,,,,,
J07AL01,J,mah_national,1,1,0,,,,,
J07AL02,J,batch_release,4,2,0,2,BE,0.5,5000.0,1.0
J07AL02,J,bio_api,4,4,0,2,IE,0.5,5000.0,0.5
J07AL02,J,mah_national,53,2,0,,,,,
J07AL52,J,batch_release,1,1,0,1,BE,1.0,10000.0,1.0
J07AL52,J,bio_api,1,1,0,2,HU,0.5,5000.0,0.5
J07AL52,J,mah_national,17,1,0,,,,,
J07AM,J,mah_national,2,1,0,,,,,
J07AM51,J,mah_national,2,1,0,,,,,
J07AN,J,mah_national,1,1,0,,,,,
J07AN01,J,mah_national,1,1,0,,,,,
J07AP03,J,mah_national,1,1,0,,,,,
J07B,J,batch_release,1,1,0,1,ES,1.0,10000.0,1.0
J07B,J,bio_api,1,1,0,1,US,1.0,10000.0,0.0
J07B,J,mah_national,17,3,0,,,,,
J07BA,J,mah_national,3,2,0,,,,,
J07BA01,J,mah_national,2,1,0,,,,,
J07BA02,J,batch_release,1,1,0,1,AT,1.0,10000.0,1.0
J07BA02,J,bio_api,1,1,0,1,GB,1.0,10000.0,0.0
J07BA02,J,mah_national,1,1,0,,,,,
J07BB,J,mah_national,12,7,0,,,,,
J07BB02,J,batch_release,9,3,0,3,BE,0.3333,3333.3,1.0
J07BB02,J,bio_api,9,4,0,4,DE,0.25,2500.0,0.25
J07BB02,J,mah_national,19,7,0,,,,,
J07BB03,J,batch_release,2,1,0,1,NL,1.0,10000.0,1.0
J07BB03,J,bio_api,2,3,0,1,GB,1.0,10000.0,0.0
J07BB03,J,mah_national,3,1,0,,,,,
J07BC,J,mah_national,8,6,2,,,,,
J07BC01,J,batch_release,2,3,0,3,BE,0.3333,3333.3,1.0
J07BC01,J,bio_api,2,3,0,3,BE,0.3333,3333.3,0.6667
J07BC01,J,mah_national,3,4,1,,,,,
J07BC02,J,mah_national,4,3,0,,,,,
J07BC20,J,batch_release,1,1,0,1,BE,1.0,10000.0,1.0
J07BC20,J,bio_api,1,1,0,1,BE,1.0,10000.0,1.0
J07BC20,J,mah_national,4,2,1,,,,,
J07BD,J,mah_national,11,2,0,,,,,
J07BD52,J,batch_release,1,1,0,1,NL,1.0,10000.0,1.0
J07BD52,J,bio_api,1,1,0,1,US,1.0,10000.0,0.0
J07BD52,J,mah_national,6,2,0,,,,,
J07BD54,J,batch_release,1,1,0,1,NL,1.0,10000.0,1.0
J07BD54,J,bio_api,1,1,0,1,US,1.0,10000.0,0.0
J07BD54,J,mah_national,7,2,0,,,,,
J07BG01,J,mah_national,1,1,0,,,,,
J07BH,J,mah_national,6,2,0,,,,,
J07BH01,J,batch_release,1,1,0,1,BE,1.0,10000.0,1.0
J07BH01,J,bio_api,1,1,0,1,BE,1.0,10000.0,1.0
J07BH01,J,mah_national,1,1,0,,,,,
J07BH02,J,batch_release,1,1,0,1,NL,1.0,10000.0,1.0
J07BH02,J,bio_api,1,1,0,1,US,1.0,10000.0,0.0
J07BH02,J,mah_national,5,1,0,,,,,
J07BK,J,mah_national,1,1,0,,,,,
J07BK01,J,mah_national,1,1,0,,,,,
J07BK03,J,batch_release,1,1,0,1,BE,1.0,10000.0,1.0
J07BK03,J,bio_api,1,1,0,1,BE,1.0,10000.0,1.0
J07BK03,J,mah_national,2,1,0,,,,,
J07BL,J,mah_national,1,1,0,,,,,
J07BL01,J,mah_national,1,1,0,,,,,
J07BM,J,mah_national,2,1,0,,,,,
J07BM01,J,batch_release,1,1,0,1,NL,1.0,10000.0,1.0
J07BM01,J,bio_api,1,2,0,2,AT,0.5,5000.0,0.5
J07BM01,J,mah_national,4,1,0,,,,,
J07BM02,J,batch_release,1,1,0,1,BE,1.0,10000.0,1.0
J07BM02,J,bio_api,1,1,0,1,BE,1.0,10000.0,1.0
J07BM02,J,mah_national,2,1,0,,,,,
J07BM03,J,batch_release,1,1,0,1,NL,1.0,10000.0,1.0
J07BM03,J,bio_api,1,2,0,2,AT,0.5,5000.0,0.5
J07BN,J,batch_release,1,1,0,1,ES,1.0,10000.0,1.0
J07BN,J,bio_api,1,1,0,1,ES,1.0,10000.0,1.0
J07BN01,J,batch_release,3,5,0,4,ES,0.4,2800.0,1.0
J07BN01,J,bio_api,3,5,0,3,US,0.6,4400.0,0.4
J07BN01,J,mah_national,13,6,0,,,,,
J07BN04,J,batch_release,1,1,0,1,CZ,1.0,10000.0,1.0
J07BN04,J,bio_api,1,1,0,1,IN,1.0,10000.0,0.0
J07BN04,J,mah_national,1,1,0,,,,,
J07BP01,J,batch_release,1,1,0,1,AT,1.0,10000.0,1.0
J07BP01,J,bio_api,1,1,0,1,GB,1.0,10000.0,0.0
J07BP02,J,mah_national,1,1,0,,,,,
J07BX,J,batch_release,2,3,0,3,BE,0.3333,3333.3,1.0
J07BX,J,bio_api,2,1,0,1,DK,1.0,10000.0,1.0
J07BX,J,mah_national,4,4,0,,,,,
J07BX02,J,mah_national,1,1,0,,,,,
J07BX04,J,batch_release,1,1,0,1,DE,1.0,10000.0,1.0
J07BX04,J,bio_api,1,1,0,1,DE,1.0,10000.0,1.0
J07BX04,J,mah_national,7,2,0,,,,,
J07BX05,J,batch_release,2,2,0,2,BE,0.5,5000.0,1.0
J07BX05,J,bio_api,2,2,0,1,US,1.0,10000.0,0.0
J07BX05,J,mah_national,4,3,0,,,,,
J07CA,J,mah_national,27,3,0,,,,,
J07CA01,J,mah_national,5,1,0,,,,,
J07CA02,J,mah_national,18,2,0,,,,,
J07CA09,J,batch_release,4,3,0,3,BE,0.3333,3333.3,1.0
J07CA09,J,bio_api,4,5,0,7,AR,0.1429,1428.6,0.4286
J07CA09,J,mah_national,17,3,0,,,,,
L01,L,batch_release,4,5,0,3,NL,0.6,4400.0,1.0
L01,L,bio_api,1,1,0,1,US,1.0,10000.0,0.0
L01,L,mah_national,22,15,0,,,,,
L01AA,L,mah_national,7,8,4,,,,,
L01AA01,L,api_cep,1,7,1,2,IN,0.7143,5918.4,0.0
L01AA01,L,mah_national,1,2,1,,,,,
L01AA02,L,api_cep,1,1,1,1,IN,1.0,10000.0,0.0
L01AA02,L,mah_national,1,1,1,,,,,
L01AA03,L,api_cep,1,2,1,2,CN,0.5,5000.0,0.0
L01AA03,L,batch_release,1,2,1,1,IT,1.0,10000.0,1.0
L01AA03,L,mah_national,2,3,1,,,,,
L01AA05,L,batch_release,1,1,0,1,IE,1.0,10000.0,1.0
L01AA05,L,mah_national,1,1,0,,,,,
L01AA06,L,api_cep,1,2,1,2,CN,0.5,5000.0,0.5
L01AA06,L,mah_national,1,1,1,,,,,
L01AA09,L,mah_national,1,3,0,,,,,
L01AA10,L,batch_release,1,1,0,1,BE,1.0,10000.0,1.0
L01AA10,L,mah_national,1,1,0,,,,,
L01AB,L,mah_national,2,3,2,,,,,
L01AB01,L,api_cep,1,7,1,4,IN,0.5714,3877.6,0.2857
L01AB01,L,batch_release,1,1,1,1,DE,1.0,10000.0,1.0
L01AB01,L,mah_national,1,2,1,,,,,
L01AB02,L,batch_release,1,1,1,1,DE,1.0,10000.0,1.0
L01AB02,L,mah_national,1,2,1,,,,,
L01AC,L,mah_national,1,1,1,,,,,
L01AC01,L,batch_release,1,1,1,1,IT,1.0,10000.0,1.0
L01AC01,L,mah_national,1,4,1,,,,,
L01AD,L,mah_national,1,2,0,,,,,
L01AD01,L,api_cep,1,7,0,3,IN,0.7143,5510.2,0.1429
L01AD01,L,batch_release,1,1,0,1,DE,1.0,10000.0,1.0
L01AD01,L,mah_national,1,4,0,,,,,
L01AX,L,mah_national,2,7,1,,,,,
L01AX03,L,api_cep,1,8,0,5,IN,0.5,3125.0,0.125
L01AX03,L,batch_release,1,9,0,6,NL,0.3333,2098.8,1.0
L01AX03,L,mah_national,1,6,0,,,,,
L01AX04,L,api_cep,1,5,1,4,IN,0.4,2800.0,0.4
L01AX04,L,mah_national,1,2,1,,,,,
L01B,L,mah_national,2,2,0,,,,,
L01BA,L,mah_national,6,16,1,,,,,
L01BA01,L,api_cep,2,8,1,6,CN,0.25,1875.0,0.375
L01BA01,L,mah_national,1,7,1,,,,,
L01BA04,L,api_cep,1,12,0,3,IN,0.5833,4583.3,0.0
L01BA04,L,batch_release,5,14,0,10,DE,0.2143,1224.5,1.0
L01BA04,L,mah_national,6,13,0,,,,,
L01BB,L,mah_national,6,5,3,,,,,
L01BB02,L,api_cep,1,2,1,2,FI,0.5,5000.0,0.5
L01BB02,L,batch_release,1,2,0,2,DE,0.5,5000.0,1.0
L01BB02,L,mah_national,1,5,1,,,,,
L01BB03,L,mah_national,1,1,1,,,,,
L01BB04,L,api_cep,1,6,0,4,CN,0.3333,2777.8,0.0
L01BB04,L,batch_release,1,1,0,1,DE,1.0,10000.0,1.0
L01BB04,L,mah_national,1,1,0,,,,,
L01BB05,L,api_cep,1,7,1,4,CN,0.5714,3877.6,0.2857
L01BB05,L,mah_national,1,2,1,,,,,
L01BB06,L,batch_release,1,1,0,1,FR,1.0,10000.0,1.0
L01BB06,L,mah_national,1,1,0,,,,,
L01BB07,L,batch_release,1,4,0,3,AT,0.5,3750.0,1.0
L01BB07,L,mah_national,1,1,0,,,,,
L01BC,L,mah_national,10,13,3,,,,,
L01BC01,L,api_cep,2,6,1,5,IN,0.3333,2222.2,0.1667
L01BC01,L,mah_national,1,3,1,,,,,
L01BC02,L,api_cep,1,4,1,3,CN,0.5,3750.0,0.25
L01BC02,L,mah_national,1,3,1,,,,,
L01BC05,L,api_cep,1,18,1,7,IN,0.5,3148.1,0.1111
L01BC05,L,mah_national,1,3,1,,,,,
L01BC06,L,api_cep,1,20,0,5,IN,0.65,4700.0,0.1
L01BC06,L,batch_release,1,8,0,6,DE,0.375,2187.5,1.0
L01BC06,L,mah_national,1,5,0,,,,,
L01BC07,L,batch_release,1,10,0,6,AT,0.2,1800.0,1.0
L01BC07,L,mah_national,1,9,0,,,,,
L01BC08,L,batch_release,1,1,0,1,BE,1.0,10000.0,1.0
L01BC08,L,mah_national,1,3,0,,,,,
L01BC53,L,batch_release,1,2,0,2,FR,0.5,5000.0,1.0
L01BC53,L,mah_national,3,1,0,,,,,
L01BC58,L,batch_release,1,3,0,3,DE,0.3333,3333.3,1.0
L01BC58,L,mah_national,2,1,0,,,,,
L01BC59,L,batch_release,1,2,0,2,FR,0.5,5000.0,1.0
L01BC59,L,mah_national,1,1,0,,,,,
L01CA,L,mah_national,4,2,2,,,,,
L01CA01,L,api_cep,1,4,1,4,BE,0.25,2500.0,0.75
L01CA01,L,mah_national,1,1,1,,,,,
L01CA02,L,api_cep,1,6,1,6,BE,0.1667,1666.7,0.5
L01CA02,L,mah_national,1,1,1,,,,,
L01CA04,L,mah_national,1,2,0,,,,,
L01CA05,L,batch_release,1,1,0,1,FR,1.0,10000.0,1.0
L01CA05,L,mah_national,1,1,0,,,,,
L01CB,L,mah_national,1,4,1,,,,,
L01CB01,L,api_cep,1,8,1,5,CN,0.375,2500.0,0.125
L01CB01,L,mah_national,1,4,1,,,,,
L01CD,L,batch_release,1,1,0,1,DE,1.0,10000.0,1.0
L01CD,L,mah_national,4,8,1,,,,,
L01CD01,L,api_cep,10,26,1,10,CN,0.3462,1863.9,0.1923
L01CD01,L,batch_release,1,8,1,5,NL,0.375,2500.0,1.0
L01CD01,L,mah_national,1,7,1,,,,,
L01CD02,L,api_cep,1,19,0,9,CN,0.3684,2077.6,0.1053
L01CD02,L,batch_release,1,5,0,4,DE,0.4,2800.0,1.0
L01CD02,L,mah_national,2,5,0,,,,,
L01CD04,L,batch_release,1,4,0,4,ES,0.25,2500.0,1.0
L01CD04,L,mah_national,1,5,0,,,,,
L01CE01,L,batch_release,1,7,1,5,DE,0.2857,2244.9,1.0
L01CE01,L,mah_national,1,1,1,,,,,
L01CE02,L,batch_release,1,2,0,1,FR,1.0,10000.0,1.0
L01CX,L,mah_national,1,1,0,,,,,
L01CX01,L,batch_release,1,4,0,4,ES,0.25,2500.0,1.0
L01CX01,L,mah_national,1,3,0,,,,,
L01DB,L,api_cep,1,12,1,8,CN,0.1667,1388.9,0.3333
L01DB,L,batch_release,1,2,1,2,BE,0.5,5000.0,1.0
L01DB,L,mah_national,4,8,4,,,,,
L01DB01,L,api_cep,1,12,1,8,CN,0.1667,1388.9,0.3333
L01DB01,L,batch_release,2,3,1,3,ES,0.3333,3333.3,1.0
L01DB01,L,mah_national,2,7,1,,,,,
L01DB02,L,api_cep,1,4,1,3,CN,0.5,3750.0,0.25
L01DB02,L,mah_national,1,1,1,,,,,
L01DB03,L,api_cep,1,11,1,8,DE,0.2727,1570.2,0.4545
L01DB03,L,mah_national,1,2,1,,,,,
L01DB06,L,mah_national,1,1,1,,,,,
L01DB07,L,api_cep,1,4,1,3,CN,0.5,3750.0,0.0
L01DC,L,mah_national,1,1,1,,,,,
L01DC01,L,api_cep,1,3,1,3,CN,0.3333,3333.3,0.3333
L01DC03,L,api_cep,2,5,1,3,CN,0.6,4400.0,0.2
L01DC03,L,mah_national,1,1,1,,,,,
L01EA01,L,api_cep,1,18,0,6,IN,0.5556,3703.7,0.1111
L01EA01,L,batch_release,1,12,0,8,DE,0.1667,1388.9,1.0
L01EA01,L,mah_national,1,1,0,,,,,
L01EA02,L,batch_release,1,5,0,5,GR,0.2,2000.0,1.0
L01EA02,L,mah_national,1,2,0,,,,,
L01EA03,L,api_cep,1,3,1,2,IN,0.6667,5555.6,0.0
L01EA03,L,batch_release,1,9,1,7,ES,0.2222,1604.9,1.0
L01EA03,L,mah_national,1,3,1,,,,,
L01EA04,L,batch_release,1,1,0,1,DE,1.0,10000.0,1.0
L01EA04,L,mah_national,1,3,0,,,,,
L01EA05,L,batch_release,1,2,0,1,NL,1.0,10000.0,1.0
L01EA06,L,batch_release,1,3,0,3,DE,0.3333,3333.3,1.0
L01EA06,L,mah_national,1,1,0,,,,,
L01EB,L,batch_release,1,1,0,1,NL,1.0,10000.0,1.0
L01EB02,L,api_cep,1,1,0,1,IN,1.0,10000.0,0.0
L01EB02,L,batch_release,1,2,0,2,DE,0.5,5000.0,1.0
L01EB02,L,mah_national,1,1,0,,,,,
L01EB04,L,mah_national,1,1,0,,,,,
L01EB07,L,batch_release,1,1,0,1,DE,1.0,10000.0,1.0
L01EB07,L,mah_national,1,1,0,,,,,
L01EB09,L,batch_release,1,1,0,1,IT,1.0,10000.0,1.0
L01EB09,L,mah_national,1,1,0,,,,,
L01EB11,L,mah_national,1,1,0,,,,,
L01EC01,L,batch_release,1,1,0,1,DE,1.0,10000.0,1.0
L01EC01,L,mah_national,1,1,0,,,,,
L01EC02,L,batch_release,1,4,1,3,SI,0.5,3750.0,1.0
L01EC02,L,mah_national,1,1,1,,,,,
L01EC03,L,batch_release,1,1,1,1,FR,1.0,10000.0,1.0
L01EC03,L,mah_national,1,1,1,,,,,
L01ED01,L,batch_release,1,2,0,2,BE,0.5,5000.0,1.0
L01ED01,L,mah_national,1,1,0,,,,,
L01ED03,L,batch_release,1,1,0,1,DE,1.0,10000.0,1.0
L01ED03,L,mah_national,1,1,0,,,,,
L01ED05,L,batch_release,1,1,0,1,DE,1.0,10000.0,1.0
L01EE,L,batch_release,1,1,0,1,IE,1.0,10000.0,1.0
L01EE01,L,batch_release,2,6,1,4,ES,0.3333,2777.8,1.0
L01EE01,L,mah_national,2,1,1,,,,,
L01EE02,L,mah_national,1,1,0,,,,,
L01EE03,L,batch_release,1,1,0,1,FR,1.0,10000.0,1.0
L01EE03,L,mah_national,1,1,0,,,,,
L01EE04,L,batch_release,1,1,0,1,SE,1.0,10000.0,1.0
L01EE04,L,mah_national,1,1,0,,,,,
L01EE05,L,mah_national,1,1,0,,,,,
L01EF01,L,batch_release,1,1,0,1,DE,1.0,10000.0,1.0
L01EF01,L,mah_national,1,1,0,,,,,
L01EF02,L,batch_release,1,3,0,2,SI,0.6667,5555.6,1.0
L01EF03,L,batch_release,1,1,0,1,ES,1.0,10000.0,1.0
L01EF03,L,mah_national,1,1,0,,,,,
L01EH01,L,batch_release,1,4,0,3,ES,0.5,3750.0,1.0
L01EH01,L,mah_national,1,1,0,,,,,
L01EH02,L,batch_release,1,1,0,1,FR,1.0,10000.0,1.0
L01EH02,L,mah_national,1,1,0,,,,,
L01EH03,L,batch_release,1,2,0,2,DE,0.5,5000.0,1.0
L01EJ01,L,batch_release,1,3,0,3,DE,0.3333,3333.3,1.0
L01EJ01,L,mah_national,1,1,0,,,,,
L01EJ02,L,batch_release,1,1,0,1,NL,1.0,10000.0,1.0
L01EJ04,L,mah_national,1,1,0,,,,,
L01EK,L,batch_release,1,1,0,1,IE,1.0,10000.0,1.0
L01EK01,L,batch_release,1,4,0,4,AT,0.25,2500.0,1.0
L01EK01,L,mah_national,1,2,0,,,,,
L01EK03,L,batch_release,1,1,0,1,IE,1.0,10000.0,1.0
L01EK03,L,mah_national,1,1,0,,,,,
L01EK04,L,mah_national,1,1,0,,,,,
L01EL01,L,batch_release,1,2,1,2,BE,0.5,5000.0,1.0
L01EL02,L,batch_release,1,1,0,1,SE,1.0,10000.0,1.0
L01EL02,L,mah_national,1,1,0,,,,,
L01EL03,L,batch_release,1,1,0,1,NL,1.0,10000.0,1.0
L01EL03,L,mah_national,1,1,0,,,,,
L01EL05,L,mah_national,1,1,0,,,,,
L01EM06,L,mah_national,1,1,0,,,,,
L01EN01,L,batch_release,1,1,0,1,IT,1.0,10000.0,1.0
L01EN01,L,mah_national,1,1,0,,,,,
L01EN02,L,batch_release,1,2,0,1,NL,1.0,10000.0,1.0
L01EN02,L,mah_national,1,1,0,,,,,
L01EN04,L,batch_release,1,1,0,1,IE,1.0,10000.0,1.0
L01EX,L,batch_release,1,1,0,1,NL,1.0,10000.0,1.0
L01EX01,L,batch_release,1,3,0,3,CY,0.3333,3333.3,1.0
L01EX01,L,mah_national,1,1,0,,,,,
L01EX02,L,api_cep,1,13,0,3,IN,0.6154,4792.9,0.0769
L01EX02,L,batch_release,1,5,0,5,DE,0.2,2000.0,1.0
L01EX02,L,mah_national,1,1,0,,,,,
L01EX03,L,mah_national,1,3,0,,,,,
L01EX05,L,api_cep,1,1,0,1,IN,1.0,10000.0,0.0
L01EX05,L,batch_release,1,1,0,1,DE,1.0,10000.0,1.0
L01EX07,L,batch_release,1,3,0,3,DE,0.3333,3333.3,1.0
L01EX08,L,mah_national,1,3,0,,,,,
L01EX09,L,batch_release,1,8,0,6,DE,0.25,1875.0,1.0
L01EX09,L,mah_national,1,8,0,,,,,
L01EX11,L,batch_release,1,1,0,1,DE,1.0,10000.0,1.0
L01EX11,L,mah_national,1,1,0,,,,,
L01EX13,L,batch_release,1,1,0,1,NL,1.0,10000.0,1.0
L01EX14,L,batch_release,1,1,0,1,DE,1.0,10000.0,1.0
L01EX14,L,mah_national,1,1,0,,,,,
L01EX17,L,batch_release,1,4,0,4,DE,0.25,2500.0,1.0
L01EX17,L,mah_national,1,1,0,,,,,
L01EX18,L,batch_release,1,1,0,1,NL,1.0,10000.0,1.0
L01EX18,L,mah_national,1,1,0,,,,,
L01EX19,L,mah_national,1,1,0,,,,,
L01EX21,L,batch_release,1,1,0,1,DE,1.0,10000.0,1.0
L01EX21,L,mah_national,1,1,0,,,,,
L01EX22,L,batch_release,1,1,0,1,ES,1.0,10000.0,1.0
L01EX22,L,mah_national,1,1,0,,,,,
L01EX27,L,batch_release,1,1,0,1,SE,1.0,10000.0,1.0
L01EX27,L,mah_national,1,1,0,,,,,
L01EX28,L,batch_release,1,1,0,1,IE,1.0,10000.0,1.0
L01EX28,L,mah_national,1,1,0,,,,,
L01EX29,L,mah_national,1,1,0,,,,,
L01F,L,batch_release,1,2,0,2,BE,0.5,5000.0,1.0
L01F,L,bio_api,1,1,0,1,IE,1.0,10000.0,1.0
L01FA01,L,batch_release,1,7,0,5,DE,0.4286,2653.1,1.0
L01FA01,L,bio_api,1,5,0,4,KR,0.4,2800.0,0.4
L01FA01,L,mah_national,1,1,0,,,,,
L01FA03,L,batch_release,1,1,1,1,DE,1.0,10000.0,1.0
L01FA03,L,bio_api,1,2,1,2,DE,0.5,5000.0,1.0
L01FC01,L,batch_release,1,2,1,2,BE,0.5,5000.0,1.0
L01FC01,L,bio_api,1,4,1,4,DK,0.25,2500.0,0.5
L01FD01,L,batch_release,1,12,0,8,DE,0.25,1666.7,1.0
L01FD01,L,bio_api,1,14,0,8,IN,0.2143,1530.6,0.2857
L01FD01,L,mah_national,1,4,0,,,,,
L01FD02,L,batch_release,1,1,0,1,DE,1.0,10000.0,1.0
L01FD02,L,bio_api,1,2,0,1,US,1.0,10000.0,0.0
L01FD02,L,mah_national,1,1,0,,,,,
L01FD03,L,batch_release,1,1,0,1,DE,1.0,10000.0,1.0
L01FD03,L,bio_api,1,2,0,1,CH,1.0,10000.0,0.0
L01FD03,L,mah_national,1,1,0,,,,,
L01FD04,L,batch_release,1,1,0,1,DE,1.0,10000.0,1.0
L01FD04,L,bio_api,1,1,0,1,CH,1.0,10000.0,0.0
L01FD07,L,batch_release,1,1,0,1,IE,1.0,10000.0,1.0
L01FD07,L,bio_api,1,1,0,1,CN,1.0,10000.0,0.0
L01FD07,L,mah_national,1,1,0,,,,,
L01FE01,L,batch_release,1,1,0,1,DE,1.0,10000.0,1.0
L01FE01,L,bio_api,1,2,0,2,CH,0.5,5000.0,0.5
L01FF01,L,batch_release,1,1,1,1,IE,1.0,10000.0,1.0
L01FF01,L,bio_api,1,1,1,1,IE,1.0,10000.0,1.0
L01FF01,L,mah_national,1,1,1,,,,,
L01FF02,L,batch_release,1,2,1,2,BE,0.5,5000.0,1.0
L01FF02,L,bio_api,1,4,1,4,DE,0.25,2500.0,0.75
L01FF02,L,mah_national,1,1,1,,,,,
L01FF04,L,batch_release,1,1,0,1,IT,1.0,10000.0,1.0
L01FF04,L,bio_api,1,1,0,1,CH,1.0,10000.0,0.0
L01FF05,L,mah_national,1,1,0,,,,,
L01FF07,L,batch_release,1,2,0,2,IE,0.5,5000.0,1.0
L01FF07,L,bio_api,1,3,0,3,CN,0.3333,3333.3,0.0
L01FF09,L,batch_release,1,1,0,1,NL,1.0,10000.0,1.0
L01FF09,L,bio_api,1,2,0,2,CN,0.5,5000.0,0.5
L01FF09,L,mah_national,1,1,0,,,,,
L01FF10,L,batch_release,1,1,0,1,NL,1.0,10000.0,1.0
L01FF10,L,bio_api,1,1,0,1,US,1.0,10000.0,0.0
L01FF10,L,mah_national,1,1,0,,,,,
L01FF11,L,batch_release,1,1,0,1,PL,1.0,10000.0,1.0
L01FF11,L,bio_api,1,1,0,1,CN,1.0,10000.0,0.0
L01FF11,L,mah_national,1,1,0,,,,,
L01FF12,L,batch_release,1,2,0,2,GR,0.5,5000.0,1.0
L01FF12,L,bio_api,1,1,0,1,CN,1.0,10000.0,0.0
L01FF12,L,mah_national,1,1,0,,,,,
L01FF13,L,batch_release,1,1,0,1,DE,1.0,10000.0,1.0
L01FF13,L,bio_api,1,1,0,1,CN,1.0,10000.0,0.0
L01FF13,L,mah_national,1,1,0,,,,,
L01FG01,L,batch_release,1,9,0,5,DE,0.4444,2839.5,1.0
L01FG01,L,bio_api,1,7,0,7,AR,0.1429,1428.6,0.2857
L01FG01,L,mah_national,2,2,0,,,,,
L01FX,L,batch_release,1,1,0,1,IE,1.0,10000.0,1.0
L01FX,L,bio_api,1,1,0,1,US,1.0,10000.0,0.0
L01FX,L,mah_national,1,1,0,,,,,
L01FX02,L,batch_release,1,1,1,1,BE,1.0,10000.0,1.0
L01FX02,L,bio_api,1,1,1,1,US,1.0,10000.0,0.0
L01FX03,L,batch_release,1,1,0,1,DE,1.0,10000.0,1.0
L01FX03,L,bio_api,1,1,0,1,DE,1.0,10000.0,1.0
L01FX03,L,mah_national,1,1,0,,,,,
L01FX04,L,batch_release,1,2,0,2,IE,0.5,5000.0,1.0
L01FX04,L,bio_api,1,2,0,2,KR,0.5,5000.0,0.0
L01FX05,L,batch_release,1,1,1,1,AT,1.0,10000.0,1.0
L01FX05,L,bio_api,1,3,1,3,CH,0.3333,3333.3,0.3333
L01FX05,L,mah_national,1,1,1,,,,,
L01FX06,L,batch_release,4,5,2,5,BE,0.2,2000.0,1.0
L01FX06,L,bio_api,4,5,2,4,US,0.4,2800.0,0.6
L01FX07,L,batch_release,1,2,0,2,BE,0.5,5000.0,1.0
L01FX07,L,bio_api,1,2,0,2,GB,0.5,5000.0,0.0
L01FX08,L,batch_release,1,2,0,2,IE,0.5,5000.0,1.0
L01FX08,L,bio_api,1,2,0,1,US,1.0,10000.0,0.0
L01FX12,L,batch_release,1,1,0,1,NL,1.0,10000.0,1.0
L01FX12,L,bio_api,1,3,0,3,CH,0.3333,3333.3,0.3333
L01FX13,L,batch_release,1,1,0,1,IE,1.0,10000.0,1.0
L01FX13,L,bio_api,1,1,0,1,CH,1.0,10000.0,0.0
L01FX13,L,mah_national,1,1,0,,,,,
L01FX14,L,batch_release,1,1,0,1,DE,1.0,10000.0,1.0
L01FX14,L,bio_api,1,2,0,1,CH,1.0,10000.0,0.0
L01FX14,L,mah_national,1,1,0,,,,,
L01FX15,L,batch_release,1,1,0,1,IT,1.0,10000.0,1.0
L01FX15,L,bio_api,1,1,0,1,IT,1.0,10000.0,1.0
L01FX15,L,mah_national,1,1,0,,,,,
L01FX17,L,mah_national,1,1,1,,,,,
L01FX18,L,batch_release,1,1,0,1,NL,1.0,10000.0,1.0
L01FX18,L,bio_api,1,1,0,1,IE,1.0,10000.0,1.0
L01FX18,L,mah_national,2,2,0,,,,,
L01FX20,L,batch_release,1,1,0,1,SE,1.0,10000.0,1.0
L01FX20,L,bio_api,1,1,0,1,DE,1.0,10000.0,1.0
L01FX20,L,mah_national,1,1,0,,,,,
L01FX22,L,batch_release,1,1,0,1,SE,1.0,10000.0,1.0
L01FX22,L,bio_api,1,1,0,1,IT,1.0,10000.0,1.0
L01FX22,L,mah_national,1,1,0,,,,,
L01FX23,L,batch_release,1,1,0,1,DK,1.0,10000.0,1.0
L01FX23,L,bio_api,1,1,0,1,CH,1.0,10000.0,0.0
L01FX23,L,mah_national,1,1,0,,,,,
L01FX24,L,mah_national,1,1,0,,,,,
L01FX25,L,batch_release,1,1,0,1,DE,1.0,10000.0,1.0
L01FX25,L,bio_api,1,2,0,2,CH,0.5,5000.0,0.0
L01FX25,L,mah_national,1,1,0,,,,,
L01FX26,L,batch_release,1,2,0,2,DE,0.5,5000.0,1.0
L01FX26,L,bio_api,1,1,0,1,IT,1.0,10000.0,1.0
L01FX26,L,mah_national,1,1,0,,,,,
L01FX27,L,batch_release,1,1,0,1,IT,1.0,10000.0,1.0
L01FX27,L,bio_api,1,1,0,1,US,1.0,10000.0,0.0
L01FX28,L,batch_release,1,1,0,1,DE,1.0,10000.0,1.0
L01FX28,L,bio_api,1,1,0,1,DE,1.0,10000.0,1.0
L01FX28,L,mah_national,1,1,0,,,,,
L01FX29,L,batch_release,1,2,0,2,BE,0.5,5000.0,1.0
L01FX29,L,bio_api,1,1,0,1,IE,1.0,10000.0,1.0
L01FX29,L,mah_national,1,1,0,,,,,
L01FX31,L,batch_release,1,1,0,1,IE,1.0,10000.0,1.0
L01FX31,L,bio_api,1,1,0,1,US,1.0,10000.0,0.0
L01FX31,L,mah_national,1,1,0,,,,,
L01FX34,L,mah_national,1,1,0,,,,,
L01FX35,L,batch_release,1,1,0,1,DE,1.0,10000.0,1.0
L01FX35,L,bio_api,1,2,0,2,CH,0.5,5000.0,0.0
L01FX35,L,mah_national,1,1,0,,,,,
L01FY02,L,batch_release,1,1,0,1,IE,1.0,10000.0,1.0
L01FY02,L,bio_api,1,1,0,1,US,1.0,10000.0,0.0
L01X,L,batch_release,1,1,0,1,NL,1.0,10000.0,1.0
L01X,L,bio_api,1,2,0,2,NL,0.5,5000.0,0.5
L01X,L,mah_national,8,7,0,,,,,
L01XA,L,mah_national,3,4,3,,,,,
L01XA01,L,api_cep,2,15,1,6,IN,0.4,2355.6,0.2
L01XA01,L,mah_national,1,2,1,,,,,
L01XA02,L,api_cep,1,18,1,7,IN,0.3889,2222.2,0.2222
L01XA02,L,mah_national,1,3,1,,,,,
L01XA03,L,api_cep,5,24,1,8,CN,0.2917,2048.6,0.1667
L01XA03,L,mah_national,1,2,1,,,,,
L01XC,L,mah_national,21,15,3,,,,,
L01XC02,L,batch_release,1,2,0,2,BE,0.5,5000.0,1.0
L01XC02,L,bio_api,1,5,0,4,US,0.4,2800.0,0.4
L01XC02,L,mah_national,1,4,0,,,,,
L01XC03,L,batch_release,1,3,0,3,BE,0.3333,3333.3,1.0
L01XC03,L,bio_api,1,2,0,2,TW,0.5,5000.0,0.0
L01XC03,L,mah_national,1,6,0,,,,,
L01XC05,L,batch_release,1,1,1,1,BE,1.0,10000.0,1.0
L01XC05,L,bio_api,1,1,1,1,US,1.0,10000.0,0.0
L01XC05,L,mah_national,1,1,1,,,,,
L01XC06,L,mah_national,2,1,0,,,,,
L01XC07,L,batch_release,1,5,0,4,BE,0.4,2800.0,1.0
L01XC07,L,bio_api,1,5,0,3,US,0.6,4400.0,0.0
L01XC07,L,mah_national,1,7,0,,,,,
L01XC08,L,batch_release,1,3,0,3,BE,0.3333,3333.3,1.0
L01XC08,L,bio_api,1,1,0,1,US,1.0,10000.0,0.0
L01XC08,L,mah_national,1,1,0,,,,,
L01XC10,L,mah_national,1,1,0,,,,,
L01XC11,L,mah_national,1,1,0,,,,,
L01XC13,L,mah_national,1,1,0,,,,,
L01XC15,L,mah_national,1,1,1,,,,,
L01XC16,L,mah_national,1,1,0,,,,,
L01XC19,L,mah_national,2,1,0,,,,,
L01XC24,L,mah_national,1,1,1,,,,,
L01XC25,L,batch_release,1,3,0,2,NL,0.6667,5555.6,1.0
L01XC25,L,bio_api,1,2,0,2,CH,0.5,5000.0,0.0
L01XC25,L,mah_national,1,1,0,,,,,
L01XC26,L,mah_national,1,1,1,,,,,
L01XC27,L,mah_national,1,1,0,,,,,
L01XC28,L,batch_release,1,1,1,1,SE,1.0,10000.0,1.0
L01XC28,L,bio_api,1,3,1,3,DE,0.3333,3333.3,0.3333
L01XC28,L,mah_national,1,1,1,,,,,
L01XC32,L,batch_release,1,1,0,1,DE,1.0,10000.0,1.0
L01XC32,L,bio_api,1,2,0,2,CH,0.5,5000.0,0.5
L01XC32,L,mah_national,1,1,0,,,,,
L01XC33,L,batch_release,1,1,0,1,IE,1.0,10000.0,1.0
L01XC33,L,bio_api,1,2,0,2,IE,0.5,5000.0,0.5
L01XC33,L,mah_national,1,1,0,,,,,
L01XC35,L,mah_national,1,1,0,,,,,
L01XC38,L,batch_release,1,1,0,1,DE,1.0,10000.0,1.0
L01XC38,L,bio_api,1,2,0,2,FR,0.5,5000.0,0.5
L01XC38,L,mah_national,2,2,0,,,,,
L01XC40,L,mah_national,1,1,0,,,,,
L01XC41,L,mah_national,1,1,0,,,,,
L01XD,L,mah_national,3,4,0,,,,,
L01XD03,L,mah_national,1,1,0,,,,,
L01XD04,L,batch_release,1,3,0,1,DE,1.0,10000.0,1.0
L01XD04,L,mah_national,1,2,0,,,,,
L01XD05,L,batch_release,1,1,0,1,DE,1.0,10000.0,1.0
L01XD07,L,batch_release,1,1,0,1,ES,1.0,10000.0,1.0
L01XD07,L,mah_national,1,1,0,,,,,
L01XE,L,batch_release,7,12,0,8,DE,0.25,1666.7,1.0
L01XE,L,mah_national,26,20,1,,,,,
L01XE01,L,api_cep,1,18,0,6,IN,0.5556,3703.7,0.1111
L01XE01,L,mah_national,1,5,0,,,,,
L01XE02,L,api_cep,1,14,0,4,IN,0.5,3877.6,0.1429
L01XE02,L,batch_release,1,2,0,2,GB,0.5,5000.0,0.5
L01XE02,L,mah_national,1,1,0,,,,,
L01XE04,L,mah_national,1,3,0,,,,,
L01XE05,L,mah_national,1,1,0,,,,,
L01XE06,L,mah_national,1,4,0,,,,,
L01XE08,L,mah_national,1,1,1,,,,,
L01XE09,L,batch_release,1,1,0,1,IT,1.0,10000.0,1.0
L01XE09,L,mah_national,1,1,0,,,,,
L01XE10,L,api_cep,1,1,0,1,TW,1.0,10000.0,0.0
L01XE10,L,batch_release,1,3,0,3,DE,0.3333,3333.3,1.0
L01XE10,L,mah_national,2,2,0,,,,,
L01XE11,L,batch_release,1,5,0,3,ES,0.4,3600.0,1.0
L01XE11,L,mah_national,1,2,0,,,,,
L01XE12,L,mah_national,1,1,0,,,,,
L01XE13,L,batch_release,1,3,0,2,FR,0.6667,5555.6,1.0
L01XE13,L,mah_national,1,1,0,,,,,
L01XE16,L,mah_national,1,1,0,,,,,
L01XE18,L,mah_national,1,1,0,,,,,
L01XE21,L,mah_national,1,1,0,,,,,
L01XE23,L,mah_national,1,1,1,,,,,
L01XE24,L,mah_national,1,1,0,,,,,
L01XE25,L,mah_national,1,1,1,,,,,
L01XE26,L,mah_national,1,1,0,,,,,
L01XE27,L,mah_national,1,1,1,,,,,
L01XE28,L,mah_national,1,1,0,,,,,
L01XE29,L,batch_release,1,1,0,1,DE,1.0,10000.0,1.0
L01XE29,L,mah_national,1,1,0,,,,,
L01XE31,L,mah_national,1,1,0,,,,,
L01XE33,L,mah_national,1,1,0,,,,,
L01XE34,L,mah_national,1,1,0,,,,,
L01XE38,L,batch_release,1,1,0,1,DE,1.0,10000.0,1.0
L01XE39,L,mah_national,1,1,0,,,,,
L01XE41,L,mah_national,1,1,0,,,,,
L01XE43,L,batch_release,1,2,0,2,AT,0.5,5000.0,1.0
L01XE43,L,mah_national,1,1,0,,,,,
L01XE44,L,mah_national,1,1,0,,,,,
L01XE51,L,mah_national,2,2,0,,,,,
L01XE53,L,batch_release,1,1,0,1,DE,1.0,10000.0,1.0
L01XE53,L,mah_national,1,1,0,,,,,
L01XF01,L,api_cep,1,5,1,5,CH,0.2,2000.0,0.4
L01XF01,L,mah_national,1,1,1,,,,,
L01XF03,L,batch_release,1,1,0,1,FR,1.0,10000.0,1.0
L01XG01,L,batch_release,1,4,0,4,BE,0.25,2500.0,1.0
L01XG01,L,mah_national,1,1,0,,,,,
L01XG03,L,batch_release,1,2,0,2,DE,0.5,5000.0,1.0
L01XH03,L,batch_release,1,1,0,1,ES,1.0,10000.0,1.0
L01XJ01,L,mah_national,1,1,1,,,,,
L01XJ02,L,batch_release,1,1,0,1,NL,1.0,10000.0,1.0
L01XK01,L,batch_release,1,1,0,1,SE,1.0,10000.0,1.0
L01XK02,L,batch_release,1,3,0,2,IE,0.6667,5555.6,1.0
L01XK02,L,mah_national,1,1,0,,,,,
L01XK04,L,batch_release,1,1,0,1,DE,1.0,10000.0,1.0
L01XK04,L,mah_national,1,2,0,,,,,
L01XK52,L,mah_national,2,1,0,,,,,
L01XL,L,batch_release,1,1,0,1,DE,1.0,10000.0,1.0
L01XL,L,bio_api,1,1,0,1,GB,1.0,10000.0,0.0
L01XL04,L,batch_release,1,1,0,1,DE,1.0,10000.0,1.0
L01XL04,L,bio_api,1,3,0,3,CH,0.3333,3333.3,0.3333
L01XL05,L,batch_release,1,2,0,2,BE,0.5,5000.0,1.0
L01XL05,L,bio_api,1,2,0,2,BE,0.5,5000.0,0.5
L01XL05,L,mah_national,1,1,0,,,,,
L01XL06,L,mah_national,1,1,0,,,,,
L01XL08,L,batch_release,1,2,0,1,NL,1.0,10000.0,1.0
L01XL08,L,bio_api,1,2,0,1,US,1.0,10000.0,0.0
L01XL09,L,mah_national,1,1,0,,,,,
L01XL12,L,mah_national,1,1,0,,,,,
L01XM02,L,batch_release,1,1,0,1,FR,1.0,10000.0,1.0
L01XM02,L,mah_national,1,1,0,,,,,
L01XM04,L,batch_release,1,1,0,1,IE,1.0,10000.0,1.0
L01XM04,L,mah_national,1,1,0,,,,,
L01XX,L,batch_release,1,3,0,3,AT,0.3333,3333.3,0.6667
L01XX,L,mah_national,19,31,3,,,,,
L01XX01,L,mah_national,1,1,0,,,,,
L01XX02,L,batch_release,2,2,0,2,DE,0.5,5000.0,1.0
L01XX02,L,bio_api,2,2,0,2,DE,0.5,5000.0,1.0
L01XX02,L,mah_national,2,3,0,,,,,
L01XX05,L,api_cep,1,4,1,3,IT,0.5,3750.0,0.5
L01XX05,L,batch_release,1,3,1,3,DE,0.3333,3333.3,1.0
L01XX05,L,mah_national,1,3,1,,,,,
L01XX08,L,mah_national,1,1,0,,,,,
L01XX09,L,mah_national,1,1,0,,,,,
L01XX17,L,mah_national,1,4,1,,,,,
L01XX19,L,mah_national,1,4,0,,,,,
L01XX23,L,batch_release,1,2,1,2,FR,0.5,5000.0,1.0
L01XX23,L,mah_national,1,1,1,,,,,
L01XX24,L,batch_release,1,1,1,1,FR,1.0,10000.0,1.0
L01XX24,L,bio_api,1,1,1,1,US,1.0,10000.0,0.0
L01XX24,L,mah_national,1,1,1,,,,,
L01XX25,L,mah_national,1,1,0,,,,,
L01XX27,L,batch_release,1,6,0,5,DE,0.3333,2222.2,0.8333
L01XX27,L,mah_national,1,3,0,,,,,
L01XX32,L,batch_release,1,2,0,2,GR,0.5,5000.0,1.0
L01XX32,L,mah_national,2,11,0,,,,,
L01XX33,L,api_cep,1,30,0,6,IN,0.6,4222.2,0.1
L01XX35,L,batch_release,1,3,0,3,ES,0.3333,3333.3,1.0
L01XX35,L,mah_national,1,4,0,,,,,
L01XX41,L,batch_release,1,3,0,1,DE,1.0,10000.0,1.0
L01XX41,L,mah_national,1,7,0,,,,,
L01XX43,L,batch_release,1,1,1,1,DE,1.0,10000.0,1.0
L01XX44,L,batch_release,1,1,0,1,DE,1.0,10000.0,1.0
L01XX44,L,bio_api,1,2,0,2,IE,0.5,5000.0,0.5
L01XX44,L,mah_national,1,1,0,,,,,
L01XX45,L,batch_release,1,3,0,3,BE,0.3333,3333.3,1.0
L01XX45,L,mah_national,1,1,0,,,,,
L01XX46,L,mah_national,1,1,0,,,,,
L01XX47,L,batch_release,1,1,0,1,IE,1.0,10000.0,1.0
L01XX47,L,mah_national,1,1,0,,,,,
L01XX50,L,mah_national,1,1,0,,,,,
L01XX51,L,batch_release,1,2,0,2,BE,0.5,5000.0,1.0
L01XX51,L,bio_api,1,2,0,2,DE,0.5,5000.0,0.5
L01XX54,L,mah_national,1,1,0,,,,,
L01XX55,L,mah_national,1,1,0,,,,,
L01XX63,L,batch_release,1,1,0,1,DE,1.0,10000.0,1.0
L01XX63,L,mah_national,1,1,0,,,,,
L01XX65,L,mah_national,1,1,0,,,,,
L01XX66,L,batch_release,1,2,0,2,DE,0.5,5000.0,1.0
L01XX66,L,mah_national,1,1,0,,,,,
L01XX67,L,batch_release,1,1,0,1,NL,1.0,10000.0,1.0
L01XX67,L,bio_api,1,1,0,1,US,1.0,10000.0,0.0
L01XX67,L,mah_national,1,1,0,,,,,
L01XX70,L,batch_release,1,1,0,1,NL,1.0,10000.0,1.0
L01XX70,L,bio_api,1,2,0,2,NL,0.5,5000.0,0.5
L01XX73,L,batch_release,1,2,0,2,BE,0.5,5000.0,1.0
L01XX73,L,mah_national,1,1,0,,,,,
L01XX74,L,batch_release,1,1,0,1,NL,1.0,10000.0,1.0
L01XX74,L,mah_national,1,1,0,,,,,
L01XX75,L,batch_release,1,1,0,1,NL,1.0,10000.0,1.0
L01XX75,L,bio_api,1,1,0,1,DK,1.0,10000.0,1.0
L01XX77,L,batch_release,1,1,0,1,IE,1.0,10000.0,1.0
L01XX77,L,mah_national,1,1,0,,,,,
L01XX80,L,batch_release,1,1,0,1,NL,1.0,10000.0,1.0
L01XX80,L,mah_national,1,1,0,,,,,
L01XX81,L,batch_release,1,1,0,1,IE,1.0,10000.0,1.0
L01XX81,L,mah_national,1,1,0,,,,,
L01XY,L,batch_release,1,1,0,1,DE,1.0,10000.0,1.0
L01XY,L,bio_api,1,3,0,3,DE,0.3333,3333.3,0.3333
L01XY,L,mah_national,2,1,1,,,,,
L01XY01,L,batch_release,1,1,0,1,IE,1.0,10000.0,1.0
L01XY01,L,mah_national,2,1,1,,,,,
L01XY02,L,mah_national,2,1,0,,,,,
L01XY03,L,mah_national,2,1,1,,,,,
L02AB,L,mah_national,1,3,0,,,,,
L02AB01,L,mah_national,1,4,0,,,,,
L02AE,L,mah_national,3,7,0,,,,,
L02AE02,L,mah_national,1,7,0,,,,,
L02AE03,L,mah_national,1,3,0,,,,,
L02AE04,L,mah_national,1,5,0,,,,,
L02BA,L,batch_release,2,3,0,3,DE,0.3333,3333.3,1.0
L02BA,L,mah_national,5,9,1,,,,,
L02BA01,L,api_cep,1,6,1,4,DE,0.5,3333.3,1.0
L02BA01,L,mah_national,1,2,1,,,,,
L02BA02,L,batch_release,1,1,0,1,FI,1.0,10000.0,1.0
L02BA02,L,mah_national,1,1,0,,,,,
L02BA03,L,api_cep,1,9,0,6,CN,0.3333,2098.8,0.4444
L02BA03,L,batch_release,1,3,0,3,DE,0.3333,3333.3,1.0
L02BA03,L,mah_national,1,7,0,,,,,
L02BA04,L,mah_national,1,1,0,,,,,
L02BB,L,batch_release,1,2,0,2,DE,0.5,5000.0,1.0
L02BB,L,mah_national,2,8,0,,,,,
L02BB03,L,mah_national,1,7,0,,,,,
L02BB04,L,batch_release,1,8,0,5,GR,0.25,2187.5,1.0
L02BB04,L,mah_national,1,10,0,,,,,
L02BB05,L,batch_release,1,1,0,1,IT,1.0,10000.0,1.0
L02BB05,L,mah_national,1,1,0,,,,,
L02BB06,L,mah_national,1,1,0,,,,,
L02BG,L,mah_national,3,12,0,,,,,
L02BG03,L,mah_national,1,10,0,,,,,
L02BG04,L,mah_national,1,9,0,,,,,
L02BG06,L,mah_national,1,6,0,,,,,
L02BX,L,batch_release,1,2,0,2,NL,0.5,5000.0,1.0
L02BX,L,mah_national,3,3,0,,,,,
L02BX02,L,batch_release,1,1,0,1,DE,1.0,10000.0,1.0
L02BX02,L,mah_national,1,2,0,,,,,
L02BX03,L,batch_release,1,10,0,9,ES,0.2,1200.0,1.0
L02BX03,L,mah_national,1,10,0,,,,,
L02BX04,L,mah_national,1,1,0,,,,,
L03,L,batch_release,1,1,0,1,IT,1.0,10000.0,1.0
L03,L,bio_api,1,1,0,1,IT,1.0,10000.0,1.0
L03,L,mah_national,1,1,0,,,,,
L03AA,L,mah_national,5,9,0,,,,,
L03AA02,L,batch_release,1,7,0,6,AT,0.2857,1836.7,1.0
L03AA02,L,bio_api,1,5,0,4,IN,0.4,2800.0,0.6
L03AA02,L,mah_national,2,8,0,,,,,
L03AA09,L,batch_release,1,1,0,1,DE,1.0,10000.0,1.0
L03AA09,L,bio_api,1,1,0,1,US,1.0,10000.0,0.0
L03AA09,L,mah_national,1,1,0,,,,,
L03AA10,L,mah_national,1,1,0,,,,,
L03AA13,L,batch_release,1,13,0,8,AT,0.2308,1479.3,1.0
L03AA13,L,bio_api,1,9,0,8,IN,0.3,1600.0,0.4
L03AA13,L,mah_national,1,8,0,,,,,
L03AA14,L,mah_national,2,1,0,,,,,
L03AA18,L,batch_release,1,1,0,1,DE,1.0,10000.0,1.0
L03AA18,L,bio_api,1,1,0,1,CN,1.0,10000.0,0.0
L03AA18,L,mah_national,1,1,0,,,,,
L03AB,L,mah_national,4,4,1,,,,,
L03AB05,L,mah_national,1,1,0,,,,,
L03AB07,L,batch_release,1,3,0,3,DK,0.3333,3333.3,1.0
L03AB07,L,bio_api,1,2,0,2,CH,0.5,5000.0,0.0
L03AB07,L,mah_national,2,2,0,,,,,
L03AB08,L,batch_release,1,1,0,1,DE,1.0,10000.0,1.0
L03AB08,L,bio_api,1,1,0,1,AT,1.0,10000.0,1.0
L03AB08,L,mah_national,1,1,0,,,,,
L03AB11,L,batch_release,1,2,1,1,AT,1.0,10000.0,1.0
L03AB11,L,bio_api,1,1,1,1,DE,1.0,10000.0,1.0
L03AB11,L,mah_national,1,1,1,,,,,
L03AB13,L,batch_release,1,2,0,2,DK,0.5,5000.0,1.0
L03AB13,L,bio_api,1,1,0,1,US,1.0,10000.0,0.0
L03AB13,L,mah_national,1,1,0,,,,,
L03AB15,L,batch_release,1,1,0,1,AT,1.0,10000.0,1.0
L03AB15,L,bio_api,1,1,0,1,TW,1.0,10000.0,0.0
L03AB15,L,mah_national,1,1,0,,,,,
L03AC03,L,batch_release,1,1,0,1,NL,1.0,10000.0,1.0
L03AC03,L,bio_api,1,1,0,1,US,1.0,10000.0,0.0
L03AC03,L,mah_national,2,1,0,,,,,
L03AX,L,mah_national,6,8,2,,,,,
L03AX03,L,mah_national,2,2,0,,,,,
L03AX11,L,batch_release,1,1,0,1,BE,1.0,10000.0,1.0
L03AX11,L,bio_api,1,1,0,1,DK,1.0,10000.0,1.0
L03AX11,L,mah_national,1,1,0,,,,,
L03AX13,L,mah_national,1,3,1,,,,,
L03AX14,L,api_cep,1,2,0,2,ES,0.5,5000.0,1.0
L03AX14,L,mah_national,1,1,0,,,,,
L03AX15,L,batch_release,1,1,0,1,ES,1.0,10000.0,1.0
L03AX15,L,mah_national,1,1,0,,,,,
L03AX16,L,batch_release,1,5,1,5,ES,0.2,2000.0,1.0
L03AX16,L,mah_national,1,4,1,,,,,
L03AX22,L,mah_national,1,1,0,,,,,
L03AX24,L,mah_national,1,1,0,,,,,
L04,L,batch_release,3,4,0,3,ES,0.5,3750.0,1.0
L04,L,bio_api,1,1,0,1,KR,1.0,10000.0,0.0
L04,L,mah_national,2,2,0,,,,,
L04A,L,batch_release,1,3,0,3,DE,0.3333,3333.3,1.0
L04A,L,mah_national,2,2,0,,,,,
L04AA,L,batch_release,3,5,0,4,IE,0.4,2800.0,1.0
L04AA,L,bio_api,2,2,0,2,LT,0.5,5000.0,0.5
L04AA,L,mah_national,31,30,2,,,,,
L04AA03,L,mah_national,1,1,0,,,,,
L04AA04,L,mah_national,2,2,0,,,,,
L04AA05,L,mah_national,1,1,1,,,,,
L04AA06,L,api_cep,1,14,0,6,IN,0.5,3163.3,0.2857
L04AA06,L,batch_release,1,6,0,4,DE,0.5,3333.3,1.0
L04AA06,L,mah_national,3,8,0,,,,,
L04AA10,L,mah_national,1,2,1,,,,,
L04AA13,L,api_cep,1,6,0,3,IN,0.6667,5000.0,0.0
L04AA13,L,mah_national,1,5,0,,,,,
L04AA18,L,mah_national,1,1,0,,,,,
L04AA23,L,mah_national,1,2,0,,,,,
L04AA24,L,batch_release,1,2,0,2,IE,0.5,5000.0,1.0
L04AA24,L,bio_api,1,1,0,1,US,1.0,10000.0,0.0
L04AA24,L,mah_national,1,1,0,,,,,
L04AA25,L,batch_release,1,2,0,2,GB,0.5,5000.0,0.5
L04AA25,L,bio_api,1,3,0,3,ES,0.3333,3333.3,0.6667
L04AA25,L,mah_national,1,2,0,,,,,
L04AA26,L,mah_national,1,1,0,,,,,
L04AA27,L,api_cep,1,15,0,5,IN,0.6667,4755.6,0.1333
L04AA27,L,batch_release,1,3,0,3,ES,0.3333,3333.3,1.0
L04AA27,L,mah_national,1,1,0,,,,,
L04AA28,L,batch_release,1,1,0,1,IE,1.0,10000.0,1.0
L04AA28,L,bio_api,1,2,0,2,KR,0.5,5000.0,0.0
L04AA28,L,mah_national,1,1,0,,,,,
L04AA29,L,mah_national,1,1,0,,,,,
L04AA31,L,mah_national,1,4,0,,,,,
L04AA32,L,batch_release,1,5,0,4,NL,0.4,2800.0,1.0
L04AA32,L,mah_national,1,9,0,,,,,
L04AA33,L,mah_national,1,1,0,,,,,
L04AA34,L,batch_release,1,1,0,1,IE,1.0,10000.0,1.0
L04AA34,L,bio_api,1,1,0,1,DE,1.0,10000.0,1.0
L04AA34,L,mah_national,1,1,0,,,,,
L04AA36,L,mah_national,1,1,0,,,,,
L04AA37,L,batch_release,1,1,0,1,ES,1.0,10000.0,1.0
L04AA37,L,mah_national,1,1,0,,,,,
L04AA38,L,batch_release,1,1,0,1,NL,1.0,10000.0,1.0
L04AA38,L,mah_national,1,1,0,,,,,
L04AA40,L,api_cep,1,6,0,4,CN,0.3333,2777.8,0.0
L04AA40,L,batch_release,1,3,0,3,DE,0.3333,3333.3,1.0
L04AA41,L,mah_national,1,1,0,,,,,
L04AA42,L,mah_national,2,1,0,,,,,
L04AA43,L,batch_release,1,3,0,2,IE,0.6667,5555.6,0.6667
L04AA43,L,bio_api,1,2,0,2,ES,0.5,5000.0,1.0
L04AA44,L,mah_national,1,1,0,,,,,
L04AA45,L,mah_national,1,1,0,,,,,
L04AA47,L,mah_national,1,1,0,,,,,
L04AA48,L,batch_release,1,1,0,1,FR,1.0,10000.0,1.0
L04AA48,L,mah_national,1,1,0,,,,,
L04AA50,L,mah_national,1,1,0,,,,,
L04AA52,L,batch_release,1,2,0,2,DE,0.5,5000.0,1.0
L04AA52,L,bio_api,1,1,0,1,US,1.0,10000.0,0.0
L04AA54,L,mah_national,1,1,0,,,,,
L04AA55,L,mah_national,1,1,0,,,,,
L04AA56,L,mah_national,1,1,0,,,,,
L04AA58,L,batch_release,1,1,0,1,BE,1.0,10000.0,1.0
L04AA58,L,bio_api,1,2,0,2,SG,0.5,5000.0,0.0
L04AA58,L,mah_national,1,1,0,,,,,
L04AA60,L,mah_national,1,1,0,,,,,
L04AA61,L,mah_national,1,1,0,,,,,
L04AA62,L,mah_national,1,1,0,,,,,
L04AB,L,mah_national,6,8,0,,,,,
L04AB01,L,batch_release,1,6,0,4,AT,0.3333,2777.8,1.0
L04AB01,L,bio_api,1,6,0,6,AT,0.1667,1666.7,0.5
L04AB01,L,mah_national,1,5,0,,,,,
L04AB02,L,batch_release,1,10,0,7,NL,0.3,1800.0,1.0
L04AB02,L,bio_api,1,9,0,6,KR,0.4444,2592.6,0.3333
L04AB02,L,mah_national,2,5,0,,,,,
L04AB04,L,batch_release,1,18,0,8,DE,0.2222,1543.2,1.0
L04AB04,L,bio_api,1,10,0,8,US,0.2727,1570.2,0.3636
L04AB04,L,mah_national,1,9,0,,,,,
L04AB05,L,batch_release,1,1,0,1,BE,1.0,10000.0,1.0
L04AB05,L,bio_api,1,1,0,1,CH,1.0,10000.0,0.0
L04AB05,L,mah_national,1,1,0,,,,,
L04AB06,L,batch_release,1,3,0,3,DE,0.3333,3333.3,1.0
L04AB06,L,bio_api,1,4,0,4,CN,0.25,2500.0,0.75
L04AB06,L,mah_national,1,3,0,,,,,
L04AC,L,batch_release,4,6,0,5,ES,0.3333,2222.2,1.0
L04AC,L,bio_api,4,5,0,5,CN,0.2,2000.0,0.4
L04AC,L,mah_national,11,8,2,,,,,
L04AC02,L,batch_release,1,2,1,2,DE,0.5,5000.0,1.0
L04AC02,L,bio_api,1,1,1,1,FR,1.0,10000.0,1.0
L04AC02,L,mah_national,1,1,1,,,,,
L04AC03,L,batch_release,1,1,1,1,SE,1.0,10000.0,1.0
L04AC03,L,bio_api,1,2,1,2,AT,0.5,5000.0,1.0
L04AC03,L,mah_national,1,1,1,,,,,
L04AC05,L,batch_release,1,16,0,10,NL,0.25,1406.2,1.0
L04AC05,L,bio_api,1,10,0,9,KR,0.2,1200.0,0.5
L04AC05,L,mah_national,1,10,0,,,,,
L04AC07,L,batch_release,1,6,0,4,DE,0.5,3333.3,1.0
L04AC07,L,bio_api,1,10,0,7,KR,0.3,1800.0,0.0
L04AC07,L,mah_national,1,5,0,,,,,
L04AC08,L,batch_release,1,3,0,3,DE,0.3333,3333.3,1.0
L04AC08,L,bio_api,1,1,0,1,FR,1.0,10000.0,1.0
L04AC08,L,mah_national,1,1,0,,,,,
L04AC10,L,batch_release,1,5,0,4,AT,0.4,2800.0,1.0
L04AC10,L,bio_api,1,3,0,3,AT,0.3333,3333.3,0.6667
L04AC10,L,mah_national,1,1,0,,,,,
L04AC11,L,batch_release,1,2,0,2,IT,0.5,5000.0,1.0
L04AC11,L,bio_api,1,4,0,3,US,0.5,3750.0,0.5
L04AC11,L,mah_national,1,1,0,,,,,
L04AC12,L,batch_release,1,2,0,2,DK,0.5,5000.0,1.0
L04AC12,L,bio_api,1,1,0,1,US,1.0,10000.0,0.0
L04AC12,L,mah_national,1,1,0,,,,,
L04AC13,L,batch_release,1,1,0,1,IT,1.0,10000.0,1.0
L04AC13,L,bio_api,1,1,0,1,IE,1.0,10000.0,1.0
L04AC13,L,mah_national,1,1,0,,,,,
L04AC14,L,batch_release,1,3,0,3,DE,0.3333,3333.3,1.0
L04AC14,L,bio_api,1,2,0,2,FR,0.5,5000.0,0.5
L04AC14,L,mah_national,1,1,0,,,,,
L04AC16,L,mah_national,1,1,0,,,,,
L04AC17,L,mah_national,1,1,0,,,,,
L04AC18,L,batch_release,1,3,0,2,DE,0.6667,5555.6,1.0
L04AC18,L,bio_api,1,4,0,4,DE,0.25,2500.0,0.25
L04AC18,L,mah_national,1,1,0,,,,,
L04AC19,L,mah_national,1,1,0,,,,,
L04AC21,L,mah_national,1,2,0,,,,,
L04AC22,L,batch_release,1,2,0,2,DE,0.5,5000.0,1.0
L04AC22,L,bio_api,1,1,0,1,DE,1.0,10000.0,1.0
L04AC22,L,mah_national,1,1,0,,,,,
L04AC24,L,mah_national,1,1,0,,,,,
L04AD,L,mah_national,2,6,2,,,,,
L04AD01,L,api_cep,1,11,1,8,CN,0.3636,1900.8,0.1818
L04AD01,L,mah_national,1,2,1,,,,,
L04AD02,L,api_cep,1,10,1,5,CN,0.4,2800.0,0.2
L04AD02,L,batch_release,1,10,1,9,DE,0.2,1200.0,1.0
L04AD02,L,mah_national,1,6,1,,,,,
L04AD03,L,batch_release,1,1,0,1,IE,1.0,10000.0,1.0
L04AD03,L,mah_national,1,1,0,,,,,
L04AE01,L,api_cep,1,15,0,5,IN,0.6667,4755.6,0.1333
L04AE01,L,batch_release,1,6,0,4,DE,0.3333,2777.8,1.0
L04AE01,L,mah_national,1,10,0,,,,,
L04AE04,L,batch_release,1,3,0,2,FR,0.6667,5555.6,1.0
L04AE05,L,batch_release,1,2,0,2,GB,0.5,5000.0,0.5
L04AE05,L,mah_national,1,1,0,,,,,
L04AF01,L,batch_release,1,2,0,2,BE,0.5,5000.0,1.0
L04AF01,L,mah_national,1,1,0,,,,,
L04AF02,L,mah_national,1,1,0,,,,,
L04AF04,L,batch_release,1,1,0,1,IT,1.0,10000.0,1.0
L04AF08,L,batch_release,1,1,0,1,DE,1.0,10000.0,1.0
L04AF08,L,mah_national,1,1,0,,,,,
L04AG03,L,batch_release,1,2,0,2,AT,0.5,5000.0,1.0
L04AG03,L,bio_api,1,3,0,3,DK,0.3333,3333.3,0.6667
L04AG04,L,batch_release,1,1,0,1,IT,1.0,10000.0,1.0
L04AG04,L,bio_api,1,2,0,2,KR,0.5,5000.0,0.0
L04AG08,L,batch_release,1,1,0,1,DE,1.0,10000.0,1.0
L04AG08,L,bio_api,1,2,0,2,SG,0.5,5000.0,0.0
L04AG08,L,mah_national,1,1,0,,,,,
L04AG11,L,batch_release,1,1,0,1,SE,1.0,10000.0,1.0
L04AG11,L,bio_api,1,1,0,1,US,1.0,10000.0,0.0
L04AG11,L,mah_national,1,1,0,,,,,
L04AG13,L,batch_release,1,2,0,2,BE,0.5,5000.0,1.0
L04AG13,L,bio_api,1,1,0,1,DK,1.0,10000.0,1.0
L04AG13,L,mah_national,1,1,0,,,,,
L04AG14,L,mah_national,1,1,0,,,,,
L04AG16,L,mah_national,1,1,0,,,,,
L04AH01,L,batch_release,1,4,1,3,DE,0.5,3750.0,1.0
L04AJ01,L,batch_release,1,4,0,3,NL,0.5,3750.0,1.0
L04AJ01,L,bio_api,1,2,0,2,AU,0.5,5000.0,0.0
L04AJ01,L,mah_national,1,1,0,,,,,
L04AJ02,L,mah_national,1,1,0,,,,,
L04AJ03,L,batch_release,1,1,0,1,SE,1.0,10000.0,1.0
L04AJ04,L,batch_release,1,2,0,2,DE,0.5,5000.0,1.0
L04AJ04,L,bio_api,1,1,0,1,US,1.0,10000.0,0.0
L04AJ05,L,mah_national,1,1,0,,,,,
L04AJ06,L,batch_release,1,1,0,1,BE,1.0,10000.0,1.0
L04AJ06,L,mah_national,1,1,0,,,,,
L04AJ07,L,batch_release,1,1,0,1,DE,1.0,10000.0,1.0
L04AJ07,L,bio_api,1,1,0,1,DE,1.0,10000.0,1.0
L04AJ07,L,mah_national,1,1,0,,,,,
L04AJ08,L,mah_national,1,1,0,,,,,
L04AJ09,L,batch_release,1,1,0,1,IE,1.0,10000.0,1.0
L04AJ09,L,mah_national,1,1,0,,,,,
L04AJ10,L,batch_release,1,1,0,1,IE,1.0,10000.0,1.0
L04AJ10,L,bio_api,1,1,0,1,CN,1.0,10000.0,0.0
L04AJ10,L,mah_national,1,1,0,,,,,
L04AK01,L,api_cep,1,6,0,3,IN,0.6667,5000.0,0.0
L04AK01,L,batch_release,1,6,0,3,DE,0.5,3888.9,1.0
L04AK01,L,mah_national,1,1,0,,,,,
L04AK02,L,api_cep,1,15,0,4,IN,0.8,6533.3,0.0667
L04AK02,L,batch_release,1,7,0,6,FR,0.2857,1836.7,1.0
L04AL02,L,batch_release,1,1,0,1,BE,1.0,10000.0,1.0
L04AL02,L,bio_api,1,1,0,1,KR,1.0,10000.0,0.0
L04AL03,L,batch_release,1,1,0,1,NL,1.0,10000.0,1.0
L04AL03,L,bio_api,1,1,0,1,CN,1.0,10000.0,0.0
L04AL03,L,mah_national,1,1,0,,,,,
L04AX,L,mah_national,7,12,2,,,,,
L04AX01,L,api_cep,1,13,0,7,IN,0.5385,3254.4,0.1538
L04AX01,L,batch_release,1,1,0,1,DE,1.0,10000.0,1.0
L04AX01,L,mah_national,1,5,0,,,,,
L04AX02,L,batch_release,1,2,1,2,DE,0.5,5000.0,1.0
L04AX02,L,mah_national,1,2,1,,,,,
L04AX03,L,api_cep,2,8,1,6,CN,0.25,1875.0,0.375
L04AX03,L,batch_release,1,3,1,3,BE,0.3333,3333.3,1.0
L04AX03,L,mah_national,1,6,1,,,,,
L04AX04,L,batch_release,1,7,0,6,NL,0.2857,1836.7,1.0
L04AX04,L,mah_national,1,9,0,,,,,
L04AX05,L,api_cep,1,23,0,3,IN,0.8261,6975.4,0.1739
L04AX05,L,batch_release,1,3,0,3,CY,0.3333,3333.3,1.0
L04AX05,L,mah_national,1,10,0,,,,,
L04AX06,L,batch_release,1,11,0,8,DE,0.2727,1570.2,1.0
L04AX06,L,mah_national,1,9,0,,,,,
L04AX07,L,batch_release,3,12,0,8,DE,0.1667,1388.9,1.0
L04AX07,L,mah_national,1,10,0,,,,,
L04AX09,L,mah_national,1,1,0,,,,,
L04AX10,L,batch_release,1,3,0,3,CY,0.3333,3333.3,1.0
L04AX10,L,mah_national,1,1,0,,,,,
M01,M,mah_national,1,1,0,,,,,
M01AB,M,mah_national,4,8,0,,,,,
M01AB05,M,mah_national,1,4,0,,,,,
M01AB16,M,mah_national,1,1,0,,,,,
M01AB55,M,mah_national,3,3,0,,,,,
M01AC,M,mah_national,1,1,0,,,,,
M01AC06,M,mah_national,1,1,0,,,,,
M01AE,M,mah_national,6,18,1,,,,,
M01AE01,M,mah_national,3,18,0,,,,,
M01AE02,M,mah_national,1,2,0,,,,,
M01AE17,M,mah_national,1,2,0,,,,,
M01AE51,M,mah_national,2,3,0,,,,,
M01AE52,M,mah_national,2,5,1,,,,,
M01AG,M,mah_national,1,2,0,,,,,
M01AG01,M,mah_national,1,2,0,,,,,
M01AH,M,mah_national,3,10,0,,,,,
M01AH01,M,mah_national,1,4,0,,,,,
M01AH04,M,batch_release,1,1,0,1,BE,1.0,10000.0,1.0
M01AH04,M,mah_national,1,2,0,,,,,
M01AH05,M,mah_national,1,9,0,,,,,
M01AX,M,mah_national,4,6,0,,,,,
M01AX01,M,mah_national,1,2,0,,,,,
M01AX05,M,mah_national,3,4,0,,,,,
M01CC01,M,api_cep,1,3,1,1,IN,1.0,10000.0,0.0
M02A,M,mah_national,5,1,0,,,,,
M02AA,M,mah_national,7,11,0,,,,,
M02AA06,M,mah_national,1,1,0,,,,,
M02AA08,M,mah_national,1,1,0,,,,,
M02AA10,M,mah_national,1,1,0,,,,,
M02AA13,M,mah_national,1,3,0,,,,,
M02AA15,M,mah_national,5,10,0,,,,,
M02AB,M,mah_national,1,1,0,,,,,
M02AB01,M,mah_national,1,1,0,,,,,
M02AC,M,mah_national,9,2,0,,,,,
M02AX,M,mah_national,1,1,0,,,,,
M02AX10,M,mah_national,1,1,0,,,,,
M03AB,M,mah_national,1,2,1,,,,,
M03AB01,M,api_cep,1,4,1,2,IN,0.75,6250.0,0.25
M03AB01,M,mah_national,1,3,1,,,,,
M03AC,M,mah_national,4,8,3,,,,,
M03AC04,M,api_cep,1,6,1,6,CN,0.1667,1666.7,0.6667
M03AC04,M,mah_national,1,3,1,,,,,
M03AC09,M,api_cep,1,11,1,5,CN,0.2727,2231.4,0.4545
M03AC09,M,mah_national,1,8,1,,,,,
M03AC10,M,mah_national,1,1,0,,,,,
M03AC11,M,api_cep,1,5,1,5,CN,0.2,2000.0,0.6
M03AC11,M,mah_national,1,3,1,,,,,
M03AX,M,mah_national,2,2,0,,,,,
M03AX01,M,batch_release,1,1,0,1,NL,1.0,10000.0,1.0
M03AX01,M,bio_api,1,1,0,1,KR,1.0,10000.0,0.0
M03AX01,M,mah_national,7,6,0,,,,,
M03BA,M,mah_national,1,1,0,,,,,
M03BA03,M,mah_national,1,1,0,,,,,
M03BX,M,mah_national,3,7,0,,,,,
M03BX01,M,mah_national,1,3,0,,,,,
M03BX02,M,mah_national,1,3,0,,,,,
M03BX04,M,mah_national,1,1,0,,,,,
M03CA,M,mah_national,1,1,1,,,,,
M03CA01,M,batch_release,1,1,0,1,NL,1.0,10000.0,1.0
M03CA01,M,mah_national,2,1,1,,,,,
M04AA,M,mah_national,2,8,0,,,,,
M04AA01,M,mah_national,1,5,0,,,,,
M04AA03,M,batch_release,1,6,0,4,DE,0.5,3333.3,1.0
M04AA03,M,mah_national,1,6,0,,,,,
M04AC,M,mah_national,1,2,0,,,,,
M04AC01,M,api_cep,1,9,0,2,IN,0.7778,6543.2,0.2222
M04AC01,M,mah_national,1,4,0,,,,,
M05BA,M,mah_national,9,22,0,,,,,
M05BA04,M,mah_national,3,7,0,,,,,
M05BA06,M,batch_release,1,14,0,10,PL,0.2143,1224.5,1.0
M05BA06,M,mah_national,2,9,0,,,,,
M05BA07,M,mah_national,2,5,0,,,,,
M05BA08,M,api_cep,1,11,0,6,IN,0.5455,3388.4,0.1818
M05BA08,M,batch_release,1,16,0,12,DE,0.125,937.5,1.0
M05BA08,M,mah_national,1,12,0,,,,,
M05BB,M,mah_national,3,2,0,,,,,
M05BB03,M,batch_release,1,3,0,3,BE,0.3333,3333.3,1.0
M05BB03,M,mah_national,4,3,0,,,,,
M05BC,M,mah_national,1,1,0,,,,,
M05BC01,M,batch_release,1,1,0,1,NL,1.0,10000.0,1.0
M05BC01,M,bio_api,1,1,0,1,US,1.0,10000.0,0.0
M05BC01,M,mah_national,1,1,0,,,,,
M05BX,M,batch_release,2,2,0,2,IE,0.5,5000.0,1.0
M05BX,M,bio_api,2,2,0,1,US,1.0,10000.0,0.0
M05BX,M,mah_national,4,4,0,,,,,
M05BX04,M,batch_release,1,21,0,11,DE,0.1905,1156.5,1.0
M05BX04,M,bio_api,1,14,0,10,IN,0.2143,1224.5,0.3571
M05BX04,M,mah_national,1,17,0,,,,,
M05BX05,M,batch_release,1,3,0,2,NL,0.6667,5555.6,1.0
M05BX05,M,bio_api,1,1,0,1,JP,1.0,10000.0,0.0
M05BX05,M,mah_national,1,1,0,,,,,
M05BX06,M,mah_national,1,1,0,,,,,
M05BX07,M,mah_national,1,1,0,,,,,
M09,M,batch_release,1,1,0,1,NL,1.0,10000.0,1.0
M09AX,M,mah_national,4,4,0,,,,,
M09AX02,M,batch_release,1,1,0,1,DE,1.0,10000.0,1.0
M09AX02,M,bio_api,1,1,0,1,DE,1.0,10000.0,1.0
M09AX02,M,mah_national,2,2,0,,,,,
M09AX03,M,mah_national,1,1,0,,,,,
M09AX07,M,mah_national,1,1,0,,,,,
M09AX09,M,batch_release,1,2,0,2,AT,0.5,5000.0,1.0
M09AX09,M,bio_api,1,1,0,1,US,1.0,10000.0,0.0
M09AX09,M,mah_national,1,1,0,,,,,
M09AX10,M,batch_release,1,1,0,1,DE,1.0,10000.0,1.0
M09AX10,M,mah_national,1,1,0,,,,,
M09AX14,M,batch_release,1,1,0,1,IT,1.0,10000.0,1.0
M09AX14,M,mah_national,1,1,0,,,,,
N01AB,N,mah_national,2,3,0,,,,,
N01AB07,N,mah_national,1,1,0,,,,,
N01AB08,N,mah_national,1,3,0,,,,,
N01AH,N,mah_national,4,6,3,,,,,
N01AH01,N,api_cep,1,15,1,11,US,0.2667,1288.9,0.4
N01AH01,N,mah_national,1,3,1,,,,,
N01AH02,N,mah_national,1,1,0,,,,,
N01AH03,N,api_cep,1,6,1,5,US,0.3333,2222.2,0.5
N01AH03,N,batch_release,1,1,1,1,FR,1.0,10000.0,1.0
N01AH03,N,mah_national,1,1,1,,,,,
N01AH06,N,api_cep,1,8,1,8,CH,0.125,1250.0,0.5
N01AH06,N,mah_national,1,3,1,,,,,
N01AX,N,mah_national,4,7,2,,,,,
N01AX03,N,api_cep,1,6,1,3,IN,0.5,3888.9,0.3333
N01AX03,N,mah_national,1,1,1,,,,,
N01AX10,N,api_cep,2,13,1,6,IN,0.3846,2307.7,0.2308
N01AX10,N,mah_national,1,4,1,,,,,
N01AX13,N,mah_national,2,2,0,,,,,
N01AX14,N,api_cep,1,4,1,2,DE,0.5,5000.0,0.5
N01AX63,N,mah_national,2,1,0,,,,,
N01BA,N,mah_national,1,1,0,,,,,
N01BA03,N,mah_national,1,1,0,,,,,
N01BB,N,mah_national,17,18,2,,,,,
N01BB01,N,api_cep,1,8,0,6,IN,0.375,2187.5,0.5
N01BB01,N,batch_release,1,1,0,1,IE,1.0,10000.0,1.0
N01BB01,N,mah_national,2,5,0,,,,,
N01BB02,N,mah_national,1,10,1,,,,,
N01BB03,N,mah_national,1,1,0,,,,,
N01BB04,N,mah_national,2,1,2,,,,,
N01BB09,N,mah_national,1,3,0,,,,,
N01BB10,N,mah_national,2,2,0,,,,,
N01BB20,N,batch_release,1,2,0,1,IT,1.0,10000.0,1.0
N01BB20,N,mah_national,2,3,1,,,,,
N01BB51,N,mah_national,2,1,1,,,,,
N01BB52,N,mah_national,10,7,2,,,,,
N01BB54,N,mah_national,2,1,0,,,,,
N01BB58,N,mah_national,2,2,1,,,,,
N01BX,N,mah_national,1,1,0,,,,,
N01BX04,N,batch_release,1,1,0,1,DE,1.0,10000.0,1.0
N01BX04,N,mah_national,1,1,0,,,,,
N02,N,batch_release,1,3,0,2,IT,0.6667,5555.6,1.0
N02,N,bio_api,1,1,0,1,US,1.0,10000.0,0.0
N02AA,N,mah_national,8,10,2,,,,,
N02AA01,N,api_cep,1,4,1,4,ES,0.25,2500.0,0.75
N02AA01,N,mah_national,1,5,1,,,,,
N02AA03,N,mah_national,1,3,0,,,,,
N02AA05,N,mah_national,1,5,0,,,,,
N02AA08,N,mah_national,2,1,0,,,,,
N02AA51,N,mah_national,3,1,1,,,,,
N02AA55,N,mah_national,2,4,1,,,,,
N02AB,N,mah_national,3,9,1,,,,,
N02AB02,N,mah_national,1,1,0,,,,,
N02AB03,N,api_cep,1,15,1,11,US,0.2667,1288.9,0.4
N02AB03,N,batch_release,1,3,1,3,DE,0.3333,3333.3,1.0
N02AB03,N,mah_national,2,9,1,,,,,
N02AE,N,mah_national,1,5,0,,,,,
N02AE01,N,mah_national,1,5,0,,,,,
N02AJ,N,mah_national,6,13,2,,,,,
N02AJ06,N,mah_national,3,10,2,,,,,
N02AJ08,N,mah_national,2,2,0,,,,,
N02AJ13,N,mah_national,2,4,1,,,,,
N02AJ14,N,mah_national,2,1,0,,,,,
N02AX,N,mah_national,4,7,1,,,,,
N02AX02,N,mah_national,1,5,0,,,,,
N02AX05,N,mah_national,1,1,0,,,,,
N02AX06,N,mah_national,1,5,0,,,,,
N02AX52,N,mah_national,2,1,1,,,,,
N02B,N,mah_national,2,1,0,,,,,
N02BA,N,mah_national,7,4,1,,,,,
N02BA01,N,mah_national,4,3,0,,,,,
N02BA03,N,mah_national,2,1,0,,,,,
N02BA11,N,batch_release,1,1,0,1,FR,1.0,10000.0,1.0
N02BA11,N,mah_national,1,1,0,,,,,
N02BA51,N,mah_national,2,1,1,,,,,
N02BE,N,mah_national,15,21,2,,,,,
N02BE01,N,api_cep,3,20,1,8,CN,0.3,2150.0,0.2
N02BE01,N,mah_national,2,21,1,,,,,
N02BE51,N,mah_national,16,14,2,,,,,
N02BF01,N,mah_national,1,6,0,,,,,
N02BF02,N,api_cep,1,30,0,4,IN,0.8,6600.0,0.0333
N02BF02,N,batch_release,1,12,0,7,DE,0.3333,1944.4,1.0
N02BF02,N,mah_national,1,2,0,,,,,
N02BG,N,mah_national,2,2,0,,,,,
N02BG06,N,mah_national,1,1,0,,,,,
N02BG08,N,batch_release,1,1,0,1,DE,1.0,10000.0,1.0
N02BG08,N,mah_national,1,2,0,,,,,
N02BG09,N,mah_national,1,1,0,,,,,
N02BG10,N,mah_national,2,1,0,,,,,
N02C,N,mah_national,3,3,0,,,,,
N02CC,N,mah_national,8,13,0,,,,,
N02CC01,N,mah_national,1,4,0,,,,,
N02CC02,N,mah_national,1,2,0,,,,,
N02CC03,N,mah_national,1,4,0,,,,,
N02CC04,N,mah_national,1,1,0,,,,,
N02CC05,N,mah_national,1,1,0,,,,,
N02CC06,N,mah_national,1,4,0,,,,,
N02CC07,N,mah_national,1,4,0,,,,,
N02CC08,N,batch_release,1,1,0,1,ES,1.0,10000.0,1.0
N02CC08,N,mah_national,1,1,0,,,,,
N02CD,N,batch_release,1,1,0,1,DK,1.0,10000.0,1.0
N02CD,N,bio_api,1,1,0,1,AT,1.0,10000.0,1.0
N02CD01,N,batch_release,1,3,0,3,AT,0.5,3750.0,1.0
N02CD01,N,bio_api,1,2,0,2,SG,0.5,5000.0,0.0
N02CD03,N,batch_release,1,1,0,1,DE,1.0,10000.0,1.0
N02CD03,N,bio_api,1,2,0,2,KR,0.5,5000.0,0.0
N02CD03,N,mah_national,1,1,0,,,,,
N02CD05,N,mah_national,1,1,0,,,,,
N02CD06,N,batch_release,1,3,0,1,IE,1.0,10000.0,1.0
N02CD06,N,mah_national,1,1,0,,,,,
N02CD07,N,batch_release,1,1,0,1,IT,1.0,10000.0,1.0
N02CD07,N,mah_national,1,1,0,,,,,
N02CX,N,mah_national,2,2,0,,,,,
N02CX01,N,mah_national,1,1,0,,,,,
N02CX07,N,mah_national,1,1,0,,,,,
N02CX08,N,mah_national,1,1,0,,,,,
N03,N,batch_release,1,2,0,2,BE,0.5,5000.0,1.0
N03A,N,mah_national,1,5,0,,,,,
N03AA,N,mah_national,2,2,1,,,,,
N03AA02,N,api_cep,1,6,1,4,CN,0.3333,2777.8,0.3333
N03AA02,N,mah_national,1,1,1,,,,,
N03AA03,N,mah_national,1,1,0,,,,,
N03AB,N,mah_national,2,3,1,,,,,
N03AB02,N,api_cep,1,2,1,2,IN,0.5,5000.0,0.5
N03AB02,N,mah_national,1,2,1,,,,,
N03AB05,N,mah_national,1,1,0,,,,,
N03AD,N,mah_national,1,3,1,,,,,
N03AD01,N,api_cep,1,1,1,1,NL,1.0,10000.0,1.0
N03AD01,N,mah_national,1,4,1,,,,,
N03AE,N,mah_national,1,2,1,,,,,
N03AE01,N,api_cep,1,4,1,2,IN,0.75,6250.0,0.25
N03AE01,N,mah_national,1,2,1,,,,,
N03AF,N,mah_national,4,6,1,,,,,
N03AF01,N,api_cep,7,19,1,8,IN,0.3684,2022.2,0.4211
N03AF01,N,mah_national,1,3,1,,,,,
N03AF02,N,mah_national,1,4,0,,,,,
N03AF03,N,batch_release,1,1,0,1,DE,1.0,10000.0,1.0
N03AF03,N,mah_national,1,1,0,,,,,
N03AF04,N,batch_release,1,1,0,1,PT,1.0,10000.0,1.0
N03AF04,N,mah_national,1,1,0,,,,,
N03AG,N,mah_national,4,2,2,,,,,
N03AG01,N,api_cep,2,9,1,6,IN,0.4444,2592.6,0.3333
N03AG01,N,mah_national,2,2,1,,,,,
N03AG04,N,api_cep,1,4,1,1,IN,1.0,10000.0,0.0
N03AG04,N,batch_release,1,3,1,1,FR,1.0,10000.0,1.0
N03AG04,N,mah_national,1,2,1,,,,,
N03AG06,N,mah_national,1,1,0,,,,,
N03AX,N,api_cep,1,3,0,3,CH,0.3333,3333.3,0.3333
N03AX,N,batch_release,3,4,0,4,IE,0.25,2500.0,1.0
N03AX,N,mah_national,12,27,0,,,,,
N03AX03,N,mah_national,1,1,0,,,,,
N03AX09,N,mah_national,1,9,0,,,,,
N03AX11,N,mah_national,1,5,0,,,,,
N03AX14,N,api_cep,1,34,0,3,IN,0.7647,6280.3,0.0
N03AX14,N,batch_release,1,14,0,9,GR,0.2143,1428.6,1.0
N03AX14,N,mah_national,1,15,0,,,,,
N03AX15,N,batch_release,1,3,0,3,DE,0.3333,3333.3,1.0
N03AX15,N,mah_national,1,4,0,,,,,
N03AX16,N,api_cep,1,30,0,4,IN,0.8,6600.0,0.0333
N03AX16,N,batch_release,1,3,0,3,GR,0.3333,3333.3,1.0
N03AX16,N,mah_national,1,8,0,,,,,
N03AX17,N,batch_release,1,1,0,1,FR,1.0,10000.0,1.0
N03AX17,N,mah_national,1,1,0,,,,,
N03AX18,N,api_cep,1,23,0,3,IN,0.7826,6446.1,0.0435
N03AX18,N,batch_release,1,8,0,8,BE,0.125,1250.0,1.0
N03AX18,N,mah_national,1,7,0,,,,,
N03AX22,N,batch_release,1,1,0,1,DE,1.0,10000.0,1.0
N03AX22,N,mah_national,1,1,0,,,,,
N03AX23,N,api_cep,1,11,0,2,IN,0.6364,5371.9,0.0
N03AX23,N,mah_national,1,2,0,,,,,
N03AX25,N,mah_national,1,1,0,,,,,
N03AX26,N,mah_national,1,1,0,,,,,
N03AX27,N,mah_national,1,1,0,,,,,
N04,N,batch_release,1,1,0,1,PT,1.0,10000.0,1.0
N04,N,mah_national,1,1,0,,,,,
N04AA,N,mah_national,2,3,1,,,,,
N04AA02,N,api_cep,1,4,1,3,IN,0.5,3750.0,0.25
N04AA02,N,mah_national,1,1,1,,,,,
N04AA04,N,mah_national,1,3,0,,,,,
N04B,N,batch_release,1,2,0,2,DE,0.5,5000.0,1.0
N04B,N,mah_national,1,1,0,,,,,
N04BA,N,mah_national,7,8,0,,,,,
N04BA01,N,api_cep,1,13,0,5,CN,0.3846,2781.1,0.1538
N04BA01,N,batch_release,1,1,0,1,NL,1.0,10000.0,1.0
N04BA01,N,mah_national,1,1,0,,,,,
N04BA02,N,mah_national,4,8,0,,,,,
N04BA03,N,batch_release,1,1,0,1,FI,1.0,10000.0,1.0
N04BA03,N,mah_national,3,3,0,,,,,
N04BB01,N,mah_national,1,1,0,,,,,
N04BC,N,mah_national,5,11,0,,,,,
N04BC04,N,mah_national,1,5,0,,,,,
N04BC05,N,api_cep,1,17,0,7,IN,0.5882,3771.6,0.4118
N04BC05,N,batch_release,1,11,0,7,DE,0.3636,2066.1,1.0
N04BC05,N,mah_national,1,3,0,,,,,
N04BC06,N,mah_national,1,2,0,,,,,
N04BC07,N,mah_national,1,2,0,,,,,
N04BC09,N,api_cep,1,5,0,4,IN,0.4,2800.0,0.2
N04BC09,N,batch_release,1,1,0,1,BE,1.0,10000.0,1.0
N04BC09,N,mah_national,1,1,0,,,,,
N04BD,N,mah_national,3,6,0,,,,,
N04BD01,N,mah_national,1,1,0,,,,,
N04BD02,N,batch_release,1,5,0,5,CZ,0.2,2000.0,1.0
N04BD02,N,mah_national,2,5,0,,,,,
N04BX,N,mah_national,3,4,0,,,,,
N04BX01,N,batch_release,1,1,0,1,PL,1.0,10000.0,1.0
N04BX01,N,mah_national,1,1,0,,,,,
N04BX02,N,api_cep,1,13,0,6,IN,0.6154,4082.8,0.2308
N04BX02,N,batch_release,1,6,0,5,FI,0.3333,2222.2,1.0
N04BX02,N,mah_national,1,2,0,,,,,
N05AA,N,mah_national,2,3,0,,,,,
N05AA01,N,mah_national,1,2,0,,,,,
N05AA02,N,mah_national,1,1,0,,,,,
N05AB,N,mah_national,2,2,0,,,,,
N05AB04,N,mah_national,1,1,0,,,,,
N05AB06,N,mah_national,1,1,0,,,,,
N05AD,N,mah_national,1,2,1,,,,,
N05AD01,N,api_cep,1,8,1,4,IN,0.625,4375.0,0.375
N05AD01,N,mah_national,1,2,1,,,,,
N05AD08,N,mah_national,1,2,0,,,,,
N05AE,N,mah_national,2,2,0,,,,,
N05AE04,N,mah_national,1,1,0,,,,,
N05AE05,N,batch_release,1,1,0,1,IT,1.0,10000.0,1.0
N05AE05,N,mah_national,1,1,0,,,,,
N05AF,N,mah_national,2,1,0,,,,,
N05AF01,N,mah_national,1,1,0,,,,,
N05AF05,N,mah_national,1,1,0,,,,,
N05AH,N,mah_national,6,18,1,,,,,
N05AH01,N,batch_release,1,1,0,1,ES,1.0,10000.0,1.0
N05AH01,N,mah_national,1,1,0,,,,,
N05AH02,N,mah_national,1,3,0,,,,,
N05AH03,N,api_cep,5,23,1,5,IN,0.7391,5652.2,0.1739
N05AH03,N,batch_release,1,18,1,8,DE,0.3889,2222.2,1.0
N05AH03,N,mah_national,2,10,1,,,,,
N05AH04,N,mah_national,1,10,0,,,,,
N05AH05,N,batch_release,1,1,0,1,BE,1.0,10000.0,1.0
N05AH05,N,mah_national,1,1,0,,,,,
N05AL,N,mah_national,2,3,0,,,,,
N05AL01,N,mah_national,1,2,0,,,,,
N05AL05,N,mah_national,1,3,0,,,,,
N05AN,N,mah_national,2,3,0,,,,,
N05AN01,N,mah_national,2,3,0,,,,,
N05AX,N,mah_national,4,14,0,,,,,
N05AX08,N,api_cep,1,20,0,7,IN,0.55,3400.0,0.35
N05AX08,N,batch_release,1,1,0,1,ES,1.0,10000.0,1.0
N05AX08,N,mah_national,1,11,0,,,,,
N05AX12,N,api_cep,1,21,0,7,IN,0.619,4104.3,0.2381
N05AX12,N,batch_release,1,14,0,8,GR,0.2143,1428.6,1.0
N05AX12,N,mah_national,1,10,0,,,,,
N05AX13,N,batch_release,1,3,0,3,BE,0.3333,3333.3,1.0
N05AX13,N,mah_national,1,6,0,,,,,
N05AX15,N,batch_release,1,1,0,1,HU,1.0,10000.0,1.0
N05AX15,N,mah_national,1,1,0,,,,,
N05AX16,N,batch_release,1,2,0,2,DK,0.5,5000.0,1.0
N05AX16,N,mah_national,1,1,0,,,,,
N05BA,N,mah_national,6,13,2,,,,,
N05BA01,N,api_cep,1,6,1,3,IN,0.6667,5000.0,0.1667
N05BA01,N,mah_national,1,4,1,,,,,
N05BA02,N,mah_national,1,1,0,,,,,
N05BA06,N,api_cep,1,6,1,3,IN,0.5,3888.9,0.5
N05BA06,N,mah_national,1,4,1,,,,,
N05BA08,N,mah_national,1,1,0,,,,,
N05BA09,N,mah_national,1,5,0,,,,,
N05BA12,N,mah_national,1,5,0,,,,,
N05BB,N,mah_national,1,1,0,,,,,
N05BB01,N,mah_national,1,1,0,,,,,
N05CD,N,mah_national,5,7,1,,,,,
N05CD01,N,mah_national,1,1,0,,,,,
N05CD05,N,mah_national,1,1,0,,,,,
N05CD07,N,mah_national,1,1,0,,,,,
N05CD08,N,api_cep,1,8,1,5,IN,0.375,2500.0,0.375
N05CD08,N,batch_release,1,1,1,1,DE,1.0,10000.0,1.0
N05CD08,N,mah_national,1,9,1,,,,,
N05CD14,N,batch_release,1,2,0,1,DE,1.0,10000.0,1.0
N05CD14,N,mah_national,1,1,0,,,,,
N05CF,N,mah_national,2,6,0,,,,,
N05CF01,N,mah_national,1,6,0,,,,,
N05CF02,N,mah_national,1,4,0,,,,,
N05CH,N,batch_release,1,1,0,1,NL,1.0,10000.0,1.0
N05CH,N,mah_national,2,2,0,,,,,
N05CH01,N,api_cep,1,2,0,2,IN,0.5,5000.0,0.5
N05CH01,N,batch_release,1,3,0,3,DE,0.3333,3333.3,1.0
N05CH01,N,mah_national,1,5,0,,,,,
N05CH03,N,mah_national,1,1,0,,,,,
N05CJ03,N,batch_release,1,1,0,1,DE,1.0,10000.0,1.0
N05CJ03,N,mah_national,1,1,0,,,,,
N05CM,N,mah_national,1,2,1,,,,,
N05CM18,N,batch_release,1,1,1,1,FI,1.0,10000.0,1.0
N05CM18,N,mah_national,1,7,1,,,,,
N06,N,mah_national,1,1,0,,,,,
N06A,N,batch_release,1,1,0,1,NL,1.0,10000.0,1.0
N06A,N,mah_national,1,3,0,,,,,
N06AA,N,mah_national,7,9,0,,,,,
N06AA04,N,mah_national,1,1,0,,,,,
N06AA06,N,mah_national,1,1,0,,,,,
N06AA07,N,mah_national,1,1,0,,,,,
N06AA09,N,mah_national,1,5,0,,,,,
N06AA10,N,mah_national,1,1,0,,,,,
N06AA16,N,mah_national,2,2,0,,,,,
N06AB,N,mah_national,6,17,0,,,,,
N06AB03,N,mah_national,1,6,0,,,,,
N06AB04,N,mah_national,1,5,0,,,,,
N06AB05,N,mah_national,1,2,0,,,,,
N06AB06,N,mah_national,1,9,0,,,,,
N06AB08,N,mah_national,1,1,0,,,,,
N06AB10,N,mah_national,1,15,0,,,,,
N06AF,N,mah_national,1,1,0,,,,,
N06AF04,N,mah_national,1,2,0,,,,,
N06AG,N,mah_national,1,1,0,,,,,
N06AG02,N,mah_national,1,1,0,,,,,
N06AX,N,mah_national,7,19,0,,,,,
N06AX05,N,mah_national,1,4,0,,,,,
N06AX11,N,mah_national,1,6,0,,,,,
N06AX12,N,mah_national,1,5,0,,,,,
N06AX16,N,mah_national,1,12,0,,,,,
N06AX18,N,mah_national,1,1,0,,,,,
N06AX21,N,api_cep,1,29,0,8,IN,0.5172,3269.9,0.2414
N06AX21,N,batch_release,1,4,0,4,DE,0.25,2500.0,1.0
N06AX21,N,mah_national,1,5,0,,,,,
N06AX22,N,batch_release,1,4,0,4,ES,0.25,2500.0,1.0
N06AX22,N,mah_national,1,2,0,,,,,
N06AX26,N,batch_release,1,1,0,1,DK,1.0,10000.0,1.0
N06AX26,N,mah_national,2,3,0,,,,,
N06AX27,N,api_cep,1,4,1,2,DE,0.5,5000.0,0.5
N06AX27,N,batch_release,1,1,1,1,BE,1.0,10000.0,1.0
N06AX27,N,mah_national,1,1,1,,,,,
N06AX31,N,mah_national,1,1,0,,,,,
N06BA,N,mah_national,4,7,0,,,,,
N06BA04,N,api_cep,1,15,0,7,IN,0.4,2533.3,0.1333
N06BA04,N,batch_release,1,2,0,2,DE,0.5,5000.0,1.0
N06BA04,N,mah_national,1,5,0,,,,,
N06BA07,N,mah_national,1,4,0,,,,,
N06BA09,N,mah_national,1,3,0,,,,,
N06BA12,N,mah_national,1,2,0,,,,,
N06BA14,N,batch_release,1,1,0,1,IE,1.0,10000.0,1.0
N06BA14,N,mah_national,1,1,0,,,,,
N06BC,N,mah_national,1,1,1,,,,,
N06BC01,N,api_cep,1,9,1,3,CN,0.6667,5061.7,0.2222
N06BC01,N,batch_release,1,4,1,3,FR,0.5,3750.0,1.0
N06BC01,N,mah_national,1,2,1,,,,,
N06BX,N,mah_national,1,1,0,,,,,
N06BX13,N,batch_release,1,1,0,1,DE,1.0,10000.0,1.0
N06BX13,N,mah_national,1,1,0,,,,,
N06DA,N,mah_national,3,15,0,,,,,
N06DA02,N,mah_national,1,8,0,,,,,
N06DA03,N,api_cep,1,14,0,7,IN,0.5,2959.2,0.4286
N06DA03,N,batch_release,1,7,0,4,DE,0.375,3125.0,1.0
N06DA03,N,mah_national,1,7,0,,,,,
N06DA04,N,mah_national,1,3,0,,,,,
N06DX,N,mah_national,1,8,0,,,,,
N06DX01,N,api_cep,1,7,0,4,IN,0.5714,3877.6,0.2857
N06DX01,N,batch_release,1,9,0,7,DE,0.2222,1604.9,1.0
N06DX01,N,mah_national,1,10,0,,,,,
N06DX04,N,batch_release,1,1,0,1,DE,1.0,10000.0,1.0
N06DX04,N,bio_api,1,1,0,1,CH,1.0,10000.0,0.0
N06DX04,N,mah_national,1,1,0,,,,,
N06DX05,N,batch_release,1,1,0,1,FR,1.0,10000.0,1.0
N06DX05,N,bio_api,1,1,0,1,IE,1.0,10000.0,1.0
N06DX05,N,mah_national,1,1,0,,,,,
N07,N,batch_release,3,3,0,3,AT,0.3333,3333.3,1.0
N07,N,bio_api,1,1,0,1,IT,1.0,10000.0,1.0
N07,N,mah_national,4,4,0,,,,,
N07AA,N,mah_national,3,3,0,,,,,
N07AA01,N,api_cep,1,1,1,1,AT,1.0,10000.0,1.0
N07AA02,N,mah_national,1,2,0,,,,,
N07AA51,N,mah_national,2,1,0,,,,,
N07AB01,N,mah_national,1,1,0,,,,,
N07BA,N,mah_national,5,9,0,,,,,
N07BA01,N,mah_national,2,7,0,,,,,
N07BA03,N,batch_release,1,2,0,2,DE,0.5,5000.0,1.0
N07BA03,N,mah_national,1,3,0,,,,,
N07BA04,N,mah_national,1,2,0,,,,,
N07BB,N,mah_national,4,6,0,,,,,
N07BB01,N,mah_national,1,1,0,,,,,
N07BB03,N,mah_national,1,3,0,,,,,
N07BB04,N,mah_national,1,2,0,,,,,
N07BB05,N,batch_release,1,2,0,2,DK,0.5,5000.0,1.0
N07BB05,N,mah_national,1,1,0,,,,,
N07BC,N,mah_national,3,9,1,,,,,
N07BC01,N,api_cep,1,17,0,10,IN,0.2941,1487.9,0.3529
N07BC01,N,batch_release,1,2,0,2,DE,0.5,5000.0,1.0
N07BC01,N,mah_national,1,4,0,,,,,
N07BC02,N,mah_national,1,6,0,,,,,
N07BC51,N,batch_release,1,3,0,3,IE,0.3333,3333.3,1.0
N07BC51,N,mah_national,2,3,1,,,,,
N07CA,N,mah_national,3,6,0,,,,,
N07CA01,N,mah_national,1,5,0,,,,,
N07CA02,N,mah_national,1,1,0,,,,,
N07CA52,N,mah_national,2,1,0,,,,,
N07X,N,api_cep,1,3,0,2,IN,0.6667,5555.6,0.3333
N07XX,N,mah_national,6,8,1,,,,,
N07XX02,N,batch_release,1,1,1,1,FR,1.0,10000.0,1.0
N07XX02,N,mah_national,1,2,1,,,,,
N07XX04,N,batch_release,1,1,0,1,BE,1.0,10000.0,1.0
N07XX04,N,mah_national,1,2,0,,,,,
N07XX05,N,batch_release,1,2,0,2,BE,0.5,5000.0,1.0
N07XX05,N,mah_national,2,1,0,,,,,
N07XX06,N,mah_national,1,2,0,,,,,
N07XX07,N,batch_release,1,6,0,6,ES,0.1667,1666.7,1.0
N07XX07,N,mah_national,1,3,0,,,,,
N07XX08,N,batch_release,1,3,0,3,BE,0.3333,3333.3,1.0
N07XX08,N,mah_national,1,1,0,,,,,
N07XX11,N,batch_release,1,2,0,1,FR,1.0,10000.0,1.0
N07XX11,N,mah_national,1,1,0,,,,,
N07XX16,N,batch_release,1,2,0,2,CZ,0.5,5000.0,1.0
N07XX16,N,mah_national,1,1,0,,,,,
N07XX18,N,batch_release,1,1,0,1,NL,1.0,10000.0,1.0
N07XX18,N,mah_national,1,1,0,,,,,
N07XX21,N,batch_release,1,1,0,1,SE,1.0,10000.0,1.0
N07XX21,N,mah_national,1,1,0,,,,,
N07XX22,N,batch_release,1,1,0,1,NL,1.0,10000.0,1.0
N07XX22,N,mah_national,1,1,0,,,,,
N07XX25,N,batch_release,1,2,0,2,IE,0.5,5000.0,1.0
N07XX25,N,mah_national,1,1,0,,,,,
N07XX27,N,batch_release,1,2,0,2,FR,0.5,5000.0,1.0
N07XX27,N,mah_national,1,1,0,,,,,
P01AB01,P,api_cep,2,10,1,3,IN,0.5,4200.0,0.1
P01AB01,P,mah_national,1,1,1,,,,,
P01BA,P,mah_national,3,2,0,,,,,
P01BA02,P,mah_national,1,1,0,,,,,
P01BB,P,mah_national,2,3,0,,,,,
P01BB51,P,mah_national,2,3,0,,,,,
P01BC,P,mah_national,1,1,0,,,,,
P01BC01,P,mah_national,1,1,0,,,,,
P01BE,P,mah_national,2,1,0,,,,,
P01BE03,P,batch_release,1,1,0,1,IE,1.0,10000.0,1.0
P01BE03,P,mah_national,1,1,0,,,,,
P01BE05,P,mah_national,2,1,0,,,,,
P01BF,P,mah_national,2,1,0,,,,,
P01BF05,P,batch_release,1,1,0,1,IT,1.0,10000.0,1.0
P01BF05,P,mah_national,2,1,0,,,,,
P01CX,P,mah_national,1,1,0,,,,,
P01CX01,P,mah_national,1,1,0,,,,,
P01CX03,P,mah_national,1,1,0,,,,,
P02CA,P,mah_national,1,1,0,,,,,
P02CA01,P,mah_national,1,1,0,,,,,
P02CA03,P,api_cep,2,8,1,3,IN,0.625,4687.5,0.0
P02CF01,P,mah_national,1,1,0,,,,,
P03AC,P,mah_national,1,2,0,,,,,
P03AC04,P,mah_national,1,2,0,,,,,
P03AX,P,mah_national,2,2,0,,,,,
P03AX01,P,mah_national,1,1,0,,,,,
P03AX03,P,mah_national,1,1,0,,,,,
R01AA,R,mah_national,2,3,0,,,,,
R01AA05,R,mah_national,1,1,0,,,,,
R01AA07,R,mah_national,1,2,0,,,,,
R01AB,R,mah_national,3,2,1,,,,,
R01AB06,R,mah_national,3,3,1,,,,,
R01AC,R,mah_national,1,1,0,,,,,
R01AC03,R,mah_national,1,1,0,,,,,
R01AD,R,mah_national,5,10,0,,,,,
R01AD01,R,mah_national,1,2,0,,,,,
R01AD08,R,mah_national,1,2,0,,,,,
R01AD09,R,mah_national,1,5,0,,,,,
R01AD11,R,mah_national,1,1,0,,,,,
R01AD12,R,api_cep,1,22,0,10,IN,0.2727,1652.9,0.5
R01AD12,R,batch_release,1,1,0,1,ES,1.0,10000.0,1.0
R01AD12,R,mah_national,1,2,0,,,,,
R01AD58,R,mah_national,2,6,0,,,,,
R01AD59,R,mah_national,2,2,0,,,,,
R01AX,R,mah_national,8,3,1,,,,,
R01AX03,R,mah_national,1,1,1,,,,,
R01AX10,R,mah_national,3,1,0,,,,,
R01BA,R,mah_national,7,4,0,,,,,
R01BA02,R,mah_national,2,1,0,,,,,
R01BA52,R,batch_release,1,1,0,1,BE,1.0,10000.0,1.0
R01BA52,R,mah_national,7,4,0,,,,,
R02AA,R,mah_national,8,4,1,,,,,
R02AA03,R,mah_national,5,2,1,,,,,
R02AA05,R,mah_national,2,1,1,,,,,
R02AA12,R,mah_national,1,1,0,,,,,
R02AA20,R,mah_national,2,1,0,,,,,
R02AX,R,mah_national,1,1,0,,,,,
R02AX01,R,mah_national,1,3,0,,,,,
R03,R,batch_release,1,1,0,1,FR,1.0,10000.0,1.0
R03,R,mah_national,1,1,0,,,,,
R03AC,R,mah_national,6,6,1,,,,,
R03AC02,R,api_cep,1,11,1,5,IN,0.5455,3553.7,0.3636
R03AC02,R,mah_national,1,5,1,,,,,
R03AC03,R,mah_national,2,2,1,,,,,
R03AC12,R,mah_national,1,3,0,,,,,
R03AC13,R,mah_national,2,2,0,,,,,
R03AC18,R,batch_release,1,2,0,2,DE,0.5,5000.0,1.0
R03AC18,R,mah_national,1,1,0,,,,,
R03AC19,R,mah_national,1,1,0,,,,,
R03AK,R,batch_release,1,2,0,2,DE,0.5,5000.0,1.0
R03AK,R,mah_national,9,10,2,,,,,
R03AK04,R,mah_national,2,1,2,,,,,
R03AK06,R,batch_release,1,1,0,1,PL,1.0,10000.0,1.0
R03AK06,R,mah_national,2,12,0,,,,,
R03AK07,R,batch_release,1,2,0,2,PL,0.6667,5555.6,1.0
R03AK07,R,mah_national,3,5,0,,,,,
R03AK08,R,mah_national,2,2,0,,,,,
R03AK10,R,batch_release,2,1,0,1,FR,1.0,10000.0,1.0
R03AK10,R,mah_national,3,1,0,,,,,
R03AK11,R,mah_national,2,3,0,,,,,
R03AK14,R,mah_national,2,1,0,,,,,
R03AL,R,batch_release,3,4,0,3,ES,0.5,3750.0,1.0
R03AL,R,mah_national,8,5,2,,,,,
R03AL02,R,mah_national,2,4,2,,,,,
R03AL03,R,batch_release,2,1,0,1,FR,1.0,10000.0,1.0
R03AL03,R,mah_national,2,1,0,,,,,
R03AL04,R,batch_release,1,2,0,2,DE,0.5,5000.0,1.0
R03AL04,R,mah_national,2,2,0,,,,,
R03AL05,R,batch_release,1,1,0,1,ES,1.0,10000.0,1.0
R03AL05,R,mah_national,2,1,0,,,,,
R03AL07,R,batch_release,1,1,0,1,FR,1.0,10000.0,1.0
R03AL07,R,mah_national,2,1,0,,,,,
R03AL08,R,batch_release,1,1,0,1,FR,1.0,10000.0,1.0
R03AL08,R,mah_national,4,1,0,,,,,
R03AL09,R,batch_release,1,3,0,3,AT,0.3333,3333.3,1.0
R03AL09,R,mah_national,3,1,0,,,,,
R03AL11,R,batch_release,1,1,0,1,FR,1.0,10000.0,1.0
R03AL11,R,mah_national,3,1,0,,,,,
R03AL12,R,mah_national,3,1,0,,,,,
R03BA,R,mah_national,5,10,0,,,,,
R03BA01,R,mah_national,1,3,0,,,,,
R03BA02,R,mah_national,1,3,0,,,,,
R03BA05,R,mah_national,1,4,0,,,,,
R03BA07,R,mah_national,1,1,0,,,,,
R03BA08,R,mah_national,1,3,0,,,,,
R03BB,R,batch_release,1,1,0,1,ES,1.0,10000.0,1.0
R03BB,R,mah_national,5,7,1,,,,,
R03BB01,R,api_cep,1,9,1,3,IN,0.6667,5061.7,0.3333
R03BB01,R,mah_national,1,2,1,,,,,
R03BB04,R,mah_national,1,7,0,,,,,
R03BB05,R,mah_national,1,1,0,,,,,
R03BB06,R,api_cep,1,13,0,5,IN,0.4615,3017.8,0.3077
R03BB06,R,batch_release,1,2,0,2,DE,0.5,5000.0,1.0
R03BB06,R,mah_national,1,1,0,,,,,
R03BB07,R,batch_release,1,1,0,1,FR,1.0,10000.0,1.0
R03BB07,R,mah_national,1,1,0,,,,,
R03BB54,R,mah_national,2,3,0,,,,,
R03CA02,R,api_cep,1,4,1,3,CN,0.5,3750.0,0.5
R03CC,R,mah_national,2,2,1,,,,,
R03CC02,R,api_cep,1,11,1,5,IN,0.5455,3553.7,0.3636
R03CC02,R,mah_national,1,1,1,,,,,
R03CC03,R,mah_national,1,1,0,,,,,
R03DA,R,mah_national,2,2,0,,,,,
R03DA04,R,mah_national,1,1,0,,,,,
R03DA05,R,mah_national,1,2,0,,,,,
R03DC,R,mah_national,1,9,0,,,,,
R03DC03,R,mah_national,1,11,0,,,,,
R03DX,R,mah_national,4,3,0,,,,,
R03DX05,R,batch_release,1,6,0,4,DE,0.3333,2777.8,1.0
R03DX05,R,bio_api,1,3,0,3,FR,0.3333,3333.3,0.3333
R03DX05,R,mah_national,1,2,0,,,,,
R03DX07,R,batch_release,1,1,0,1,DE,1.0,10000.0,1.0
R03DX07,R,mah_national,1,1,0,,,,,
R03DX08,R,batch_release,1,2,0,2,DE,0.5,5000.0,1.0
R03DX08,R,bio_api,1,1,0,1,US,1.0,10000.0,0.0
R03DX08,R,mah_national,1,1,0,,,,,
R03DX09,R,batch_release,1,1,0,1,IT,1.0,10000.0,1.0
R03DX09,R,bio_api,1,3,0,1,US,1.0,10000.0,0.0
R03DX09,R,mah_national,1,1,0,,,,,
R03DX10,R,batch_release,1,3,0,3,GB,0.3333,3333.3,0.6667
R03DX10,R,bio_api,1,1,0,1,US,1.0,10000.0,0.0
R03DX10,R,mah_national,1,1,0,,,,,
R03DX11,R,batch_release,1,1,0,1,SE,1.0,10000.0,1.0
R03DX11,R,bio_api,1,2,0,1,US,1.0,10000.0,0.0
R03DX11,R,mah_national,1,1,0,,,,,
R03DX12,R,batch_release,1,1,0,1,IT,1.0,10000.0,1.0
R03DX12,R,bio_api,1,1,0,1,US,1.0,10000.0,0.0
R03DX12,R,mah_national,1,1,0,,,,,
R05CA,R,mah_national,5,5,0,,,,,
R05CA03,R,mah_national,2,4,0,,,,,
R05CA10,R,mah_national,3,1,0,,,,,
R05CA12,R,mah_national,1,1,0,,,,,
R05CB,R,mah_national,7,12,3,,,,,
R05CB01,R,api_cep,1,13,1,9,CN,0.2308,1360.9,0.3846
R05CB01,R,mah_national,1,3,1,,,,,
R05CB02,R,mah_national,1,1,0,,,,,
R05CB03,R,mah_national,2,6,0,,,,,
R05CB13,R,mah_national,1,2,1,,,,,
R05CB15,R,mah_national,1,1,0,,,,,
R05CB16,R,api_cep,1,1,1,1,FR,1.0,10000.0,1.0
R05CB16,R,batch_release,1,1,1,1,IE,1.0,10000.0,1.0
R05CB16,R,mah_national,1,1,1,,,,,
R05DA,R,mah_national,2,3,0,,,,,
R05DA04,R,mah_national,1,3,0,,,,,
R05DA09,R,mah_national,1,2,0,,,,,
R05DB,R,mah_national,1,1,0,,,,,
R05DB29,R,batch_release,1,1,0,1,NL,1.0,10000.0,1.0
R05DB29,R,mah_national,1,1,0,,,,,
R05X,R,mah_national,16,6,2,,,,,
R06A,R,mah_national,1,1,0,,,,,
R06AA,R,mah_national,3,2,0,,,,,
R06AA02,R,mah_national,1,1,0,,,,,
R06AA52,R,mah_national,3,1,0,,,,,
R06AA59,R,mah_national,2,3,0,,,,,
R06AB,R,mah_national,5,3,2,,,,,
R06AB04,R,mah_national,2,2,0,,,,,
R06AB51,R,mah_national,3,1,2,,,,,
R06AD,R,mah_national,1,1,0,,,,,
R06AD02,R,mah_national,1,1,0,,,,,
R06AE,R,mah_national,4,11,0,,,,,
R06AE03,R,mah_national,1,1,0,,,,,
R06AE07,R,mah_national,2,11,0,,,,,
R06AE09,R,mah_national,1,6,0,,,,,
R06AX,R,mah_national,6,14,0,,,,,
R06AX13,R,mah_national,1,7,0,,,,,
R06AX17,R,mah_national,1,1,0,,,,,
R06AX26,R,mah_national,1,6,0,,,,,
R06AX27,R,api_cep,1,13,0,3,IN,0.8462,7278.1,0.0769
R06AX27,R,batch_release,1,10,0,9,DE,0.2,1200.0,1.0
R06AX27,R,mah_national,1,7,0,,,,,
R06AX28,R,mah_national,1,1,0,,,,,
R06AX29,R,mah_national,1,3,0,,,,,
R07AA,R,mah_national,1,1,0,,,,,
R07AA02,R,mah_national,1,1,0,,,,,
R07AB,R,mah_national,1,1,0,,,,,
R07AB01,R,mah_national,1,1,0,,,,,
R07AX,R,api_cep,1,2,0,2,IT,0.5,5000.0,1.0
R07AX,R,batch_release,1,1,0,1,FR,1.0,10000.0,1.0
R07AX,R,mah_national,3,4,0,,,,,
R07AX01,R,mah_national,1,3,0,,,,,
R07AX02,R,batch_release,1,3,0,2,IE,0.6667,5555.6,0.6667
R07AX02,R,mah_national,1,2,0,,,,,
R07AX30,R,batch_release,1,2,0,2,GB,0.5,5000.0,0.5
R07AX30,R,mah_national,2,1,0,,,,,
R07AX31,R,batch_release,1,2,0,2,GB,0.5,5000.0,0.5
R07AX31,R,mah_national,2,1,0,,,,,
R07AX32,R,batch_release,1,2,0,2,GB,0.5,5000.0,0.5
R07AX32,R,mah_national,4,1,0,,,,,
R07AX33,R,batch_release,1,2,0,2,GB,0.5,5000.0,0.5
R07AX33,R,mah_national,3,1,0,,,,,
S01,S,batch_release,3,6,0,6,BE,0.1667,1666.7,1.0
S01,S,bio_api,2,3,0,3,AT,0.3333,3333.3,0.6667
S01,S,mah_national,3,2,0,,,,,
S01AA,S,mah_national,4,3,2,,,,,
S01AA01,S,mah_national,1,2,0,,,,,
S01AA13,S,mah_national,1,1,0,,,,,
S01AA26,S,mah_national,1,1,1,,,,,
S01AA27,S,mah_national,1,1,1,,,,,
S01AD03,S,mah_national,1,1,1,,,,,
S01AE,S,mah_national,1,1,0,,,,,
S01AE01,S,mah_national,1,1,0,,,,,
S01AX,S,mah_national,6,3,0,,,,,
S01AX03,S,mah_national,1,1,0,,,,,
S01AX05,S,mah_national,1,1,0,,,,,
S01AX07,S,mah_national,2,1,0,,,,,
S01AX14,S,mah_national,2,2,0,,,,,
S01AX15,S,mah_national,1,3,0,,,,,
S01AX18,S,mah_national,1,1,0,,,,,
S01AX24,S,batch_release,1,1,0,1,IT,1.0,10000.0,1.0
S01AX24,S,mah_national,1,1,0,,,,,
S01BA,S,mah_national,5,7,2,,,,,
S01BA01,S,api_cep,1,14,0,7,CN,0.4286,2449.0,0.2143
S01BA01,S,mah_national,1,5,0,,,,,
S01BA02,S,mah_national,1,1,1,,,,,
S01BA04,S,mah_national,1,2,1,,,,,
S01BA07,S,mah_national,1,1,0,,,,,
S01BA14,S,mah_national,1,1,0,,,,,
S01BA15,S,mah_national,1,1,0,,,,,
S01BC,S,mah_national,4,6,0,,,,,
S01BC03,S,mah_national,1,1,0,,,,,
S01BC05,S,mah_national,1,3,0,,,,,
S01BC10,S,batch_release,1,2,0,2,BE,0.5,5000.0,1.0
S01BC10,S,mah_national,1,1,0,,,,,
S01BC11,S,batch_release,1,1,0,1,DE,1.0,10000.0,1.0
S01BC11,S,mah_national,1,1,0,,,,,
S01CA,S,mah_national,3,1,0,,,,,
S01CA01,S,mah_national,4,2,1,,,,,
S01EA,S,mah_national,1,1,0,,,,,
S01EA03,S,mah_national,1,1,0,,,,,
S01EA05,S,mah_national,1,3,0,,,,,
S01EB,S,mah_national,1,1,1,,,,,
S01EB01,S,api_cep,1,4,1,3,BR,0.5,3750.0,0.0
S01EB01,S,mah_national,1,1,1,,,,,
S01EC,S,mah_national,3,5,1,,,,,
S01EC01,S,api_cep,3,4,1,2,IN,0.75,6250.0,0.25
S01EC01,S,mah_national,1,1,1,,,,,
S01EC03,S,mah_national,1,2,0,,,,,
S01EC04,S,batch_release,1,3,0,3,BE,0.3333,3333.3,1.0
S01EC04,S,mah_national,1,3,0,,,,,
S01EC54,S,batch_release,1,3,0,3,BE,0.3333,3333.3,1.0
S01ED,S,mah_national,9,7,0,,,,,
S01ED01,S,mah_national,1,1,0,,,,,
S01ED03,S,mah_national,1,1,0,,,,,
S01ED51,S,batch_release,3,4,0,4,BE,0.25,2500.0,1.0
S01ED51,S,mah_national,8,12,0,,,,,
S01EE,S,batch_release,1,1,0,1,FI,1.0,10000.0,1.0
S01EE,S,mah_national,4,6,0,,,,,
S01EE01,S,api_cep,1,14,0,11,IN,0.1429,1020.4,0.4286
S01EE01,S,mah_national,1,6,0,,,,,
S01EE03,S,batch_release,1,1,0,1,IE,1.0,10000.0,1.0
S01EE03,S,mah_national,1,4,0,,,,,
S01EE04,S,batch_release,1,3,0,3,BE,0.3333,3333.3,1.0
S01EE04,S,mah_national,1,1,0,,,,,
S01EE05,S,mah_national,1,2,0,,,,,
S01EE51,S,mah_national,2,1,0,,,,,
S01EX05,S,batch_release,1,1,0,1,FI,1.0,10000.0,1.0
S01EX05,S,mah_national,1,1,0,,,,,
S01FA,S,mah_national,5,2,3,,,,,
S01FA01,S,api_cep,1,10,1,6,IN,0.5,3000.0,0.4
S01FA01,S,batch_release,1,1,1,1,FI,1.0,10000.0,1.0
S01FA01,S,mah_national,1,2,1,,,,,
S01FA04,S,api_cep,1,2,1,2,ES,0.5,5000.0,1.0
S01FA04,S,mah_national,1,1,1,,,,,
S01FA06,S,mah_national,1,1,0,,,,,
S01FA56,S,mah_national,3,1,1,,,,,
S01GA,S,mah_national,4,2,0,,,,,
S01GA01,S,mah_national,1,1,0,,,,,
S01GA05,S,mah_national,1,1,0,,,,,
S01GA51,S,mah_national,2,1,0,,,,,
S01GX,S,mah_national,7,8,0,,,,,
S01GX01,S,mah_national,2,2,0,,,,,
S01GX06,S,batch_release,1,4,0,4,BE,0.25,2500.0,1.0
S01GX06,S,mah_national,1,1,0,,,,,
S01GX07,S,mah_national,1,1,0,,,,,
S01GX08,S,mah_national,1,2,0,,,,,
S01GX09,S,batch_release,1,3,0,3,BE,0.3333,3333.3,1.0
S01GX09,S,mah_national,1,2,0,,,,,
S01GX10,S,mah_national,1,1,0,,,,,
S01GX13,S,mah_national,1,1,0,,,,,
S01HA,S,mah_national,3,1,0,,,,,
S01HA02,S,mah_national,1,2,0,,,,,
S01HA03,S,mah_national,1,1,0,,,,,
S01HA04,S,mah_national,1,1,0,,,,,
S01JA,S,mah_national,2,1,1,,,,,
S01JA01,S,mah_national,1,2,0,,,,,
S01JA51,S,mah_national,2,1,1,,,,,
S01L,S,batch_release,1,1,0,1,DE,1.0,10000.0,1.0
S01L,S,bio_api,1,2,0,2,CH,0.5,5000.0,0.5
S01LA,S,mah_national,3,3,1,,,,,
S01LA01,S,batch_release,1,2,1,2,DE,0.5,5000.0,1.0
S01LA01,S,mah_national,1,1,1,,,,,
S01LA04,S,batch_release,1,9,0,5,DE,0.4444,2839.5,1.0
S01LA04,S,bio_api,1,6,0,6,CN,0.1667,1666.7,0.5
S01LA04,S,mah_national,1,6,0,,,,,
S01LA05,S,batch_release,1,14,0,9,DE,0.2143,1428.6,1.0
S01LA05,S,bio_api,1,12,0,8,KR,0.25,1666.7,0.25
S01LA05,S,mah_national,2,11,0,,,,,
S01LA06,S,mah_national,1,1,0,,,,,
S01LA08,S,batch_release,1,1,0,1,IE,1.0,10000.0,1.0
S01LA08,S,bio_api,1,1,0,1,US,1.0,10000.0,0.0
S01LA08,S,mah_national,1,1,0,,,,,
S01LA09,S,mah_national,1,1,0,,,,,
S01XA,S,mah_national,5,5,1,,,,,
S01XA18,S,api_cep,1,11,1,8,CN,0.3636,1900.8,0.1818
S01XA18,S,batch_release,1,4,1,4,DE,0.25,2500.0,1.0
S01XA18,S,mah_national,1,2,1,,,,,
S01XA19,S,batch_release,1,1,0,1,IT,1.0,10000.0,1.0
S01XA19,S,bio_api,1,1,0,1,IT,1.0,10000.0,1.0
S01XA19,S,mah_national,1,1,0,,,,,
S01XA20,S,mah_national,3,5,0,,,,,
S01XA21,S,batch_release,1,1,0,1,FR,1.0,10000.0,1.0
S01XA21,S,mah_national,1,1,0,,,,,
S01XA23,S,batch_release,1,1,1,1,DE,1.0,10000.0,1.0
S01XA27,S,batch_release,1,1,0,1,DE,1.0,10000.0,1.0
S01XA27,S,bio_api,1,1,0,1,US,1.0,10000.0,0.0
S01XA27,S,mah_national,1,1,0,,,,,
S02AA,S,mah_national,2,2,2,,,,,
S02AA06,S,mah_national,1,1,0,,,,,
S02AA14,S,mah_national,1,1,1,,,,,
S02AA15,S,api_cep,2,17,1,5,IN,0.6471,4602.1,0.1176
S02AA15,S,mah_national,1,1,1,,,,,
S02BA,S,mah_national,1,1,0,,,,,
S02BA07,S,mah_national,1,1,0,,,,,
S02CA,S,mah_national,2,1,2,,,,,
S02CA03,S,mah_national,2,1,2,,,,,
S02DA,S,mah_national,3,2,0,,,,,
S02DA03,S,mah_national,1,1,0,,,,,
S02DC,S,mah_national,1,1,0,,,,,
S03AA07,S,api_cep,2,17,1,5,IN,0.6471,4602.1,0.1176
S03CA,S,mah_national,2,1,0,,,,,
S03CA06,S,mah_national,2,1,0,,,,,
V01,V,batch_release,1,2,0,2,FR,0.5,5000.0,1.0
V01,V,bio_api,1,1,0,1,US,1.0,10000.0,0.0
V01AA,V,mah_national,2,2,0,,,,,
V01AA02,V,mah_national,1,2,0,,,,,
V01AA03,V,mah_national,2,2,0,,,,,
V01AA05,V,mah_national,1,1,0,,,,,
V01AA07,V,mah_national,2,1,0,,,,,
V01AA08,V,mah_national,1,1,0,,,,,
V03,V,api_cep,1,7,0,5,IN,0.3333,2222.2,0.5
V03AB,V,batch_release,2,4,1,3,FR,0.5,3750.0,1.0
V03AB,V,bio_api,2,2,1,2,DE,0.5,5000.0,1.0
V03AB,V,mah_national,13,14,10,,,,,
V03AB02,V,mah_national,1,1,0,,,,,
V03AB06,V,api_cep,1,1,1,1,ES,1.0,10000.0,1.0
V03AB06,V,batch_release,1,1,1,1,NL,1.0,10000.0,1.0
V03AB06,V,mah_national,2,2,1,,,,,
V03AB08,V,mah_national,2,1,1,,,,,
V03AB14,V,api_cep,1,1,1,1,JP,1.0,10000.0,0.0
V03AB14,V,mah_national,1,1,1,,,,,
V03AB15,V,api_cep,1,9,1,8,IN,0.2222,1358.0,0.5556
V03AB15,V,batch_release,1,1,1,1,NL,1.0,10000.0,1.0
V03AB15,V,mah_national,1,5,1,,,,,
V03AB17,V,api_cep,1,2,1,2,DE,0.5,5000.0,1.0
V03AB17,V,batch_release,1,1,1,1,FR,1.0,10000.0,1.0
V03AB17,V,mah_national,1,1,1,,,,,
V03AB21,V,mah_national,1,1,0,,,,,
V03AB23,V,api_cep,2,14,1,9,CN,0.2143,1326.5,0.3571
V03AB23,V,mah_national,1,1,1,,,,,
V03AB25,V,api_cep,1,4,1,4,CN,0.25,2500.0,0.25
V03AB25,V,mah_national,1,1,1,,,,,
V03AB33,V,api_cep,1,3,1,3,CN,0.3333,3333.3,0.3333
V03AB33,V,batch_release,1,2,1,2,FR,0.6667,5555.6,1.0
V03AB33,V,mah_national,1,2,1,,,,,
V03AB34,V,mah_national,1,1,1,,,,,
V03AB35,V,batch_release,1,9,1,5,NL,0.3333,2345.7,1.0
V03AB35,V,mah_national,1,18,1,,,,,
V03AB38,V,mah_national,1,1,0,,,,,
V03AC,V,mah_national,3,4,1,,,,,
V03AC01,V,mah_national,1,1,1,,,,,
V03AC02,V,api_cep,1,2,0,2,IN,0.5,5000.0,0.5
V03AC02,V,batch_release,1,2,0,2,DE,0.5,5000.0,1.0
V03AC02,V,mah_national,1,2,0,,,,,
V03AC03,V,api_cep,1,14,0,4,IN,0.7857,6326.5,0.0714
V03AC03,V,batch_release,1,8,0,6,DE,0.25,1875.0,1.0
V03AC03,V,mah_national,1,3,0,,,,,
V03AE,V,mah_national,7,12,0,,,,,
V03AE01,V,mah_national,1,1,0,,,,,
V03AE02,V,batch_release,1,3,0,3,ES,0.3333,3333.3,1.0
V03AE02,V,mah_national,1,5,0,,,,,
V03AE03,V,mah_national,1,2,0,,,,,
V03AE05,V,batch_release,1,1,0,1,FR,1.0,10000.0,1.0
V03AE05,V,mah_national,2,2,0,,,,,
V03AE08,V,batch_release,1,1,0,1,FR,1.0,10000.0,1.0
V03AE08,V,mah_national,1,1,0,,,,,
V03AE09,V,batch_release,1,1,0,1,FR,1.0,10000.0,1.0
V03AE09,V,mah_national,1,1,0,,,,,
V03AE10,V,batch_release,1,1,0,1,SE,1.0,10000.0,1.0
V03AE10,V,mah_national,1,1,0,,,,,
V03AF,V,mah_national,5,6,4,,,,,
V03AF01,V,api_cep,1,2,1,1,IN,1.0,10000.0,0.0
V03AF01,V,mah_national,1,1,1,,,,,
V03AF02,V,batch_release,1,1,1,1,BE,1.0,10000.0,1.0
V03AF02,V,mah_national,1,1,1,,,,,
V03AF03,V,mah_national,2,4,1,,,,,
V03AF07,V,batch_release,1,1,1,1,IT,1.0,10000.0,1.0
V03AF07,V,bio_api,1,1,1,1,FR,1.0,10000.0,1.0
V03AF07,V,mah_national,1,1,1,,,,,
V03AF09,V,batch_release,1,1,0,1,GB,1.0,10000.0,0.0
V03AF09,V,bio_api,1,1,0,1,BE,1.0,10000.0,1.0
V03AF09,V,mah_national,1,1,0,,,,,
V03AK,V,mah_national,5,1,1,,,,,
V03AN,V,mah_national,2,3,0,,,,,
V03AN01,V,mah_national,2,3,0,,,,,
V03AN02,V,mah_national,2,1,0,,,,,
V03AX,V,batch_release,1,1,0,1,FR,1.0,10000.0,1.0
V03AX,V,mah_national,2,2,0,,,,,
V03AX03,V,mah_national,1,1,0,,,,,
V04,V,api_cep,1,5,0,3,CN,0.6,4400.0,0.0
V04CD,V,mah_national,1,1,0,,,,,
V04CD01,V,mah_national,1,1,0,,,,,
V04CD06,V,batch_release,1,1,0,1,DE,1.0,10000.0,1.0
V04CD06,V,mah_national,1,1,0,,,,,
V04CF,V,batch_release,1,1,0,1,NL,1.0,10000.0,1.0
V04CF,V,bio_api,1,1,0,1,IN,1.0,10000.0,0.0
V04CF,V,mah_national,3,2,0,,,,,
V04CF01,V,mah_national,1,1,0,,,,,
V04CL,V,mah_national,2,1,0,,,,,
V04CX,V,api_cep,2,3,1,2,DE,0.6667,5555.6,1.0
V04CX,V,batch_release,2,2,1,2,DE,0.5,5000.0,1.0
V04CX,V,mah_national,6,8,2,,,,,
V04CX03,V,mah_national,1,1,0,,,,,
V06DE,V,mah_national,23,1,0,,,,,
V07AB,V,mah_national,13,5,2,,,,,
V08AA01,V,mah_national,4,1,0,,,,,
V08AB,V,mah_national,6,3,0,,,,,
V08AB02,V,mah_national,1,1,0,,,,,
V08AB04,V,mah_national,1,1,0,,,,,
V08AB07,V,mah_national,1,1,0,,,,,
V08AB09,V,mah_national,1,1,0,,,,,
V08AB10,V,mah_national,1,1,0,,,,,
V08AB11,V,mah_national,1,1,0,,,,,
V08AD,V,mah_national,1,1,0,,,,,
V08BA,V,mah_national,1,1,0,,,,,
V08BA01,V,mah_national,1,1,0,,,,,
V08CA,V,mah_national,8,5,0,,,,,
V08CA02,V,mah_national,4,4,0,,,,,
V08CA04,V,mah_national,1,1,0,,,,,
V08CA08,V,mah_national,1,1,0,,,,,
V08CA09,V,mah_national,1,1,0,,,,,
V08CA10,V,mah_national,1,1,0,,,,,
V08CA12,V,batch_release,1,3,0,3,DE,0.3333,3333.3,1.0
V08CA12,V,mah_national,1,2,0,,,,,
V08DA,V,mah_national,3,3,0,,,,,
V08DA01,V,mah_national,2,1,0,,,,,
V08DA04,V,batch_release,1,1,0,1,IE,1.0,10000.0,1.0
V08DA04,V,mah_national,1,1,0,,,,,
V08DA05,V,batch_release,1,1,0,1,IT,1.0,10000.0,1.0
V08DA05,V,mah_national,1,1,0,,,,,
V09,V,batch_release,2,16,0,14,CZ,0.125,781.2,1.0
V09,V,mah_national,1,1,0,,,,,
V09AB,V,mah_national,1,2,0,,,,,
V09AB03,V,batch_release,1,3,0,3,AT,0.3333,3333.3,1.0
V09AB03,V,mah_national,1,3,0,,,,,
V09AX,V,mah_national,3,3,0,,,,,
V09AX01,V,mah_national,4,1,0,,,,,
V09AX04,V,batch_release,1,13,0,7,IT,0.3846,2189.3,1.0
V09AX05,V,batch_release,1,2,0,2,DE,0.5,5000.0,1.0
V09AX05,V,mah_national,1,1,0,,,,,
V09AX06,V,batch_release,1,14,0,11,DE,0.1429,1020.4,1.0
V09AX06,V,mah_national,1,1,0,,,,,
V09AX07,V,batch_release,1,3,0,2,DE,0.6667,5555.6,1.0
V09AX07,V,mah_national,1,1,0,,,,,
V09BA,V,mah_national,1,1,0,,,,,
V09BA01,V,mah_national,1,1,0,,,,,
V09CA,V,mah_national,3,3,0,,,,,
V09CA01,V,mah_national,1,1,0,,,,,
V09CA02,V,mah_national,1,2,0,,,,,
V09CA03,V,mah_national,2,2,0,,,,,
V09DB,V,mah_national,1,1,0,,,,,
V09DX,V,mah_national,1,1,0,,,,,
V09DX01,V,mah_national,1,1,0,,,,,
V09EA,V,mah_national,1,1,0,,,,,
V09EA01,V,mah_national,1,1,0,,,,,
V09EA02,V,mah_national,1,1,0,,,,,
V09EX01,V,mah_national,1,1,0,,,,,
V09FX,V,mah_national,1,1,0,,,,,
V09FX01,V,mah_national,1,1,0,,,,,
V09GA,V,mah_national,4,3,0,,,,,
V09GA01,V,mah_national,2,2,0,,,,,
V09GA02,V,mah_national,1,1,0,,,,,
V09GA06,V,mah_national,2,1,0,,,,,
V09GX,V,mah_national,1,1,0,,,,,
V09GX01,V,mah_national,1,1,0,,,,,
V09HA,V,mah_national,1,1,0,,,,,
V09HA03,V,batch_release,1,1,0,1,FR,1.0,10000.0,1.0
V09HA03,V,bio_api,1,1,0,1,DE,1.0,10000.0,1.0
V09HA03,V,mah_national,1,1,0,,,,,
V09HX,V,mah_national,1,1,0,,,,,
V09HX01,V,mah_national,1,1,0,,,,,
V09I,V,batch_release,1,1,0,1,IT,1.0,10000.0,1.0
V09I,V,mah_national,1,1,0,,,,,
V09IX,V,batch_release,1,1,0,1,IT,1.0,10000.0,1.0
V09IX,V,mah_national,5,5,0,,,,,
V09IX01,V,mah_national,1,1,0,,,,,
V09IX04,V,mah_national,1,1,0,,,,,
V09IX09,V,mah_national,1,1,0,,,,,
V09IX12,V,batch_release,1,5,0,5,AT,0.2,2000.0,1.0
V09IX12,V,mah_national,1,1,0,,,,,
V09IX14,V,mah_national,1,2,0,,,,,
V09IX16,V,mah_national,1,1,0,,,,,
V09X,V,batch_release,1,2,0,2,BG,0.5,5000.0,1.0
V09X,V,mah_national,2,3,0,,,,,
V10BX02,V,batch_release,1,1,0,1,FR,1.0,10000.0,1.0
V10X,V,batch_release,1,5,0,3,DE,0.4,3600.0,1.0
V10X,V,mah_national,1,4,0,,,,,
V10XA,V,mah_national,1,1,0,,,,,
V10XA01,V,mah_national,1,1,0,,,,,
V10XX,V,batch_release,1,2,0,2,ES,0.5,5000.0,1.0
V10XX,V,mah_national,4,3,0,,,,,
V10XX02,V,mah_national,1,1,0,,,,,
V10XX03,V,batch_release,1,1,1,1,NO,1.0,10000.0,1.0
V10XX03,V,mah_national,1,1,0,,,,,
V10XX04,V,batch_release,1,2,0,2,ES,0.5,5000.0,1.0
V10XX04,V,mah_national,1,1,0,,,,,
V10XX05,V,mah_national,1,1,0,,,,,
