,medicine_name,active_substance,atc_code,medicine_url,pdf_url,source_block,manufacturer_name,address,country,manufacturer_step
1,Zutectra,human hepatitis B immunoglobulin,J06BB04,https://www.ema.europa.eu/en/medicines/human/EPAR/zutectra,https://www.ema.europa.eu/en/documents/product-information/zutectra-epar-product-information_en.pdf,"A. MANUFACTURER OF THE BIOLOGICAL ACTIVE SUBSTANCE AND
MANUFACTURER RESPONSIBLE FOR BATCH RELEASE
Name and address of the manufacturer of the biological active substance
Biotest AG
Landsteinerstr. 5
D-63303 Dreieich
Germany
Name and address of the manufacturer responsible for batch release
Biotest Pharma GmbH
Landsteinerstrasse 5
D-63303 Dreieich
Germany",Biotest AG,"Landsteinerstr. 5
D-63303 Dreieich
Germany",Germany,1
2,Zutectra,human hepatitis B immunoglobulin,J06BB04,https://www.ema.europa.eu/en/medicines/human/EPAR/zutectra,https://www.ema.europa.eu/en/documents/product-information/zutectra-epar-product-information_en.pdf,"A. MANUFACTURER OF THE BIOLOGICAL ACTIVE SUBSTANCE AND
MANUFACTURER RESPONSIBLE FOR BATCH RELEASE
Name and address of the manufacturer of the biological active substance
Biotest AG
Landsteinerstr. 5
D-63303 Dreieich
Germany
Name and address of the manufacturer responsible for batch release
Biotest Pharma GmbH
Landsteinerstrasse 5
D-63303 Dreieich
Germany",Biotest Pharma GmbH,"Landsteinerstrasse 5
D-63303 Dreieich
Germany",Germany,2
3,Sugammadex Mylan,,V03AB35,https://www.ema.europa.eu/en/medicines/human/EPAR/sugammadex-mylan,https://www.ema.europa.eu/en/documents/product-information/sugammadex-mylan-epar-product-information_en.pdf,"A. MANUFACTURER RESPONSIBLE FOR BATCH RELEASE
Name and address of the manufacturer responsible for batch release
Viatris Santé
1 rue de Turin
69007 Lyon
France
Eurofins BioPharma Product testing Budapest Kft
Anonymus Utca 6, Kerulet,
Budapest IV, 1045
Hungary
Viatris Germany GmbH
Benzstrasse 1
Bad Homburg
Hesse
61352
Germany",Viatris Santé,"1 rue de Turin
69007 Lyon
France",France,2
4,Sugammadex Mylan,sugammadex sodium,V03AB35,https://www.ema.europa.eu/en/medicines/human/EPAR/sugammadex-mylan,https://www.ema.europa.eu/en/documents/product-information/sugammadex-mylan-epar-product-information_en.pdf,"A. MANUFACTURER RESPONSIBLE FOR BATCH RELEASE
Name and address of the manufacturer responsible for batch release
Viatris Santé
1 rue de Turin
69007 Lyon
France
Eurofins BioPharma Product testing Budapest Kft
Anonymus Utca 6, Kerulet,
Budapest IV, 1045
Hungary
Viatris Germany GmbH
Benzstrasse 1
Bad Homburg
Hesse
61352
Germany",Eurofins BioPharma Product testing Budapest Kft,"Anonymus Utca 6, Kerulet,
Budapest IV, 1045
Hungary",Hungary,2
5,Sugammadex Mylan,sugammadex sodium,V03AB35,https://www.ema.europa.eu/en/medicines/human/EPAR/sugammadex-mylan,https://www.ema.europa.eu/en/documents/product-information/sugammadex-mylan-epar-product-information_en.pdf,"A. MANUFACTURER RESPONSIBLE FOR BATCH RELEASE
Name and address of the manufacturer responsible for batch release
Viatris Santé
1 rue de Turin
69007 Lyon
France
Eurofins BioPharma Product testing Budapest Kft
Anonymus Utca 6, Kerulet,
Budapest IV, 1045
Hungary
Viatris Germany GmbH
Benzstrasse 1
Bad Homburg
Hesse
61352
Germany",Viatris Germany GmbH,"Benzstrasse 1
Bad Homburg
Hesse
61352
Germany",Germany,2
6,Posaconazole Accord,posaconazole,J02AC04,https://www.ema.europa.eu/en/medicines/human/EPAR/posaconazole-accord,https://www.ema.europa.eu/en/documents/product-information/posaconazole-accord-epar-product-information_en.pdf,"A. MANUFACTURERS RESPONSIBLE FOR BATCH RELEASE
Name and address of the manufacturers responsible for batch release
Delorbis Pharmaceuticals Ltd.
17, Athinon Street
Ergates Industrial Area
2643 Nicosia
CYPRUS
Laboratori Fundacio Dau
C/ C, 12-14 Pol. Ind. Zona Franca
08040 Barcelona
SPAIN
Accord Healthcare B.V.,
Winthontlaan 200,
3526 KV Utrecht,
THE NETHERLANDS
Pharmadox Healthcare Ltd.
KW20A Kordin Industrial Park
Paola, PLA 3000
MALTA
Accord Healthcare Polska Sp.z o.o.,
ul. Lutomierska 50,95-200 Pabianice, POLAND
Accord Healthcare Single Member S.A.
64th Km National Road Athens,Lamia,
Schimatari, 32009,
GREECE",Delorbis Pharmaceuticals Ltd.,"17, Athinon Street
Ergates Industrial Area
2643 Nicosia
CYPRUS",Cyprus,2
7,Posaconazole Accord,posaconazole,J02AC04,https://www.ema.europa.eu/en/medicines/human/EPAR/posaconazole-accord,https://www.ema.europa.eu/en/documents/product-information/posaconazole-accord-epar-product-information_en.pdf,"A. MANUFACTURERS RESPONSIBLE FOR BATCH RELEASE
Name and address of the manufacturers responsible for batch release
Delorbis Pharmaceuticals Ltd.
17, Athinon Street
Ergates Industrial Area
2643 Nicosia
CYPRUS
Laboratori Fundacio Dau
C/ C, 12-14 Pol. Ind. Zona Franca
08040 Barcelona
SPAIN
Accord Healthcare B.V.,
Winthontlaan 200,
3526 KV Utrecht,
THE NETHERLANDS
Pharmadox Healthcare Ltd.
KW20A Kordin Industrial Park
Paola, PLA 3000
MALTA
Accord Healthcare Polska Sp.z o.o.,
ul. Lutomierska 50,95-200 Pabianice, POLAND
Accord Healthcare Single Member S.A.
64th Km National Road Athens,Lamia,
Schimatari, 32009,
GREECE",Laboratori Fundacio Dau,"C/ C, 12-14 Pol. Ind. Zona Franca
08040 Barcelona
SPAIN",Spain,2
8,Posaconazole Accord,posaconazole,J02AC04,https://www.ema.europa.eu/en/medicines/human/EPAR/posaconazole-accord,https://www.ema.europa.eu/en/documents/product-information/posaconazole-accord-epar-product-information_en.pdf,"A. MANUFACTURERS RESPONSIBLE FOR BATCH RELEASE
Name and address of the manufacturers responsible for batch release
Delorbis Pharmaceuticals Ltd.
17, Athinon Street
Ergates Industrial Area
2643 Nicosia
CYPRUS
Laboratori Fundacio Dau
C/ C, 12-14 Pol. Ind. Zona Franca
08040 Barcelona
SPAIN
Accord Healthcare B.V.,
Winthontlaan 200,
3526 KV Utrecht,
THE NETHERLANDS
Pharmadox Healthcare Ltd.
KW20A Kordin Industrial Park
Paola, PLA 3000
MALTA
Accord Healthcare Polska Sp.z o.o.,
ul. Lutomierska 50,95-200 Pabianice, POLAND
Accord Healthcare Single Member S.A.
64th Km National Road Athens,Lamia,
Schimatari, 32009,
GREECE","Accord Healthcare B.V.,","Winthontlaan 200,
3526 KV Utrecht,
THE NETHERLANDS",Netherlands,2
9,Posaconazole Accord,posaconazole,J02AC04,https://www.ema.europa.eu/en/medicines/human/EPAR/posaconazole-accord,https://www.ema.europa.eu/en/documents/product-information/posaconazole-accord-epar-product-information_en.pdf,"A. MANUFACTURERS RESPONSIBLE FOR BATCH RELEASE
Name and address of the manufacturers responsible for batch release
Delorbis Pharmaceuticals Ltd.
17, Athinon Street
Ergates Industrial Area
2643 Nicosia
CYPRUS
Laboratori Fundacio Dau
C/ C, 12-14 Pol. Ind. Zona Franca
08040 Barcelona
SPAIN
Accord Healthcare B.V.,
Winthontlaan 200,
3526 KV Utrecht,
THE NETHERLANDS
Pharmadox Healthcare Ltd.
KW20A Kordin Industrial Park
Paola, PLA 3000
MALTA
Accord Healthcare Polska Sp.z o.o.,
ul. Lutomierska 50,95-200 Pabianice, POLAND
Accord Healthcare Single Member S.A.
64th Km National Road Athens,Lamia,
Schimatari, 32009,
GREECE",Pharmadox Healthcare Ltd.,"KW20A Kordin Industrial Park
Paola, PLA 3000
MALTA",Malta,2
10,Posaconazole Accord,posaconazole,J02AC04,https://www.ema.europa.eu/en/medicines/human/EPAR/posaconazole-accord,https://www.ema.europa.eu/en/documents/product-information/posaconazole-accord-epar-product-information_en.pdf,"A. MANUFACTURERS RESPONSIBLE FOR BATCH RELEASE
Name and address of the manufacturers responsible for batch release
Delorbis Pharmaceuticals Ltd.
17, Athinon Street
Ergates Industrial Area
2643 Nicosia
CYPRUS
Laboratori Fundacio Dau
C/ C, 12-14 Pol. Ind. Zona Franca
08040 Barcelona
SPAIN
Accord Healthcare B.V.,
Winthontlaan 200,
3526 KV Utrecht,
THE NETHERLANDS
Pharmadox Healthcare Ltd.
KW20A Kordin Industrial Park
Paola, PLA 3000
MALTA
Accord Healthcare Polska Sp.z o.o.,
ul. Lutomierska 50,95-200 Pabianice, POLAND
Accord Healthcare Single Member S.A.
64th Km National Road Athens,Lamia,
Schimatari, 32009,
GREECE","Accord Healthcare Polska Sp.z o.o.,","ul. Lutomierska 50,95-200 Pabianice, POLAND",Poland,2
11,Posaconazole Accord,posaconazole,J02AC04,https://www.ema.europa.eu/en/medicines/human/EPAR/posaconazole-accord,https://www.ema.europa.eu/en/documents/product-information/posaconazole-accord-epar-product-information_en.pdf,"A. MANUFACTURERS RESPONSIBLE FOR BATCH RELEASE
Name and address of the manufacturers responsible for batch release
Delorbis Pharmaceuticals Ltd.
17, Athinon Street
Ergates Industrial Area
2643 Nicosia
CYPRUS
Laboratori Fundacio Dau
C/ C, 12-14 Pol. Ind. Zona Franca
08040 Barcelona
SPAIN
Accord Healthcare B.V.,
Winthontlaan 200,
3526 KV Utrecht,
THE NETHERLANDS
Pharmadox Healthcare Ltd.
KW20A Kordin Industrial Park
Paola, PLA 3000
MALTA
Accord Healthcare Polska Sp.z o.o.,
ul. Lutomierska 50,95-200 Pabianice, POLAND
Accord Healthcare Single Member S.A.
64th Km National Road Athens,Lamia,
Schimatari, 32009,
GREECE",Accord Healthcare Single Member S.A.,"64th Km National Road Athens,Lamia,
Schimatari, 32009,
GREECE",Greece,2
12,Kineret,anakinra,L04AC03,https://www.ema.europa.eu/en/medicines/human/EPAR/kineret,https://www.ema.europa.eu/en/documents/product-information/kineret-epar-product-information_en.pdf,"A. MANUFACTURER OF THE BIOLOGICAL ACTIVE SUBSTANCE AND
MANUFACTURER RESPONSIBLE FOR BATCH RELEASE
Name and address of the manufacturer of the biological active substance
Boehringer Ingelheim RCV GmbH & Co KG
Dr. Boehringer-Gasse 5-11
A-1121 Vienna
Austria
Pfizer Health AB
Mariefredsvägen 37
SE-645 41 Strängnäs
Sweden
Name and address of the manufacturer responsible for batch release
Swedish Orphan Biovitrum AB (publ)
SE-112 76 Stockholm
Sweden",Boehringer Ingelheim RCV GmbH & Co KG,"Dr. Boehringer-Gasse 5-11
A-1121 Vienna
Austria",Austria,1
13,Kineret,anakinra,L04AC03,https://www.ema.europa.eu/en/medicines/human/EPAR/kineret,https://www.ema.europa.eu/en/documents/product-information/kineret-epar-product-information_en.pdf,"A. MANUFACTURER OF THE BIOLOGICAL ACTIVE SUBSTANCE AND
MANUFACTURER RESPONSIBLE FOR BATCH RELEASE
Name and address of the manufacturer of the biological active substance
Boehringer Ingelheim RCV GmbH & Co KG
Dr. Boehringer-Gasse 5-11
A-1121 Vienna
Austria
Pfizer Health AB
Mariefredsvägen 37
SE-645 41 Strängnäs
Sweden
Name and address of the manufacturer responsible for batch release
Swedish Orphan Biovitrum AB (publ)
SE-112 76 Stockholm
Sweden",Pfizer Health AB,"Mariefredsvägen 37
SE-645 41 Strängnäs
Sweden",Sweden,1
14,Kineret,anakinra,L04AC03,https://www.ema.europa.eu/en/medicines/human/EPAR/kineret,https://www.ema.europa.eu/en/documents/product-information/kineret-epar-product-information_en.pdf,"A. MANUFACTURER OF THE BIOLOGICAL ACTIVE SUBSTANCE AND
MANUFACTURER RESPONSIBLE FOR BATCH RELEASE
Name and address of the manufacturer of the biological active substance
Boehringer Ingelheim RCV GmbH & Co KG
Dr. Boehringer-Gasse 5-11
A-1121 Vienna
Austria
Pfizer Health AB
Mariefredsvägen 37
SE-645 41 Strängnäs
Sweden
Name and address of the manufacturer responsible for batch release
Swedish Orphan Biovitrum AB (publ)
SE-112 76 Stockholm
Sweden",Swedish Orphan Biovitrum AB (publ),"SE-112 76 Stockholm
Sweden",Sweden,2
15,Efmody,hydrocortisone,H02AB09,https://www.ema.europa.eu/en/medicines/human/EPAR/efmody,https://www.ema.europa.eu/en/documents/product-information/efmody-epar-product-information_en.pdf,"A. MANUFACTURER RESPONSIBLE FOR BATCH RELEASE
Name and address of the manufacturers responsible for batch release
Skyepharma Production S.A.S
Zone Industrielle Chesnes Ouest
55 Rue du Montmurier
Saint-Quentin-Fallavier, 38070
France",Skyepharma Production S.A.S,"Zone Industrielle Chesnes Ouest
55 Rue du Montmurier
Saint-Quentin-Fallavier, 38070
France",France,2
16,HyQvia,human normal immunoglobulin,J06BA01,https://www.ema.europa.eu/en/medicines/human/EPAR/hyqvia,https://www.ema.europa.eu/en/documents/product-information/hyqvia-epar-product-information_en.pdf,"A. MANUFACTURERS OF THE BIOLOGICAL ACTIVE SUBSTANCE(S) AND
MANUFACTURER RESPONSIBLE FOR BATCH RELEASE
Name and address of the manufacturers of the biological active substance(s)
Baxalta Belgium Manufacturing SA
Boulevard René Branquart 80
B-7860 Lessines
Belgium
Name and address of the manufacturers responsible for batch release
Baxalta Belgium Manufacturing SA
Boulevard René Branquart 80
B-7860 Lessines
Belgium",Baxalta Belgium Manufacturing SA,"Boulevard René Branquart 80
B-7860 Lessines
Belgium",Belgium,1
17,Rapamune,sirolimus,L04AH01,https://www.ema.europa.eu/en/medicines/human/EPAR/rapamune,https://www.ema.europa.eu/en/documents/product-information/rapamune-epar-product-information_en.pdf,"A. MANUFACTURER(S) RESPONSIBLE FOR BATCH RELEASE
Name and address of the manufacturers responsible for batch release
Rapamune 1 mg/mL oral solution
Pfizer Service Company BV
Hermeslaan 11
1932 Zaventem
Belgium
Rapamune 0.5 mg coated tablets, Rapamune 1 mg coated tablets, Rapamune 2 mg coated tablets
Pfizer Ireland Pharmaceuticals Unlimited Company
Little Connell, Newbridge, Co. Kildare, W12 HX57
Ireland
Pfizer Manufacturing Deutschland GmbH
Mooswaldallee 1
79108 Freiburg Im Breisgau
Germany",Pfizer Service Company BV,"Hermeslaan 11
1932 Zaventem
Belgium
Rapamune 0.5 mg coated tablets, Rapamune 1 mg coated tablets, Rapamune 2 mg coated tablets",Belgium,2
18,Rapamune,sirolimus,L04AH01,https://www.ema.europa.eu/en/medicines/human/EPAR/rapamune,https://www.ema.europa.eu/en/documents/product-information/rapamune-epar-product-information_en.pdf,"A. MANUFACTURER(S) RESPONSIBLE FOR BATCH RELEASE
Name and address of the manufacturers responsible for batch release
Rapamune 1 mg/mL oral solution
Pfizer Service Company BV
Hermeslaan 11
1932 Zaventem
Belgium
Rapamune 0.5 mg coated tablets, Rapamune 1 mg coated tablets, Rapamune 2 mg coated tablets
Pfizer Ireland Pharmaceuticals Unlimited Company
Little Connell, Newbridge, Co. Kildare, W12 HX57
Ireland
Pfizer Manufacturing Deutschland GmbH
Mooswaldallee 1
79108 Freiburg Im Breisgau
Germany",Pfizer Ireland Pharmaceuticals Unlimited Company,"Little Connell, Newbridge, Co. Kildare, W12 HX57
Ireland",Ireland,2
19,Rapamune,sirolimus,L04AH01,https://www.ema.europa.eu/en/medicines/human/EPAR/rapamune,https://www.ema.europa.eu/en/documents/product-information/rapamune-epar-product-information_en.pdf,"A. MANUFACTURER(S) RESPONSIBLE FOR BATCH RELEASE
Name and address of the manufacturers responsible for batch release
Rapamune 1 mg/mL oral solution
Pfizer Service Company BV
Hermeslaan 11
1932 Zaventem
Belgium
Rapamune 0.5 mg coated tablets, Rapamune 1 mg coated tablets, Rapamune 2 mg coated tablets
Pfizer Ireland Pharmaceuticals Unlimited Company
Little Connell, Newbridge, Co. Kildare, W12 HX57
Ireland
Pfizer Manufacturing Deutschland GmbH
Mooswaldallee 1
79108 Freiburg Im Breisgau
Germany",Pfizer Manufacturing Deutschland GmbH,"Mooswaldallee 1
79108 Freiburg Im Breisgau
Germany",Germany,2
20,Namuscla,Mexiletine hydrochloride,C01BB02,https://www.ema.europa.eu/en/medicines/human/EPAR/namuscla,https://www.ema.europa.eu/en/documents/product-information/namuscla-epar-product-information_en.pdf,"A. MANUFACTURER RESPONSIBLE FOR BATCH RELEASE
Name and address of the manufacturer responsible for batch release
Hormosan Pharma GmbH
Hanauer Landstraße 139-143,
60314 Frankfurt am Main
Germany",Hormosan Pharma GmbH,"Hanauer Landstraße 139-143,
60314 Frankfurt am Main
Germany",Germany,2
21,Sirturo,bedaquiline fumarate,J04AK05,https://www.ema.europa.eu/en/medicines/human/EPAR/sirturo,https://www.ema.europa.eu/en/documents/product-information/sirturo-epar-product-information_en.pdf,"A. MANUFACTURER RESPONSIBLE FOR BATCH RELEASE
Name and address of the manufacturer(s) responsible for batch release
Janssen Pharmaceutica NV
Turnhoutseweg 30
B-2340 Beerse
Belgium",Janssen Pharmaceutica NV,"Turnhoutseweg 30
B-2340 Beerse
Belgium",Belgium,2
22,Nexium Control,esomeprazole,A02BC05,https://www.ema.europa.eu/en/medicines/human/EPAR/nexium-control,https://www.ema.europa.eu/en/documents/product-information/nexium-control-epar-product-information_en.pdf,"A. MANUFACTURER(S) RESPONSIBLE FOR BATCH RELEASE
Name and address of the manufacturer responsible for batch release
Haleon Italy Manufacturing S.r.l.
Via Nettunense, 90
04011 Aprilia (LT)
Italy",Haleon Italy Manufacturing S.r.l.,"Via Nettunense, 90
04011 Aprilia (LT)
Italy",Italy,2
23,Pazenir,paclitaxel,L01CD01,https://www.ema.europa.eu/en/medicines/human/EPAR/pazenir,https://www.ema.europa.eu/en/documents/product-information/pazenir-epar-product-information_en.pdf,"A. MANUFACTURER(S) RESPONSIBLE FOR BATCH RELEASE
Name and address of the manufacturer(s) responsible for batch release
Merckle GmbH
Ludwig-Merckle-Strasse 3
89143 Blaubeuren
Germany
Pharmachemie B.V.
Swensweg 5
2031 GA Haarlem
Netherlands
Teva Nederland B.V. (additional entity)
Swensweg 5
2031GA Haarlem
NETHERLANDS",Merckle GmbH,"Ludwig-Merckle-Strasse 3
89143 Blaubeuren
Germany",Germany,2
24,Pazenir,paclitaxel,L01CD01,https://www.ema.europa.eu/en/medicines/human/EPAR/pazenir,https://www.ema.europa.eu/en/documents/product-information/pazenir-epar-product-information_en.pdf,"A. MANUFACTURER(S) RESPONSIBLE FOR BATCH RELEASE
Name and address of the manufacturer(s) responsible for batch release
Merckle GmbH
Ludwig-Merckle-Strasse 3
89143 Blaubeuren
Germany
Pharmachemie B.V.
Swensweg 5
2031 GA Haarlem
Netherlands
Teva Nederland B.V. (additional entity)
Swensweg 5
2031GA Haarlem
NETHERLANDS",Pharmachemie B.V.,"Swensweg 5
2031 GA Haarlem
Netherlands",Netherlands,2
25,Pazenir,paclitaxel,L01CD01,https://www.ema.europa.eu/en/medicines/human/EPAR/pazenir,https://www.ema.europa.eu/en/documents/product-information/pazenir-epar-product-information_en.pdf,"A. MANUFACTURER(S) RESPONSIBLE FOR BATCH RELEASE
Name and address of the manufacturer(s) responsible for batch release
Merckle GmbH
Ludwig-Merckle-Strasse 3
89143 Blaubeuren
Germany
Pharmachemie B.V.
Swensweg 5
2031 GA Haarlem
Netherlands
Teva Nederland B.V. (additional entity)
Swensweg 5
2031GA Haarlem
NETHERLANDS",Teva Nederland B.V. (additional entity),"Swensweg 5
2031GA Haarlem
NETHERLANDS",Netherlands,2
26,Opdivo,nivolumab,L01FF01,https://www.ema.europa.eu/en/medicines/human/EPAR/opdivo,https://www.ema.europa.eu/en/documents/product-information/opdivo-epar-product-information_en.pdf,"A. MANUFACTURER OF THE BIOLOGICAL ACTIVE SUBSTANCE AND
MANUFACTURER RESPONSIBLE FOR BATCH RELEASE
Name and address of the manufacturer of the biological active substance
Swords Laboratories Unlimited Company t/a Bristol-Myers Squibb Cruiserath Biologics
Cruiserath Road, Mulhuddart
Dublin 15, D15 H6EF
Ireland
Name and address of the manufacturer responsible for batch release
Swords Laboratories Unlimited Company t/a Bristol-Myers Squibb Cruiserath Biologics
Cruiserath Road, Mulhuddart
Dublin 15, D15 H6EF
Ireland",Swords Laboratories Unlimited Company t/a Bristol-Myers Squibb Cruiserath Biologics,"Cruiserath Road, Mulhuddart
Dublin 15, D15 H6EF
Ireland",Ireland,1
27,Eurneffy,epinephrine,C01CA24,https://www.ema.europa.eu/en/medicines/human/EPAR/eurneffy,https://www.ema.europa.eu/en/documents/product-information/eurneffy-epar-product-information_en.pdf,"A. MANUFACTURER(S) RESPONSIBLE FOR BATCH RELEASE
Name and address of the manufacturer(s) responsible for batch release
ALK-Abelló A/S
Venlighedsvej 10
2970 Hørsholm
Denmark
ALK-Abelló S.A.
Miguel Fleta 19
28037 Madrid
Spain",ALK-Abelló A/S,"Venlighedsvej 10
2970 Hørsholm
Denmark",Denmark,2
28,Eurneffy,epinephrine,C01CA24,https://www.ema.europa.eu/en/medicines/human/EPAR/eurneffy,https://www.ema.europa.eu/en/documents/product-information/eurneffy-epar-product-information_en.pdf,"A. MANUFACTURER(S) RESPONSIBLE FOR BATCH RELEASE
Name and address of the manufacturer(s) responsible for batch release
ALK-Abelló A/S
Venlighedsvej 10
2970 Hørsholm
Denmark
ALK-Abelló S.A.
Miguel Fleta 19
28037 Madrid
Spain",ALK-Abelló S.A.,"Miguel Fleta 19
28037 Madrid
Spain",Spain,2
29,Trumenba,Neisseria meningitidis serogroup B fHbp (recombinant lipidated fHbp (factor H binding protein)) subfamily A; Neisseria meningitidis serogroup B fHbp (recombinant lipidated fHbp (factor H binding protein)) subfamily B,J07AH09,https://www.ema.europa.eu/en/medicines/human/EPAR/trumenba,https://www.ema.europa.eu/en/documents/product-information/trumenba-epar-product-information_en.pdf,"A. MANUFACTUREROF THE BIOLOGICAL ACTIVE SUBSTANCE AND
MANUFACTURER RESPONSIBLE FOR BATCH RELEASE
Name and address of the manufacturerof the biological active substance
Pfizer Health AB
Mariefredsvägen 37
S-645 41 Strängnäs
Sweden
Name and address of the manufacturer responsible for batch release
Pfizer Manufacturing Belgium NV
Rijksweg 12
2870 Puurs-Sint-Amands
Belgium",Pfizer Health AB,"Mariefredsvägen 37
S-645 41 Strängnäs
Sweden",Sweden,1
30,Trumenba,Neisseria meningitidis serogroup B fHbp (recombinant lipidated fHbp (factor H binding protein)) subfamily A; Neisseria meningitidis serogroup B fHbp (recombinant lipidated fHbp (factor H binding protein)) subfamily B,J07AH09,https://www.ema.europa.eu/en/medicines/human/EPAR/trumenba,https://www.ema.europa.eu/en/documents/product-information/trumenba-epar-product-information_en.pdf,"A. MANUFACTUREROF THE BIOLOGICAL ACTIVE SUBSTANCE AND
MANUFACTURER RESPONSIBLE FOR BATCH RELEASE
Name and address of the manufacturerof the biological active substance
Pfizer Health AB
Mariefredsvägen 37
S-645 41 Strängnäs
Sweden
Name and address of the manufacturer responsible for batch release
Pfizer Manufacturing Belgium NV
Rijksweg 12
2870 Puurs-Sint-Amands
Belgium",Pfizer Manufacturing Belgium NV,"Rijksweg 12
2870 Puurs-Sint-Amands
Belgium",Belgium,2
31,Mekinist,trametinib,L01EE01,https://www.ema.europa.eu/en/medicines/human/EPAR/mekinist,https://www.ema.europa.eu/en/documents/product-information/mekinist-epar-product-information_en.pdf,"A. MANUFACTURERS RESPONSIBLE FOR BATCH RELEASE
Name and address of the manufacturers responsible for batch release
Lek Pharmaceuticals d.d.
Verovskova ulica 57
1526, Ljubljana
Slovenia
Novartis Pharmaceutical Manufacturing LLC
Verovskova ulica 57
1000, Ljubljana
Slovenia
Glaxo Wellcome, S.A.
Avda. Extremadura, 3
09400, Aranda de Duero
Burgos
Spain
Novartis Pharma GmbH
Sophie-Germain-Strasse 10
90443 Nuremberg
Germany",Lek Pharmaceuticals d.d.,"Verovskova ulica 57
1526, Ljubljana
Slovenia",Slovenia,2
32,Mekinist,trametinib,L01EE01,https://www.ema.europa.eu/en/medicines/human/EPAR/mekinist,https://www.ema.europa.eu/en/documents/product-information/mekinist-epar-product-information_en.pdf,"A. MANUFACTURERS RESPONSIBLE FOR BATCH RELEASE
Name and address of the manufacturers responsible for batch release
Lek Pharmaceuticals d.d.
Verovskova ulica 57
1526, Ljubljana
Slovenia
Novartis Pharmaceutical Manufacturing LLC
Verovskova ulica 57
1000, Ljubljana
Slovenia
Glaxo Wellcome, S.A.
Avda. Extremadura, 3
09400, Aranda de Duero
Burgos
Spain
Novartis Pharma GmbH
Sophie-Germain-Strasse 10
90443 Nuremberg
Germany",Novartis Pharmaceutical Manufacturing LLC,"Verovskova ulica 57
1000, Ljubljana
Slovenia",Slovenia,2
33,Mekinist,trametinib,L01EE01,https://www.ema.europa.eu/en/medicines/human/EPAR/mekinist,https://www.ema.europa.eu/en/documents/product-information/mekinist-epar-product-information_en.pdf,"A. MANUFACTURERS RESPONSIBLE FOR BATCH RELEASE
Name and address of the manufacturers responsible for batch release
Lek Pharmaceuticals d.d.
Verovskova ulica 57
1526, Ljubljana
Slovenia
Novartis Pharmaceutical Manufacturing LLC
Verovskova ulica 57
1000, Ljubljana
Slovenia
Glaxo Wellcome, S.A.
Avda. Extremadura, 3
09400, Aranda de Duero
Burgos
Spain
Novartis Pharma GmbH
Sophie-Germain-Strasse 10
90443 Nuremberg
Germany","Glaxo Wellcome, S.A.","Avda. Extremadura, 3
09400, Aranda de Duero
Burgos
Spain",Spain,2
34,Mekinist,trametinib,L01EE01,https://www.ema.europa.eu/en/medicines/human/EPAR/mekinist,https://www.ema.europa.eu/en/documents/product-information/mekinist-epar-product-information_en.pdf,"A. MANUFACTURERS RESPONSIBLE FOR BATCH RELEASE
Name and address of the manufacturers responsible for batch release
Lek Pharmaceuticals d.d.
Verovskova ulica 57
1526, Ljubljana
Slovenia
Novartis Pharmaceutical Manufacturing LLC
Verovskova ulica 57
1000, Ljubljana
Slovenia
Glaxo Wellcome, S.A.
Avda. Extremadura, 3
09400, Aranda de Duero
Burgos
Spain
Novartis Pharma GmbH
Sophie-Germain-Strasse 10
90443 Nuremberg
Germany",Novartis Pharma GmbH,"Sophie-Germain-Strasse 10
90443 Nuremberg
Germany",Germany,2
35,Nuwiq,,B02BD02,https://www.ema.europa.eu/en/medicines/human/EPAR/nuwiq,https://www.ema.europa.eu/en/documents/product-information/nuwiq-epar-product-information_en.pdf,"A. MANUFACTURER(S) OF THE BIOLOGICAL ACTIVE SUBSTANCE AND
MANUFACTURER(S) RESPONSIBLE FOR BATCH RELEASE
Name and address of the manufacturer(s) of the biological active substance(s)
Octapharma AB
Lars Forssells gata 23
Stockholm
11275
Sweden
Name and address of the manufacturer(s) responsible for batch release
Octapharma AB
Lars Forssells gata 23
Stockholm
11275
Sweden",Octapharma AB,"Lars Forssells gata 23
Stockholm
11275
Sweden",Sweden,1
36,Dazparda,insulin aspart,A10AB05,https://www.ema.europa.eu/en/medicines/human/EPAR/dazparda,https://www.ema.europa.eu/en/documents/product-information/dazparda-epar-product-information_en.pdf,"A. MANUFACTURERS OF THE BIOLOGICAL ACTIVE SUBSTANCE AND
MANUFACTURERS RESPONSIBLE FOR BATCH RELEASE
Name and address of the manufacturers of the biological active substance
Gan & Lee Pharmaceuticals
No.8 Nanfeng West First Road
Huoxian Town
Tongzhou District
Beijing, China, 101109
Name and address of the manufacturers responsible for batch release
IL-CSM Clinical Supplies Management GmbH
Marie-Curie-Strasse 8
Loerrach, Baden-Wuerttemberg, 79539, Germany",Gan & Lee Pharmaceuticals,"No.8 Nanfeng West First Road
Huoxian Town
Tongzhou District
Beijing, China, 101109",China,1
37,Dazparda,insulin aspart,A10AB05,https://www.ema.europa.eu/en/medicines/human/EPAR/dazparda,https://www.ema.europa.eu/en/documents/product-information/dazparda-epar-product-information_en.pdf,"A. MANUFACTURERS OF THE BIOLOGICAL ACTIVE SUBSTANCE AND
MANUFACTURERS RESPONSIBLE FOR BATCH RELEASE
Name and address of the manufacturers of the biological active substance
Gan & Lee Pharmaceuticals
No.8 Nanfeng West First Road
Huoxian Town
Tongzhou District
Beijing, China, 101109
Name and address of the manufacturers responsible for batch release
IL-CSM Clinical Supplies Management GmbH
Marie-Curie-Strasse 8
Loerrach, Baden-Wuerttemberg, 79539, Germany",IL-CSM Clinical Supplies Management GmbH,"Marie-Curie-Strasse 8
Loerrach, Baden-Wuerttemberg, 79539, Germany",Germany,2
38,Tafinlar,dabrafenib mesilate,L01EC02,https://www.ema.europa.eu/en/medicines/human/EPAR/tafinlar,https://www.ema.europa.eu/en/documents/product-information/tafinlar-epar-product-information_en.pdf,"A. MANUFACTURERS RESPONSIBLE FOR BATCH RELEASE
Name and address of the manufacturers responsible for batch release
Lek Pharmaceuticals d.d.
Verovškova ulica 57
1526, Ljubljana
Slovenia
Novartis Pharmaceutical Manufacturing LLC
Verovškova ulica 57
1000, Ljubljana
Slovenia
Novartis Farmacéutica S.A.
Gran Via de les Corts Catalanes 764
08013 Barcelona
Spain
Novartis Pharma GmbH
Sophie-Germain-Strasse 10
90443 Nuremberg
Germany",Lek Pharmaceuticals d.d.,"Verovškova ulica 57
1526, Ljubljana
Slovenia",Slovenia,2
39,Tafinlar,dabrafenib mesilate,L01EC02,https://www.ema.europa.eu/en/medicines/human/EPAR/tafinlar,https://www.ema.europa.eu/en/documents/product-information/tafinlar-epar-product-information_en.pdf,"A. MANUFACTURERS RESPONSIBLE FOR BATCH RELEASE
Name and address of the manufacturers responsible for batch release
Lek Pharmaceuticals d.d.
Verovškova ulica 57
1526, Ljubljana
Slovenia
Novartis Pharmaceutical Manufacturing LLC
Verovškova ulica 57
1000, Ljubljana
Slovenia
Novartis Farmacéutica S.A.
Gran Via de les Corts Catalanes 764
08013 Barcelona
Spain
Novartis Pharma GmbH
Sophie-Germain-Strasse 10
90443 Nuremberg
Germany",Novartis Pharmaceutical Manufacturing LLC,"Verovškova ulica 57
1000, Ljubljana
Slovenia",Slovenia,2
40,Tafinlar,dabrafenib mesilate,L01EC02,https://www.ema.europa.eu/en/medicines/human/EPAR/tafinlar,https://www.ema.europa.eu/en/documents/product-information/tafinlar-epar-product-information_en.pdf,"A. MANUFACTURERS RESPONSIBLE FOR BATCH RELEASE
Name and address of the manufacturers responsible for batch release
Lek Pharmaceuticals d.d.
Verovškova ulica 57
1526, Ljubljana
Slovenia
Novartis Pharmaceutical Manufacturing LLC
Verovškova ulica 57
1000, Ljubljana
Slovenia
Novartis Farmacéutica S.A.
Gran Via de les Corts Catalanes 764
08013 Barcelona
Spain
Novartis Pharma GmbH
Sophie-Germain-Strasse 10
90443 Nuremberg
Germany",Novartis Farmacéutica S.A.,"Gran Via de les Corts Catalanes 764
08013 Barcelona
Spain",Spain,2
41,Tafinlar,dabrafenib mesilate,L01EC02,https://www.ema.europa.eu/en/medicines/human/EPAR/tafinlar,https://www.ema.europa.eu/en/documents/product-information/tafinlar-epar-product-information_en.pdf,"A. MANUFACTURERS RESPONSIBLE FOR BATCH RELEASE
Name and address of the manufacturers responsible for batch release
Lek Pharmaceuticals d.d.
Verovškova ulica 57
1526, Ljubljana
Slovenia
Novartis Pharmaceutical Manufacturing LLC
Verovškova ulica 57
1000, Ljubljana
Slovenia
Novartis Farmacéutica S.A.
Gran Via de les Corts Catalanes 764
08013 Barcelona
Spain
Novartis Pharma GmbH
Sophie-Germain-Strasse 10
90443 Nuremberg
Germany",Novartis Pharma GmbH,"Sophie-Germain-Strasse 10
90443 Nuremberg
Germany",Germany,2
42,Spexotras,trametinib dimethyl sulfoxide,L01EE01,https://www.ema.europa.eu/en/medicines/human/EPAR/spexotras,https://www.ema.europa.eu/en/documents/product-information/spexotras-epar-product-information_en.pdf,"A. MANUFACTURERS RESPONSIBLE FOR BATCH RELEASE
Name and address of the manufacturers responsible for batch release
Novartis Pharmaceuticals S.R.L.
Str. Livezeni nr.7A
540472 Targu Mures
Romania
Novartis Farmacéutica S.A.
Gran Via de les Corts Catalanes 764
08013 Barcelona
Spain
Novartis Pharma GmbH
Sophie-Germain-Strasse 10
90443 Nuremberg
Germany",Novartis Pharmaceuticals S.R.L.,"Str. Livezeni nr.7A
540472 Targu Mures
Romania",Romania,2
43,Spexotras,trametinib dimethyl sulfoxide,L01EE01,https://www.ema.europa.eu/en/medicines/human/EPAR/spexotras,https://www.ema.europa.eu/en/documents/product-information/spexotras-epar-product-information_en.pdf,"A. MANUFACTURERS RESPONSIBLE FOR BATCH RELEASE
Name and address of the manufacturers responsible for batch release
Novartis Pharmaceuticals S.R.L.
Str. Livezeni nr.7A
540472 Targu Mures
Romania
Novartis Farmacéutica S.A.
Gran Via de les Corts Catalanes 764
08013 Barcelona
Spain
Novartis Pharma GmbH
Sophie-Germain-Strasse 10
90443 Nuremberg
Germany",Novartis Farmacéutica S.A.,"Gran Via de les Corts Catalanes 764
08013 Barcelona
Spain",Spain,2
44,Spexotras,trametinib dimethyl sulfoxide,L01EE01,https://www.ema.europa.eu/en/medicines/human/EPAR/spexotras,https://www.ema.europa.eu/en/documents/product-information/spexotras-epar-product-information_en.pdf,"A. MANUFACTURERS RESPONSIBLE FOR BATCH RELEASE
Name and address of the manufacturers responsible for batch release
Novartis Pharmaceuticals S.R.L.
Str. Livezeni nr.7A
540472 Targu Mures
Romania
Novartis Farmacéutica S.A.
Gran Via de les Corts Catalanes 764
08013 Barcelona
Spain
Novartis Pharma GmbH
Sophie-Germain-Strasse 10
90443 Nuremberg
Germany",Novartis Pharma GmbH,"Sophie-Germain-Strasse 10
90443 Nuremberg
Germany",Germany,2
45,Besponsa,Inotuzumab ozogamicin,L01FB01,https://www.ema.europa.eu/en/medicines/human/EPAR/besponsa,https://www.ema.europa.eu/en/documents/product-information/besponsa-epar-product-information_en.pdf,"A. MANUFACTURER OF THE BIOLOGICAL ACTIVE SUBSTANCE AND
MANUFACTURER RESPONSIBLE FOR BATCH RELEASE
Name and address of the manufacturer of the biological active substance
Wyeth Pharmaceutical Division of Wyeth Holdings LLC,
401 North Middletown Road,
Pearl River, New York (NY) 10965
United States (USA)
Name and address of the manufacturer responsible for batch release
Pfizer Service Company BV
Hermeslaan 11
1932 Zaventem
Belgium","Wyeth Pharmaceutical Division of Wyeth Holdings LLC,","401 North Middletown Road,
Pearl River, New York (NY) 10965
United States (USA)",United States,1
46,Besponsa,Inotuzumab ozogamicin,L01FB01,https://www.ema.europa.eu/en/medicines/human/EPAR/besponsa,https://www.ema.europa.eu/en/documents/product-information/besponsa-epar-product-information_en.pdf,"A. MANUFACTURER OF THE BIOLOGICAL ACTIVE SUBSTANCE AND
MANUFACTURER RESPONSIBLE FOR BATCH RELEASE
Name and address of the manufacturer of the biological active substance
Wyeth Pharmaceutical Division of Wyeth Holdings LLC,
401 North Middletown Road,
Pearl River, New York (NY) 10965
United States (USA)
Name and address of the manufacturer responsible for batch release
Pfizer Service Company BV
Hermeslaan 11
1932 Zaventem
Belgium",Pfizer Service Company BV,"Hermeslaan 11
1932 Zaventem
Belgium",Belgium,2
47,Olazax Disperzi,olanzapine,N05AH03,https://www.ema.europa.eu/en/medicines/human/EPAR/olazax-disperzi,https://www.ema.europa.eu/en/documents/product-information/olazax-disperzi-epar-product-information_en.pdf,"A. MANUFACTURERS RESPONSIBLE FOR BATCH RELEASE
Name and address of the manufacturer responsible for batch release
Glenmark Pharmaceuticals s.r.o
Fibíchova 143, 566 17
Vysoké Mýto
Czech Republic",Glenmark Pharmaceuticals s.r.o,"Fibíchova 143, 566 17
Vysoké Mýto
Czech Republic",Czech Republic,2
48,Olazax,olanzapine,N05AH03,https://www.ema.europa.eu/en/medicines/human/EPAR/olazax,https://www.ema.europa.eu/en/documents/product-information/olazax-epar-product-information_en.pdf,"A. MANUFACTURER(S) RESPONSIBLE FOR BATCH RELEASE
Name and address of the manufacturer responsible for batch release
Glenmark Pharmaceuticals s.r.o
Fibíchova 143, 566 17
Vysoké Mýto
Czech Republic",Glenmark Pharmaceuticals s.r.o,"Fibíchova 143, 566 17
Vysoké Mýto
Czech Republic",Czech Republic,2
49,Tobi Podhaler,tobramycin,J01GB01,https://www.ema.europa.eu/en/medicines/human/EPAR/tobi-podhaler,https://www.ema.europa.eu/en/documents/product-information/tobi-podhaler-epar-product-information_en.pdf,"A. MANUFACTURER(S) RESPONSIBLE FOR BATCH RELEASE
Name and address of the manufacturer(s) responsible for batch release
McDermott Laboratories Ltd T/A Mylan Dublin Respiratory
Unit 25, Baldoyle Industrial Estate
Grange Road, Baldoyle
Dublin 13, D13 N5X2
Ireland
Viatris Germany GmbH
Zweigniederlassung Bad Homburg v. d. Hoehe
Benzstrasse 1
61352 Bad Homburg v. d. Hoehe
Germany",McDermott Laboratories Ltd T/A Mylan Dublin Respiratory,"Unit 25, Baldoyle Industrial Estate
Grange Road, Baldoyle
Dublin 13, D13 N5X2
Ireland",Ireland,2
50,Tobi Podhaler,tobramycin,J01GB01,https://www.ema.europa.eu/en/medicines/human/EPAR/tobi-podhaler,https://www.ema.europa.eu/en/documents/product-information/tobi-podhaler-epar-product-information_en.pdf,"A. MANUFACTURER(S) RESPONSIBLE FOR BATCH RELEASE
Name and address of the manufacturer(s) responsible for batch release
McDermott Laboratories Ltd T/A Mylan Dublin Respiratory
Unit 25, Baldoyle Industrial Estate
Grange Road, Baldoyle
Dublin 13, D13 N5X2
Ireland
Viatris Germany GmbH
Zweigniederlassung Bad Homburg v. d. Hoehe
Benzstrasse 1
61352 Bad Homburg v. d. Hoehe
Germany",Viatris Germany GmbH,"Zweigniederlassung Bad Homburg v. d. Hoehe
Benzstrasse 1
61352 Bad Homburg v. d. Hoehe
Germany",Germany,2
51,Olanzapine Glenmark Europe,olanzapine,N05AH03,https://www.ema.europa.eu/en/medicines/human/EPAR/olanzapine-glenmark-europe,https://www.ema.europa.eu/en/documents/product-information/olanzapine-glenmark-europe-epar-product-information_en.pdf,"A. MANUFACTURER(S) RESPONSIBLE FOR BATCH RELEASE
Name and address of the manufacturer responsible for batch release
Glenmark Pharmaceuticals s.r.o
Fibíchova 143, 566 17
Vysoké Mýto
Czech Republic",Glenmark Pharmaceuticals s.r.o,"Fibíchova 143, 566 17
Vysoké Mýto
Czech Republic",Czech Republic,2
52,Olanzapine Glenmark,olanzapine,N05AH03,https://www.ema.europa.eu/en/medicines/human/EPAR/olanzapine-glenmark,https://www.ema.europa.eu/en/documents/product-information/olanzapine-glenmark-epar-product-information_en.pdf,"A. MANUFACTURER(S) RESPONSIBLE FOR BATCH RELEASE
Name and address of the manufacturer responsible for batch release
Glenmark Pharmaceuticals s.r.o
Fibíchova 143, 566 17
Vysoké Mýto
Czech Republic",Glenmark Pharmaceuticals s.r.o,"Fibíchova 143, 566 17
Vysoké Mýto
Czech Republic",Czech Republic,2
53,Ixiaro,"Japanese-encephalitis virus, inactivated (attenuated strain SA14-14-2 grown in vero cells)",J07BA02,https://www.ema.europa.eu/en/medicines/human/EPAR/ixiaro,https://www.ema.europa.eu/en/documents/product-information/ixiaro-epar-product-information_en.pdf,"A. MANUFACTURER(S) OF THE BIOLOGICAL ACTIVE SUBSTANCE(S) AND
MANUFACTURER(S) RESPONSIBLE FOR BATCH RELEASE
Name and address of the manufacturer(s) of the biological active substance(s)
Valneva Scotland Ltd.
Oakbank Park Road
Livingston EH53 0TG
United Kingdom
and
Valneva Scotland Limited
1 Oakbank Park Place
Livingston EH53 0TN
United Kingdom
Name and address of the manufacturer(s) responsible for batch release
Valneva Austria GmbH
Campus Vienna Biocenter 3
1030 Wien
Austria",Valneva Scotland Ltd.,"Oakbank Park Road
Livingston EH53 0TG
United Kingdom",United Kingdom,1
54,Ixiaro,"Japanese-encephalitis virus, inactivated (attenuated strain SA14-14-2 grown in vero cells)",J07BA02,https://www.ema.europa.eu/en/medicines/human/EPAR/ixiaro,https://www.ema.europa.eu/en/documents/product-information/ixiaro-epar-product-information_en.pdf,"A. MANUFACTURER(S) OF THE BIOLOGICAL ACTIVE SUBSTANCE(S) AND
MANUFACTURER(S) RESPONSIBLE FOR BATCH RELEASE
Name and address of the manufacturer(s) of the biological active substance(s)
Valneva Scotland Ltd.
Oakbank Park Road
Livingston EH53 0TG
United Kingdom
and
Valneva Scotland Limited
1 Oakbank Park Place
Livingston EH53 0TN
United Kingdom
Name and address of the manufacturer(s) responsible for batch release
Valneva Austria GmbH
Campus Vienna Biocenter 3
1030 Wien
Austria",Valneva Scotland Limited,"1 Oakbank Park Place
Livingston EH53 0TN
United Kingdom",United Kingdom,1
55,Ixiaro,"Japanese-encephalitis virus, inactivated (attenuated strain SA14-14-2 grown in vero cells)",J07BA02,https://www.ema.europa.eu/en/medicines/human/EPAR/ixiaro,https://www.ema.europa.eu/en/documents/product-information/ixiaro-epar-product-information_en.pdf,"A. MANUFACTURER(S) OF THE BIOLOGICAL ACTIVE SUBSTANCE(S) AND
MANUFACTURER(S) RESPONSIBLE FOR BATCH RELEASE
Name and address of the manufacturer(s) of the biological active substance(s)
Valneva Scotland Ltd.
Oakbank Park Road
Livingston EH53 0TG
United Kingdom
and
Valneva Scotland Limited
1 Oakbank Park Place
Livingston EH53 0TN
United Kingdom
Name and address of the manufacturer(s) responsible for batch release
Valneva Austria GmbH
Campus Vienna Biocenter 3
1030 Wien
Austria",Valneva Austria GmbH,"Campus Vienna Biocenter 3
1030 Wien
Austria",Austria,2
56,Gardasil 9,"human papillomavirus vaccine [types 6, 11, 16, 18, 31, 33, 45, 52, 58] (recombinant, adsorbed)",J07BM03,https://www.ema.europa.eu/en/medicines/human/EPAR/gardasil-9,https://www.ema.europa.eu/en/documents/product-information/gardasil-9-epar-product-information_en.pdf,"A. MANUFACTURER(S) OF THE BIOLOGICAL ACTIVE SUBSTANCE(S) AND
MANUFACTURER(S) RESPONSIBLE FOR BATCH RELEASE
Name and address of the manufacturer(s) of the biological active substance(s)
Merck Sharp & Dohme LLC
2778 South East Side Highway
Elkton, Virginia 22827
USA
Merck Sharp & Dohme LLC
770 Sumneytown Pike
West Point, Pennsylvania 19486
USA
Boehringer Ingelheim RCV GmbH & Co KG
Dr. Boehringer-Gasse 5-11
Meidling, Vienna, 1121
Austria
Name and address of the manufacturer(s) responsible for batch release
Merck Sharp & Dohme B.V.
Waarderweg 39
2031 BN Haarlem
The Netherlands",Merck Sharp & Dohme LLC,"2778 South East Side Highway
Elkton, Virginia 22827
USA",United States,1
57,Gardasil 9,"human papillomavirus vaccine [types 6, 11, 16, 18, 31, 33, 45, 52, 58] (recombinant, adsorbed)",J07BM03,https://www.ema.europa.eu/en/medicines/human/EPAR/gardasil-9,https://www.ema.europa.eu/en/documents/product-information/gardasil-9-epar-product-information_en.pdf,"A. MANUFACTURER(S) OF THE BIOLOGICAL ACTIVE SUBSTANCE(S) AND
MANUFACTURER(S) RESPONSIBLE FOR BATCH RELEASE
Name and address of the manufacturer(s) of the biological active substance(s)
Merck Sharp & Dohme LLC
2778 South East Side Highway
Elkton, Virginia 22827
USA
Merck Sharp & Dohme LLC
770 Sumneytown Pike
West Point, Pennsylvania 19486
USA
Boehringer Ingelheim RCV GmbH & Co KG
Dr. Boehringer-Gasse 5-11
Meidling, Vienna, 1121
Austria
Name and address of the manufacturer(s) responsible for batch release
Merck Sharp & Dohme B.V.
Waarderweg 39
2031 BN Haarlem
The Netherlands",Merck Sharp & Dohme LLC,"770 Sumneytown Pike
West Point, Pennsylvania 19486
USA",United States,1
58,Gardasil 9,"human papillomavirus vaccine [types 6, 11, 16, 18, 31, 33, 45, 52, 58] (recombinant, adsorbed)",J07BM03,https://www.ema.europa.eu/en/medicines/human/EPAR/gardasil-9,https://www.ema.europa.eu/en/documents/product-information/gardasil-9-epar-product-information_en.pdf,"A. MANUFACTURER(S) OF THE BIOLOGICAL ACTIVE SUBSTANCE(S) AND
MANUFACTURER(S) RESPONSIBLE FOR BATCH RELEASE
Name and address of the manufacturer(s) of the biological active substance(s)
Merck Sharp & Dohme LLC
2778 South East Side Highway
Elkton, Virginia 22827
USA
Merck Sharp & Dohme LLC
770 Sumneytown Pike
West Point, Pennsylvania 19486
USA
Boehringer Ingelheim RCV GmbH & Co KG
Dr. Boehringer-Gasse 5-11
Meidling, Vienna, 1121
Austria
Name and address of the manufacturer(s) responsible for batch release
Merck Sharp & Dohme B.V.
Waarderweg 39
2031 BN Haarlem
The Netherlands",Boehringer Ingelheim RCV GmbH & Co KG,"Dr. Boehringer-Gasse 5-11
Meidling, Vienna, 1121
Austria",Austria,1
59,Gardasil 9,"human papillomavirus vaccine [types 6, 11, 16, 18, 31, 33, 45, 52, 58] (recombinant, adsorbed)",J07BM03,https://www.ema.europa.eu/en/medicines/human/EPAR/gardasil-9,https://www.ema.europa.eu/en/documents/product-information/gardasil-9-epar-product-information_en.pdf,"A. MANUFACTURER(S) OF THE BIOLOGICAL ACTIVE SUBSTANCE(S) AND
MANUFACTURER(S) RESPONSIBLE FOR BATCH RELEASE
Name and address of the manufacturer(s) of the biological active substance(s)
Merck Sharp & Dohme LLC
2778 South East Side Highway
Elkton, Virginia 22827
USA
Merck Sharp & Dohme LLC
770 Sumneytown Pike
West Point, Pennsylvania 19486
USA
Boehringer Ingelheim RCV GmbH & Co KG
Dr. Boehringer-Gasse 5-11
Meidling, Vienna, 1121
Austria
Name and address of the manufacturer(s) responsible for batch release
Merck Sharp & Dohme B.V.
Waarderweg 39
2031 BN Haarlem
The Netherlands",Merck Sharp & Dohme B.V.,"Waarderweg 39
2031 BN Haarlem
The Netherlands",Netherlands,2
60,Oncaspar,pegaspargase,L01XX24,https://www.ema.europa.eu/en/medicines/human/EPAR/oncaspar,https://www.ema.europa.eu/en/documents/product-information/oncaspar-epar-product-information_en.pdf,,"Exelead, Inc.
","Exelead, Inc.
6925 Guion Road
Indianapolis
Indiana 46268
USA",USA,1
61,Oncaspar,pegaspargase,L01XX24,https://www.ema.europa.eu/en/medicines/human/EPAR/oncaspar,https://www.ema.europa.eu/en/documents/product-information/oncaspar-epar-product-information_en.pdf,,"Les Laboratoires Servier Industrie
","Les Laboratoires Servier Industrie
905 Route de Saran
45520 Gidy
France",France,2
62,Xromi,hydroxycarbamide,L01XX05,https://www.ema.europa.eu/en/medicines/human/EPAR/xromi,https://www.ema.europa.eu/en/documents/product-information/xromi-epar-product-information_en.pdf,,"Pronav Clinical Ltd.
","Pronav Clinical Ltd.
Unit 5
Dublin Road Business Park
Carraroe, Sligo
F91 D439
Ireland",Ireland,2
63,Xromi,hydroxycarbamide,L01XX05,https://www.ema.europa.eu/en/medicines/human/EPAR/xromi,https://www.ema.europa.eu/en/documents/product-information/xromi-epar-product-information_en.pdf,,"Lipomed GmbH
","Lipomed GmbH
Hegenheimer Strasse 2
79576 Weil am Rhein
Germany",Germany,2
64,Siklos,hydroxycarbamide,L01XX05,https://www.ema.europa.eu/en/medicines/human/EPAR/siklos,https://www.ema.europa.eu/en/documents/product-information/siklos-epar-product-information_en.pdf,,"Delpharm Lille
","Delpharm Lille
Parc d’Activités Roubaix-Est
22 rue de Toufflers
CS 50070
59452 Lys-lez-Lannoy
France",France,2
65,Darzalex,daratumumab,L01FC01,https://www.ema.europa.eu/en/medicines/human/EPAR/darzalex,https://www.ema.europa.eu/en/documents/product-information/darzalex-epar-product-information_en.pdf,,"Biogen Inc.
","Biogen Inc.
5000 Davis Drive
Research Triangle Park
North Carolina
27709
United States",United States,1
66,Darzalex,daratumumab,L01FC01,https://www.ema.europa.eu/en/medicines/human/EPAR/darzalex,https://www.ema.europa.eu/en/documents/product-information/darzalex-epar-product-information_en.pdf,,"FUJIFILM Diosynth Biotechnologies Denmark ApS
","FUJIFILM Diosynth Biotechnologies Denmark ApS
Biotek Alle 1
Hillerod, 3400
Denmark",Denmark,1
67,Darzalex,daratumumab,L01FC01,https://www.ema.europa.eu/en/medicines/human/EPAR/darzalex,https://www.ema.europa.eu/en/documents/product-information/darzalex-epar-product-information_en.pdf,,"Janssen Sciences Ireland UC
","Janssen Sciences Ireland UC
Barnahely
Ringaskiddy
Cork
Ireland",Ireland,1
68,Darzalex,daratumumab,L01FC01,https://www.ema.europa.eu/en/medicines/human/EPAR/darzalex,https://www.ema.europa.eu/en/documents/product-information/darzalex-epar-product-information_en.pdf,,"Samsung Biologics Co, Ltd.
","Samsung Biologics Co, Ltd.
300, Songdo bio-daero
Yeonsu-gu
Incheon, Republic of Korea",Republic of Korea,1
69,Darzalex,daratumumab,L01FC01,https://www.ema.europa.eu/en/medicines/human/EPAR/darzalex,https://www.ema.europa.eu/en/documents/product-information/darzalex-epar-product-information_en.pdf,,"Janssen Biologics B.V.
","Janssen Biologics B.V.
Einsteinweg 101
NL-2333 CB Leiden
The Netherlands",The Netherlands,2
70,Darzalex,daratumumab,L01FC01,https://www.ema.europa.eu/en/medicines/human/EPAR/darzalex,https://www.ema.europa.eu/en/documents/product-information/darzalex-epar-product-information_en.pdf,,"Janssen Pharmaceutica NV
","Janssen Pharmaceutica NV
Turnhoutseweg 30
B-2340 Beerse
Belgium",Belgium,2
71,Advate,octocog alfa,B02BD02,https://www.ema.europa.eu/en/medicines/human/EPAR/advate,https://www.ema.europa.eu/en/documents/product-information/advate-epar-product-information_en.pdf,,"Baxalta Manufacturing Sàrl
","Baxalta Manufacturing Sàrl
Route de Pierre-à-Bot 111
CH-2000 Neuchâtel
Switzerland",Switzerland,1
72,Advate,octocog alfa,B02BD02,https://www.ema.europa.eu/en/medicines/human/EPAR/advate,https://www.ema.europa.eu/en/documents/product-information/advate-epar-product-information_en.pdf,,"Takeda Manufacturing Singapore Pte. Ltd.
","Takeda Manufacturing Singapore Pte. Ltd.
2A Woodlands Industrial Park D Street 2
Singapore 737779
Singapore",Singapore,1
73,Advate,octocog alfa,B02BD02,https://www.ema.europa.eu/en/medicines/human/EPAR/advate,https://www.ema.europa.eu/en/documents/product-information/advate-epar-product-information_en.pdf,,"Baxalta Belgium Manufacturing SA
","Baxalta Belgium Manufacturing SA
Boulevard René Branquart 80
B-7860 Lessines
Belgium",Belgium,2
74,Dabigatran Etexilate Accord,dabigatran etexilate mesilate,B01AE07,https://www.ema.europa.eu/en/medicines/human/EPAR/dabigatran-etexilate-accord,https://www.ema.europa.eu/en/documents/product-information/dabigatran-etexilate-accord-epar-product-information_en.pdf,"A. MANUFACTURER(S) RESPONSIBLE FOR BATCH RELEASE
Name and address of the manufacturer(s) responsible for batch release
Accord Healthcare Polska Sp. z.o.o.
ul.Lutomierska 50,
95-200, Pabianice, Poland
Pharmadox Healthcare Limited
KW20A Kordin Industrial Park,
Paola PLA 3000, Malta
Accord Healthcare B.V.
Winthontlaan 200,
3526 KV Utrecht, Netherlands",,"ul.Lutomierska 50,
95-200, Pabianice, Poland",Poland,2
75,Dabigatran Etexilate Accord,dabigatran etexilate mesilate,B01AE07,https://www.ema.europa.eu/en/medicines/human/EPAR/dabigatran-etexilate-accord,https://www.ema.europa.eu/en/documents/product-information/dabigatran-etexilate-accord-epar-product-information_en.pdf,"A. MANUFACTURER(S) RESPONSIBLE FOR BATCH RELEASE
Name and address of the manufacturer(s) responsible for batch release
Accord Healthcare Polska Sp. z.o.o.
ul.Lutomierska 50,
95-200, Pabianice, Poland
Pharmadox Healthcare Limited
KW20A Kordin Industrial Park,
Paola PLA 3000, Malta
Accord Healthcare B.V.
Winthontlaan 200,
3526 KV Utrecht, Netherlands",Pharmadox Healthcare Limited,"KW20A Kordin Industrial Park,
Paola PLA 3000, Malta",Malta,2
76,Dabigatran Etexilate Accord,dabigatran etexilate mesilate,B01AE07,https://www.ema.europa.eu/en/medicines/human/EPAR/dabigatran-etexilate-accord,https://www.ema.europa.eu/en/documents/product-information/dabigatran-etexilate-accord-epar-product-information_en.pdf,"A. MANUFACTURER(S) RESPONSIBLE FOR BATCH RELEASE
Name and address of the manufacturer(s) responsible for batch release
Accord Healthcare Polska Sp. z.o.o.
ul.Lutomierska 50,
95-200, Pabianice, Poland
Pharmadox Healthcare Limited
KW20A Kordin Industrial Park,
Paola PLA 3000, Malta
Accord Healthcare B.V.
Winthontlaan 200,
3526 KV Utrecht, Netherlands",Accord Healthcare B.V.,"Winthontlaan 200,
3526 KV Utrecht, Netherlands",Netherlands,2
77,Noxafil,posaconazole,J02AC04,https://www.ema.europa.eu/en/medicines/human/EPAR/noxafil,https://www.ema.europa.eu/en/documents/product-information/noxafil-epar-product-information_en.pdf,"A MANUFACTURERS RESPONSIBLE FOR BATCH RELEASE
Name and address of the manufacturer (s) responsible for batch release
Organon Heist bv, Industriepark 30, 2220 Heist-op-den-Berg, Belgium
Merck Sharp & Dohme B. V. Waarderweg 39, 2031 BN, Haarlem, The Netherlands","Organon Heist bv, Industriepark 30, 2220 Heist-op-den-Berg, Belgium","Merck Sharp & Dohme B. V. Waarderweg 39, 2031 BN, Haarlem, The Netherlands",Netherlands,2
78,Noxafil,posaconazole,J02AC04,https://www.ema.europa.eu/en/medicines/human/EPAR/noxafil,https://www.ema.europa.eu/en/documents/other/noxafil-product-information-approved-chmp-23-june-2016-pending-endorsement-european-commission_en.pdf,"A MANUFACTURERS RESPONSIBLE FOR BATCH RELEASE
Name and address of the manufacturer responsible for batch release
Schering-Plough S.A., 2, rue Louis Pasteur; 14200 Hérouville St Clair, France
Schering-Plough Labo N.V., Industriepark 30, Zone A, BE-2220 Heist-op-den-Berg, Belgium","Schering-Plough S.A., 2, rue Louis Pasteur; 14200 Hérouville St Clair, France","Schering-Plough Labo N.V., Industriepark 30, Zone A, BE-2220 Heist-op-den-Berg, Belgium",Belgium,2
79,Keytruda,pembrolizumab,L01FF02,https://www.ema.europa.eu/en/medicines/human/EPAR/keytruda,https://www.ema.europa.eu/en/documents/product-information/keytruda-epar-product-information_en.pdf,"A. MANUFACTURERS OF THE BIOLOGICAL ACTIVE SUBSTANCE AND
MANUFACTURERS RESPONSIBLE FOR BATCH RELEASE
Name and address of the manufacturers of the biological active substance
AstraZeneca Pharmaceuticals LP
Frederick Manufacturing Center (FMC)
633 Research Court
Frederick, Maryland 21703
U.S.
Boehringer Ingelheim (BIB)
Pharma GmbH & Co. KG
Birkendorfer Straße 65
88397 Biberach an der Riss
Germany
MSD Biotech B.V.
Vollenhovermeer 2
5347 JV Oss
The Netherlands
Boehringer Ingelheim Fremont, Inc. (BIF)
6701 Kaiser Drive
Fremont, California 94555
U.S.
MSD International GmbH (DUB)
Drynam Road
Swords, Dublin K67 P263
Ireland
Samsung Biologics Co., Ltd (SBL)
300 Songdo bio-daero, Yeonsu-gu
Incheon, South Korea 21987
Name and address of the manufacturers responsible for batch release
Organon Heist bv
Industriepark 30
2220 Heist-op-den-Berg
Belgium
Merck Sharp & Dohme B.V.
Waarderweg 39
2031 BN Haarlem
The Netherlands",AstraZeneca Pharmaceuticals LP,"Frederick Manufacturing Center (FMC)
633 Research Court
Frederick, Maryland 21703
U.S.",United States,1
80,Keytruda,pembrolizumab,L01FF02,https://www.ema.europa.eu/en/medicines/human/EPAR/keytruda,https://www.ema.europa.eu/en/documents/product-information/keytruda-epar-product-information_en.pdf,"A. MANUFACTURERS OF THE BIOLOGICAL ACTIVE SUBSTANCE AND
MANUFACTURERS RESPONSIBLE FOR BATCH RELEASE
Name and address of the manufacturers of the biological active substance
AstraZeneca Pharmaceuticals LP
Frederick Manufacturing Center (FMC)
633 Research Court
Frederick, Maryland 21703
U.S.
Boehringer Ingelheim (BIB)
Pharma GmbH & Co. KG
Birkendorfer Straße 65
88397 Biberach an der Riss
Germany
MSD Biotech B.V.
Vollenhovermeer 2
5347 JV Oss
The Netherlands
Boehringer Ingelheim Fremont, Inc. (BIF)
6701 Kaiser Drive
Fremont, California 94555
U.S.
MSD International GmbH (DUB)
Drynam Road
Swords, Dublin K67 P263
Ireland
Samsung Biologics Co., Ltd (SBL)
300 Songdo bio-daero, Yeonsu-gu
Incheon, South Korea 21987
Name and address of the manufacturers responsible for batch release
Organon Heist bv
Industriepark 30
2220 Heist-op-den-Berg
Belgium
Merck Sharp & Dohme B.V.
Waarderweg 39
2031 BN Haarlem
The Netherlands",Boehringer Ingelheim (BIB),"Pharma GmbH & Co. KG
Birkendorfer Straße 65
88397 Biberach an der Riss
Germany",Germany,1
81,Keytruda,pembrolizumab,L01FF02,https://www.ema.europa.eu/en/medicines/human/EPAR/keytruda,https://www.ema.europa.eu/en/documents/product-information/keytruda-epar-product-information_en.pdf,"A. MANUFACTURERS OF THE BIOLOGICAL ACTIVE SUBSTANCE AND
MANUFACTURERS RESPONSIBLE FOR BATCH RELEASE
Name and address of the manufacturers of the biological active substance
AstraZeneca Pharmaceuticals LP
Frederick Manufacturing Center (FMC)
633 Research Court
Frederick, Maryland 21703
U.S.
Boehringer Ingelheim (BIB)
Pharma GmbH & Co. KG
Birkendorfer Straße 65
88397 Biberach an der Riss
Germany
MSD Biotech B.V.
Vollenhovermeer 2
5347 JV Oss
The Netherlands
Boehringer Ingelheim Fremont, Inc. (BIF)
6701 Kaiser Drive
Fremont, California 94555
U.S.
MSD International GmbH (DUB)
Drynam Road
Swords, Dublin K67 P263
Ireland
Samsung Biologics Co., Ltd (SBL)
300 Songdo bio-daero, Yeonsu-gu
Incheon, South Korea 21987
Name and address of the manufacturers responsible for batch release
Organon Heist bv
Industriepark 30
2220 Heist-op-den-Berg
Belgium
Merck Sharp & Dohme B.V.
Waarderweg 39
2031 BN Haarlem
The Netherlands",MSD Biotech B.V.,"Vollenhovermeer 2
5347 JV Oss
The Netherlands",Netherlands,1
82,Keytruda,pembrolizumab,L01FF02,https://www.ema.europa.eu/en/medicines/human/EPAR/keytruda,https://www.ema.europa.eu/en/documents/product-information/keytruda-epar-product-information_en.pdf,"A. MANUFACTURERS OF THE BIOLOGICAL ACTIVE SUBSTANCE AND
MANUFACTURERS RESPONSIBLE FOR BATCH RELEASE
Name and address of the manufacturers of the biological active substance
AstraZeneca Pharmaceuticals LP
Frederick Manufacturing Center (FMC)
633 Research Court
Frederick, Maryland 21703
U.S.
Boehringer Ingelheim (BIB)
Pharma GmbH & Co. KG
Birkendorfer Straße 65
88397 Biberach an der Riss
Germany
MSD Biotech B.V.
Vollenhovermeer 2
5347 JV Oss
The Netherlands
Boehringer Ingelheim Fremont, Inc. (BIF)
6701 Kaiser Drive
Fremont, California 94555
U.S.
MSD International GmbH (DUB)
Drynam Road
Swords, Dublin K67 P263
Ireland
Samsung Biologics Co., Ltd (SBL)
300 Songdo bio-daero, Yeonsu-gu
Incheon, South Korea 21987
Name and address of the manufacturers responsible for batch release
Organon Heist bv
Industriepark 30
2220 Heist-op-den-Berg
Belgium
Merck Sharp & Dohme B.V.
Waarderweg 39
2031 BN Haarlem
The Netherlands","Boehringer Ingelheim Fremont, Inc. (BIF)","6701 Kaiser Drive
Fremont, California 94555
U.S.",United States,1
83,Keytruda,pembrolizumab,L01FF02,https://www.ema.europa.eu/en/medicines/human/EPAR/keytruda,https://www.ema.europa.eu/en/documents/product-information/keytruda-epar-product-information_en.pdf,"A. MANUFACTURERS OF THE BIOLOGICAL ACTIVE SUBSTANCE AND
MANUFACTURERS RESPONSIBLE FOR BATCH RELEASE
Name and address of the manufacturers of the biological active substance
AstraZeneca Pharmaceuticals LP
Frederick Manufacturing Center (FMC)
633 Research Court
Frederick, Maryland 21703
U.S.
Boehringer Ingelheim (BIB)
Pharma GmbH & Co. KG
Birkendorfer Straße 65
88397 Biberach an der Riss
Germany
MSD Biotech B.V.
Vollenhovermeer 2
5347 JV Oss
The Netherlands
Boehringer Ingelheim Fremont, Inc. (BIF)
6701 Kaiser Drive
Fremont, California 94555
U.S.
MSD International GmbH (DUB)
Drynam Road
Swords, Dublin K67 P263
Ireland
Samsung Biologics Co., Ltd (SBL)
300 Songdo bio-daero, Yeonsu-gu
Incheon, South Korea 21987
Name and address of the manufacturers responsible for batch release
Organon Heist bv
Industriepark 30
2220 Heist-op-den-Berg
Belgium
Merck Sharp & Dohme B.V.
Waarderweg 39
2031 BN Haarlem
The Netherlands",MSD International GmbH (DUB),"Drynam Road
Swords, Dublin K67 P263
Ireland",Ireland,1
84,Keytruda,pembrolizumab,L01FF02,https://www.ema.europa.eu/en/medicines/human/EPAR/keytruda,https://www.ema.europa.eu/en/documents/product-information/keytruda-epar-product-information_en.pdf,"A. MANUFACTURERS OF THE BIOLOGICAL ACTIVE SUBSTANCE AND
MANUFACTURERS RESPONSIBLE FOR BATCH RELEASE
Name and address of the manufacturers of the biological active substance
AstraZeneca Pharmaceuticals LP
Frederick Manufacturing Center (FMC)
633 Research Court
Frederick, Maryland 21703
U.S.
Boehringer Ingelheim (BIB)
Pharma GmbH & Co. KG
Birkendorfer Straße 65
88397 Biberach an der Riss
Germany
MSD Biotech B.V.
Vollenhovermeer 2
5347 JV Oss
The Netherlands
Boehringer Ingelheim Fremont, Inc. (BIF)
6701 Kaiser Drive
Fremont, California 94555
U.S.
MSD International GmbH (DUB)
Drynam Road
Swords, Dublin K67 P263
Ireland
Samsung Biologics Co., Ltd (SBL)
300 Songdo bio-daero, Yeonsu-gu
Incheon, South Korea 21987
Name and address of the manufacturers responsible for batch release
Organon Heist bv
Industriepark 30
2220 Heist-op-den-Berg
Belgium
Merck Sharp & Dohme B.V.
Waarderweg 39
2031 BN Haarlem
The Netherlands","Samsung Biologics Co., Ltd (SBL)","300 Songdo bio-daero, Yeonsu-gu
Incheon, South Korea 21987",South Korea,1
85,Keytruda,pembrolizumab,L01FF02,https://www.ema.europa.eu/en/medicines/human/EPAR/keytruda,https://www.ema.europa.eu/en/documents/product-information/keytruda-epar-product-information_en.pdf,"A. MANUFACTURERS OF THE BIOLOGICAL ACTIVE SUBSTANCE AND
MANUFACTURERS RESPONSIBLE FOR BATCH RELEASE
Name and address of the manufacturers of the biological active substance
AstraZeneca Pharmaceuticals LP
Frederick Manufacturing Center (FMC)
633 Research Court
Frederick, Maryland 21703
U.S.
Boehringer Ingelheim (BIB)
Pharma GmbH & Co. KG
Birkendorfer Straße 65
88397 Biberach an der Riss
Germany
MSD Biotech B.V.
Vollenhovermeer 2
5347 JV Oss
The Netherlands
Boehringer Ingelheim Fremont, Inc. (BIF)
6701 Kaiser Drive
Fremont, California 94555
U.S.
MSD International GmbH (DUB)
Drynam Road
Swords, Dublin K67 P263
Ireland
Samsung Biologics Co., Ltd (SBL)
300 Songdo bio-daero, Yeonsu-gu
Incheon, South Korea 21987
Name and address of the manufacturers responsible for batch release
Organon Heist bv
Industriepark 30
2220 Heist-op-den-Berg
Belgium
Merck Sharp & Dohme B.V.
Waarderweg 39
2031 BN Haarlem
The Netherlands",Organon Heist bv,"Industriepark 30
2220 Heist-op-den-Berg
Belgium",Belgium,2
86,Keytruda,pembrolizumab,L01FF02,https://www.ema.europa.eu/en/medicines/human/EPAR/keytruda,https://www.ema.europa.eu/en/documents/product-information/keytruda-epar-product-information_en.pdf,"A. MANUFACTURERS OF THE BIOLOGICAL ACTIVE SUBSTANCE AND
MANUFACTURERS RESPONSIBLE FOR BATCH RELEASE
Name and address of the manufacturers of the biological active substance
AstraZeneca Pharmaceuticals LP
Frederick Manufacturing Center (FMC)
633 Research Court
Frederick, Maryland 21703
U.S.
Boehringer Ingelheim (BIB)
Pharma GmbH & Co. KG
Birkendorfer Straße 65
88397 Biberach an der Riss
Germany
MSD Biotech B.V.
Vollenhovermeer 2
5347 JV Oss
The Netherlands
Boehringer Ingelheim Fremont, Inc. (BIF)
6701 Kaiser Drive
Fremont, California 94555
U.S.
MSD International GmbH (DUB)
Drynam Road
Swords, Dublin K67 P263
Ireland
Samsung Biologics Co., Ltd (SBL)
300 Songdo bio-daero, Yeonsu-gu
Incheon, South Korea 21987
Name and address of the manufacturers responsible for batch release
Organon Heist bv
Industriepark 30
2220 Heist-op-den-Berg
Belgium
Merck Sharp & Dohme B.V.
Waarderweg 39
2031 BN Haarlem
The Netherlands",Merck Sharp & Dohme B.V.,"Waarderweg 39
2031 BN Haarlem
The Netherlands",Netherlands,2
87,Zolsketil pegylated liposomal,"doxorubicin hydrochloride, liposomal",L01DB01,https://www.ema.europa.eu/en/medicines/human/EPAR/zolsketil-pegylated-liposomal,https://www.ema.europa.eu/en/documents/product-information/zolsketil-pegylated-liposomal-epar-product-information_en.pdf,"A. MANUFACTURER(S) RESPONSIBLE FOR BATCH RELEASE
Name and address of the manufacturer(s) responsible for batch release
Accord Healthcare Polska Sp. z o.o.,
ul. Lutomierska 50, Pabianice, 95-200
Poland
Accord Healthcare Single Member S.A.,
64th Km National Road, Athens,
Lamia, Schimatari, 32009,
Greece","Accord Healthcare Polska Sp. z o.o.,","ul. Lutomierska 50, Pabianice, 95-200
Poland",Poland,2
88,Zolsketil pegylated liposomal,"doxorubicin hydrochloride, liposomal",L01DB01,https://www.ema.europa.eu/en/medicines/human/EPAR/zolsketil-pegylated-liposomal,https://www.ema.europa.eu/en/documents/product-information/zolsketil-pegylated-liposomal-epar-product-information_en.pdf,"A. MANUFACTURER(S) RESPONSIBLE FOR BATCH RELEASE
Name and address of the manufacturer(s) responsible for batch release
Accord Healthcare Polska Sp. z o.o.,
ul. Lutomierska 50, Pabianice, 95-200
Poland
Accord Healthcare Single Member S.A.,
64th Km National Road, Athens,
Lamia, Schimatari, 32009,
Greece","Accord Healthcare Single Member S.A.,","64th Km National Road, Athens,
Lamia, Schimatari, 32009,
Greece",Greece,2
89,Supemtek,A/California/07/2009 (H1N1)pdm09-like strain (A/California/07/2009);A/Texas/50/2012 (H3N2)-like strain (A/Texas/50/2012);B/Brisbane/60/2008-like strain (B/Brisbane/60/2008),J07BB02,https://www.ema.europa.eu/en/medicines/human/EPAR/supemtek,https://www.ema.europa.eu/en/documents/product-information/supemtek-epar-product-information_en.pdf,"A. MANUFACTURER OF THE BIOLOGICAL ACTIVE SUBSTANCES AND
MANUFACTURER RESPONSIBLE FOR BATCH RELEASE
Name and address of the manufacturer of the biological active substances
Unigen Inc.
11 Azakamikasugo Miyaji Ikeda-cho
Ibi-gun Gifu
Japan
Name and address of the manufacturer responsible for batch release
Sanofi Winthrop Industrie
Voie de l’Institut - Parc Industriel d'Incarville
B P 101
27100 Val de Reuil
France",Unigen Inc.,"11 Azakamikasugo Miyaji Ikeda-cho
Ibi-gun Gifu
Japan",Japan,1
90,Supemtek,A/California/07/2009 (H1N1)pdm09-like strain (A/California/07/2009);A/Texas/50/2012 (H3N2)-like strain (A/Texas/50/2012);B/Brisbane/60/2008-like strain (B/Brisbane/60/2008),J07BB02,https://www.ema.europa.eu/en/medicines/human/EPAR/supemtek,https://www.ema.europa.eu/en/documents/product-information/supemtek-epar-product-information_en.pdf,"A. MANUFACTURER OF THE BIOLOGICAL ACTIVE SUBSTANCES AND
MANUFACTURER RESPONSIBLE FOR BATCH RELEASE
Name and address of the manufacturer of the biological active substances
Unigen Inc.
11 Azakamikasugo Miyaji Ikeda-cho
Ibi-gun Gifu
Japan
Name and address of the manufacturer responsible for batch release
Sanofi Winthrop Industrie
Voie de l’Institut - Parc Industriel d'Incarville
B P 101
27100 Val de Reuil
France",Sanofi Winthrop Industrie,"Voie de l’Institut - Parc Industriel d'Incarville
B P 101
27100 Val de Reuil
France",France,2
91,Viramune,nevirapine,J05AG01,https://www.ema.europa.eu/en/medicines/human/EPAR/viramune,https://www.ema.europa.eu/en/documents/product-information/viramune-epar-product-information_en.pdf,"A. MANUFACTURERS RESPONSIBLE FOR BATCH RELEASE
Name and address of the manufacturers responsible for batch release
Viramune 200 mg Tablets
Boehringer Ingelheim Pharma GmbH & Co. KG
Binger Strasse 173
55216 Ingelheim am Rhein
Germany
Boehringer Ingelheim Hellas Single Member S.A.
5th km Paiania – Markopoulo
Koropi Attiki, 19441
Greece
Boehringer Ingelheim France
100-104 avenue de France
75013 Paris
France
Viramune 50 mg/5 mL Oral suspension and Viramune 400 mg prolonged-release tablets
Boehringer Ingelheim Pharma GmbH & Co. KG
Binger Strasse 173
55216 Ingelheim am Rhein
Germany
Boehringer Ingelheim France
100-104 avenue de France
75013 Paris
France",Boehringer Ingelheim Pharma GmbH & Co. KG,"Binger Strasse 173
55216 Ingelheim am Rhein
Germany",Germany,2
92,Viramune,nevirapine,J05AG01,https://www.ema.europa.eu/en/medicines/human/EPAR/viramune,https://www.ema.europa.eu/en/documents/product-information/viramune-epar-product-information_en.pdf,"A. MANUFACTURERS RESPONSIBLE FOR BATCH RELEASE
Name and address of the manufacturers responsible for batch release
Viramune 200 mg Tablets
Boehringer Ingelheim Pharma GmbH & Co. KG
Binger Strasse 173
55216 Ingelheim am Rhein
Germany
Boehringer Ingelheim Hellas Single Member S.A.
5th km Paiania – Markopoulo
Koropi Attiki, 19441
Greece
Boehringer Ingelheim France
100-104 avenue de France
75013 Paris
France
Viramune 50 mg/5 mL Oral suspension and Viramune 400 mg prolonged-release tablets
Boehringer Ingelheim Pharma GmbH & Co. KG
Binger Strasse 173
55216 Ingelheim am Rhein
Germany
Boehringer Ingelheim France
100-104 avenue de France
75013 Paris
France",Boehringer Ingelheim Hellas Single Member S.A.,"5th km Paiania – Markopoulo
Koropi Attiki, 19441
Greece",Greece,2
93,Viramune,nevirapine,J05AG01,https://www.ema.europa.eu/en/medicines/human/EPAR/viramune,https://www.ema.europa.eu/en/documents/product-information/viramune-epar-product-information_en.pdf,"A. MANUFACTURERS RESPONSIBLE FOR BATCH RELEASE
Name and address of the manufacturers responsible for batch release
Viramune 200 mg Tablets
Boehringer Ingelheim Pharma GmbH & Co. KG
Binger Strasse 173
55216 Ingelheim am Rhein
Germany
Boehringer Ingelheim Hellas Single Member S.A.
5th km Paiania – Markopoulo
Koropi Attiki, 19441
Greece
Boehringer Ingelheim France
100-104 avenue de France
75013 Paris
France
Viramune 50 mg/5 mL Oral suspension and Viramune 400 mg prolonged-release tablets
Boehringer Ingelheim Pharma GmbH & Co. KG
Binger Strasse 173
55216 Ingelheim am Rhein
Germany
Boehringer Ingelheim France
100-104 avenue de France
75013 Paris
France",Boehringer Ingelheim France,"100-104 avenue de France
75013 Paris
France",France,2
94,Topotecan Hospira,topotecan,L01CE01,https://www.ema.europa.eu/en/medicines/human/EPAR/topotecan-hospira,https://www.ema.europa.eu/en/documents/product-information/topotecan-hospira-epar-product-information_en.pdf,"A. MANUFACTURER RESPONSIBLE FOR BATCH RELEASE
Name and address of the manufacturer responsible for batch release
Pfizer Service Company BV
Hermeslaan 11
1932 Zaventem
Belgium",Pfizer Service Company BV,"Hermeslaan 11
1932 Zaventem
Belgium",Belgium,2
95,Finlee,dabrafenib mesilate,L01EC02,https://www.ema.europa.eu/en/medicines/human/EPAR/finlee,https://www.ema.europa.eu/en/documents/product-information/finlee-epar-product-information_en.pdf,"A. MANUFACTURERS RESPONSIBLE FOR BATCH RELEASE
Name and address of the manufacturers responsible for batch release
Lek Pharmaceuticals d.d.
Verovškova ulica 57
1526, Ljubljana
Slovenia
Novartis Pharmaceutical Manufacturing LLC
Verovškova ulica 57
1000, Ljubljana
Slovenia
Novartis Farmacéutica S.A.
Gran Via de les Corts Catalanes 764
08013 Barcelona
Spain
Novartis Pharma GmbH
Sophie-Germain-Strasse 10
90443 Nuremberg
Germany",Lek Pharmaceuticals d.d.,"Verovškova ulica 57
1526, Ljubljana
Slovenia",Slovenia,2
96,Finlee,dabrafenib mesilate,L01EC02,https://www.ema.europa.eu/en/medicines/human/EPAR/finlee,https://www.ema.europa.eu/en/documents/product-information/finlee-epar-product-information_en.pdf,"A. MANUFACTURERS RESPONSIBLE FOR BATCH RELEASE
Name and address of the manufacturers responsible for batch release
Lek Pharmaceuticals d.d.
Verovškova ulica 57
1526, Ljubljana
Slovenia
Novartis Pharmaceutical Manufacturing LLC
Verovškova ulica 57
1000, Ljubljana
Slovenia
Novartis Farmacéutica S.A.
Gran Via de les Corts Catalanes 764
08013 Barcelona
Spain
Novartis Pharma GmbH
Sophie-Germain-Strasse 10
90443 Nuremberg
Germany",Novartis Pharmaceutical Manufacturing LLC,"Verovškova ulica 57
1000, Ljubljana
Slovenia",Slovenia,2
97,Finlee,dabrafenib mesilate,L01EC02,https://www.ema.europa.eu/en/medicines/human/EPAR/finlee,https://www.ema.europa.eu/en/documents/product-information/finlee-epar-product-information_en.pdf,"A. MANUFACTURERS RESPONSIBLE FOR BATCH RELEASE
Name and address of the manufacturers responsible for batch release
Lek Pharmaceuticals d.d.
Verovškova ulica 57
1526, Ljubljana
Slovenia
Novartis Pharmaceutical Manufacturing LLC
Verovškova ulica 57
1000, Ljubljana
Slovenia
Novartis Farmacéutica S.A.
Gran Via de les Corts Catalanes 764
08013 Barcelona
Spain
Novartis Pharma GmbH
Sophie-Germain-Strasse 10
90443 Nuremberg
Germany",Novartis Farmacéutica S.A.,"Gran Via de les Corts Catalanes 764
08013 Barcelona
Spain",Spain,2
98,Finlee,dabrafenib mesilate,L01EC02,https://www.ema.europa.eu/en/medicines/human/EPAR/finlee,https://www.ema.europa.eu/en/documents/product-information/finlee-epar-product-information_en.pdf,"A. MANUFACTURERS RESPONSIBLE FOR BATCH RELEASE
Name and address of the manufacturers responsible for batch release
Lek Pharmaceuticals d.d.
Verovškova ulica 57
1526, Ljubljana
Slovenia
Novartis Pharmaceutical Manufacturing LLC
Verovškova ulica 57
1000, Ljubljana
Slovenia
Novartis Farmacéutica S.A.
Gran Via de les Corts Catalanes 764
08013 Barcelona
Spain
Novartis Pharma GmbH
Sophie-Germain-Strasse 10
90443 Nuremberg
Germany",Novartis Pharma GmbH,"Sophie-Germain-Strasse 10
90443 Nuremberg
Germany",Germany,2
99,Flucelvax,A/Wisconsin/67/2022 (H1N1)pdm09-like strain (A/Georgia/12/2022 CVR-167) / A/District of Columbia/27/2023 (H3N2)-like strain (A/Victoria/800/2024 CVR-289) / B/Austria/1359417/2021-like strain (B/Singapore/WUH4618/2021),J07BB02,https://www.ema.europa.eu/en/medicines/human/EPAR/flucelvax,https://www.ema.europa.eu/en/documents/product-information/flucelvax-epar-product-information_en.pdf,"A. MANUFACTURER(S) OF THE BIOLOGICAL ACTIVE SUBSTANCE(S) AND
MANUFACTURER(S) RESPONSIBLE FOR BATCH RELEASE
Name and address of the manufacturer(s) of the biological active substance(s)
Seqirus Inc.
475 Green Oaks Parkway
Holly Springs
NC 27540
United States
Name and address of the manufacturer(s) responsible for batch release
Seqirus Netherlands B.V.
Paasheuvelweg 28
1105 BJ Amsterdam
Netherlands",Seqirus Inc.,"475 Green Oaks Parkway
Holly Springs
NC 27540
United States",United States,1
100,Flucelvax,A/Wisconsin/67/2022 (H1N1)pdm09-like strain (A/Georgia/12/2022 CVR-167) / A/District of Columbia/27/2023 (H3N2)-like strain (A/Victoria/800/2024 CVR-289) / B/Austria/1359417/2021-like strain (B/Singapore/WUH4618/2021),J07BB02,https://www.ema.europa.eu/en/medicines/human/EPAR/flucelvax,https://www.ema.europa.eu/en/documents/product-information/flucelvax-epar-product-information_en.pdf,"A. MANUFACTURER(S) OF THE BIOLOGICAL ACTIVE SUBSTANCE(S) AND
MANUFACTURER(S) RESPONSIBLE FOR BATCH RELEASE
Name and address of the manufacturer(s) of the biological active substance(s)
Seqirus Inc.
475 Green Oaks Parkway
Holly Springs
NC 27540
United States
Name and address of the manufacturer(s) responsible for batch release
Seqirus Netherlands B.V.
Paasheuvelweg 28
1105 BJ Amsterdam
Netherlands",Seqirus Netherlands B.V.,"Paasheuvelweg 28
1105 BJ Amsterdam
Netherlands",Netherlands,2
101,Adcetris,Brentuximab vedotin,L01FX05,https://www.ema.europa.eu/en/medicines/human/EPAR/adcetris,https://www.ema.europa.eu/en/documents/product-information/adcetris-epar-product-information_en.pdf,"A. MANUFACTURERS OF THE BIOLOGICAL ACTIVE SUBSTANCE AND
MANUFACTURERS RESPONSIBLE FOR BATCH RELEASE
Name and address of the manufacturers of the biological active substance
Piramal Healthcare UK Ltd.
Earls Road, Grangemouth
Stirlingshire, Scotland FK3 8XG
United Kingdom
Lonza AG
Lonzastrasse
3930 Visp
Switzerland
BSP Pharmaceuticals S.p.A.
Via Appia Km 65,561
Latina Scalo (LT) 04013
Italy
Name and address of the manufacturers responsible for batch release
Takeda Austria GmbH
St. Peter-Straβe 25
A-4020 Linz
Austria",Piramal Healthcare UK Ltd.,"Earls Road, Grangemouth
Stirlingshire, Scotland FK3 8XG
United Kingdom",United Kingdom,1
102,Adcetris,Brentuximab vedotin,L01FX05,https://www.ema.europa.eu/en/medicines/human/EPAR/adcetris,https://www.ema.europa.eu/en/documents/product-information/adcetris-epar-product-information_en.pdf,"A. MANUFACTURERS OF THE BIOLOGICAL ACTIVE SUBSTANCE AND
MANUFACTURERS RESPONSIBLE FOR BATCH RELEASE
Name and address of the manufacturers of the biological active substance
Piramal Healthcare UK Ltd.
Earls Road, Grangemouth
Stirlingshire, Scotland FK3 8XG
United Kingdom
Lonza AG
Lonzastrasse
3930 Visp
Switzerland
BSP Pharmaceuticals S.p.A.
Via Appia Km 65,561
Latina Scalo (LT) 04013
Italy
Name and address of the manufacturers responsible for batch release
Takeda Austria GmbH
St. Peter-Straβe 25
A-4020 Linz
Austria",Lonza AG,"Lonzastrasse
3930 Visp
Switzerland",Switzerland,1
103,Adcetris,Brentuximab vedotin,L01FX05,https://www.ema.europa.eu/en/medicines/human/EPAR/adcetris,https://www.ema.europa.eu/en/documents/product-information/adcetris-epar-product-information_en.pdf,"A. MANUFACTURERS OF THE BIOLOGICAL ACTIVE SUBSTANCE AND
MANUFACTURERS RESPONSIBLE FOR BATCH RELEASE
Name and address of the manufacturers of the biological active substance
Piramal Healthcare UK Ltd.
Earls Road, Grangemouth
Stirlingshire, Scotland FK3 8XG
United Kingdom
Lonza AG
Lonzastrasse
3930 Visp
Switzerland
BSP Pharmaceuticals S.p.A.
Via Appia Km 65,561
Latina Scalo (LT) 04013
Italy
Name and address of the manufacturers responsible for batch release
Takeda Austria GmbH
St. Peter-Straβe 25
A-4020 Linz
Austria",BSP Pharmaceuticals S.p.A.,"Via Appia Km 65,561
Latina Scalo (LT) 04013
Italy",Italy,1
104,Adcetris,Brentuximab vedotin,L01FX05,https://www.ema.europa.eu/en/medicines/human/EPAR/adcetris,https://www.ema.europa.eu/en/documents/product-information/adcetris-epar-product-information_en.pdf,"A. MANUFACTURERS OF THE BIOLOGICAL ACTIVE SUBSTANCE AND
MANUFACTURERS RESPONSIBLE FOR BATCH RELEASE
Name and address of the manufacturers of the biological active substance
Piramal Healthcare UK Ltd.
Earls Road, Grangemouth
Stirlingshire, Scotland FK3 8XG
United Kingdom
Lonza AG
Lonzastrasse
3930 Visp
Switzerland
BSP Pharmaceuticals S.p.A.
Via Appia Km 65,561
Latina Scalo (LT) 04013
Italy
Name and address of the manufacturers responsible for batch release
Takeda Austria GmbH
St. Peter-Straβe 25
A-4020 Linz
Austria",Takeda Austria GmbH,"St. Peter-Straβe 25
A-4020 Linz
Austria",Austria,2
105,Gazyvaro,obinutuzumab,L01FA03,https://www.ema.europa.eu/en/medicines/human/EPAR/gazyvaro,https://www.ema.europa.eu/en/documents/product-information/gazyvaro-epar-product-information_en.pdf,"A. MANUFACTURERS OF THE BIOLOGICAL ACTIVE SUBSTANCE AND
MANUFACTURER RESPONSIBLE FOR BATCH RELEASE
Name and address of the manufacturers of the biological active substance
Roche Diagnostics GmbH
Nonnenwald 2
82377 Penzberg
GERMANY
Fujifilm Diosynth Biotechnologies Denmark ApS
Biotek Allé 1
Hillerød, 3400
DENMARK
Name and address of the manufacturer responsible for batch release
Roche Pharma AG
Emil-Barell-Strasse 1
79639 Grenzach-Wyhlen
GERMANY",Roche Diagnostics GmbH,"Nonnenwald 2
82377 Penzberg
GERMANY",Germany,1
106,Gazyvaro,obinutuzumab,L01FA03,https://www.ema.europa.eu/en/medicines/human/EPAR/gazyvaro,https://www.ema.europa.eu/en/documents/product-information/gazyvaro-epar-product-information_en.pdf,"A. MANUFACTURERS OF THE BIOLOGICAL ACTIVE SUBSTANCE AND
MANUFACTURER RESPONSIBLE FOR BATCH RELEASE
Name and address of the manufacturers of the biological active substance
Roche Diagnostics GmbH
Nonnenwald 2
82377 Penzberg
GERMANY
Fujifilm Diosynth Biotechnologies Denmark ApS
Biotek Allé 1
Hillerød, 3400
DENMARK
Name and address of the manufacturer responsible for batch release
Roche Pharma AG
Emil-Barell-Strasse 1
79639 Grenzach-Wyhlen
GERMANY",Fujifilm Diosynth Biotechnologies Denmark ApS,"Biotek Allé 1
Hillerød, 3400
DENMARK",Denmark,1
107,Gazyvaro,obinutuzumab,L01FA03,https://www.ema.europa.eu/en/medicines/human/EPAR/gazyvaro,https://www.ema.europa.eu/en/documents/product-information/gazyvaro-epar-product-information_en.pdf,"A. MANUFACTURERS OF THE BIOLOGICAL ACTIVE SUBSTANCE AND
MANUFACTURER RESPONSIBLE FOR BATCH RELEASE
Name and address of the manufacturers of the biological active substance
Roche Diagnostics GmbH
Nonnenwald 2
82377 Penzberg
GERMANY
Fujifilm Diosynth Biotechnologies Denmark ApS
Biotek Allé 1
Hillerød, 3400
DENMARK
Name and address of the manufacturer responsible for batch release
Roche Pharma AG
Emil-Barell-Strasse 1
79639 Grenzach-Wyhlen
GERMANY",Roche Pharma AG,"Emil-Barell-Strasse 1
79639 Grenzach-Wyhlen
GERMANY",Germany,2
108,Pradaxa,dabigatran etexilate mesilate,B01AE07,https://www.ema.europa.eu/en/medicines/human/EPAR/pradaxa,https://www.ema.europa.eu/en/documents/product-information/pradaxa-epar-product-information_en.pdf,"A. MANUFACTURER(S) RESPONSIBLE FOR BATCH RELEASE
Name and address of the manufacturer(s) responsible for batch release of Pradaxa capsules:
Boehringer Ingelheim Pharma GmbH & Co. KG
Binger Strasse 173
55216 Ingelheim am Rhein
Germany
Boehringer Ingelheim France
100-104 avenue de France
75013 Paris
France
Name and address of the manufacturer(s) responsible for batch release of Pradaxa coated granules:
Boehringer Ingelheim Pharma GmbH & Co. KG
Binger Strasse 173
55216 Ingelheim am Rhein
Germany",Boehringer Ingelheim Pharma GmbH & Co. KG,"Binger Strasse 173
55216 Ingelheim am Rhein
Germany",Germany,2
109,Pradaxa,dabigatran etexilate mesilate,B01AE07,https://www.ema.europa.eu/en/medicines/human/EPAR/pradaxa,https://www.ema.europa.eu/en/documents/product-information/pradaxa-epar-product-information_en.pdf,"A. MANUFACTURER(S) RESPONSIBLE FOR BATCH RELEASE
Name and address of the manufacturer(s) responsible for batch release of Pradaxa capsules:
Boehringer Ingelheim Pharma GmbH & Co. KG
Binger Strasse 173
55216 Ingelheim am Rhein
Germany
Boehringer Ingelheim France
100-104 avenue de France
75013 Paris
France
Name and address of the manufacturer(s) responsible for batch release of Pradaxa coated granules:
Boehringer Ingelheim Pharma GmbH & Co. KG
Binger Strasse 173
55216 Ingelheim am Rhein
Germany",Boehringer Ingelheim France,"100-104 avenue de France
75013 Paris
France",France,2
110,Kirsty (previously Kixelle),insulin aspart,A10AB05,https://www.ema.europa.eu/en/medicines/human/EPAR/kirsty,https://www.ema.europa.eu/en/documents/product-information/kirsty-epar-product-information_en.pdf,"A. MANUFACTURER OF THE BIOLOGICAL ACTIVE SUBSTANCE AND
MANUFACTURER RESPONSIBLE FOR BATCH RELEASE
Name and address of the manufacturer of the biological active substance
Biocon Sdn. Bhd.
No. 1, Jalan Bioteknologi 1
Kawasan Perindusterian SiLC
79200 Iskandar Puteri,
Johor
Malaysia
Name and address of the manufacturer responsible for batch release
Kirsty vial, cartridge and pre-filled pen:
Biosimilar Collaborations Ireland Limited
Block B The Crescent Building
Santry Demesne
D09 C6X8
Dublin
Ireland",Biocon Sdn. Bhd,"Kawasan Perindusterian SiLC
79200 Iskandar Puteri,
Johor
Malaysia",,1
111,Kirsty (previously Kixelle),insulin aspart,A10AB05,https://www.ema.europa.eu/en/medicines/human/EPAR/kirsty,https://www.ema.europa.eu/en/documents/product-information/kirsty-epar-product-information_en.pdf,"A. MANUFACTURER OF THE BIOLOGICAL ACTIVE SUBSTANCE AND
MANUFACTURER RESPONSIBLE FOR BATCH RELEASE
Name and address of the manufacturer of the biological active substance
Biocon Sdn. Bhd.
No. 1, Jalan Bioteknologi 1
Kawasan Perindusterian SiLC
79200 Iskandar Puteri,
Johor
Malaysia
Name and address of the manufacturer responsible for batch release
Kirsty vial, cartridge and pre-filled pen:
Biosimilar Collaborations Ireland Limited
Block B The Crescent Building
Santry Demesne
D09 C6X8
Dublin
Ireland",Biosimilar Collaborations Ireland Limited,"Block B The Crescent Building
Santry Demesne
D09 C6X8
Dublin
Ireland",Ireland,2
112,Kirsty (previously Kixelle),insulin aspart,A10AB05,https://www.ema.europa.eu/en/medicines/human/EPAR/kirsty,https://www.ema.europa.eu/en/documents/product-information/kirsty-epar-product-information_en.pdf,"A. MANUFACTURER OF THE BIOLOGICAL ACTIVE SUBSTANCE AND
MANUFACTURER RESPONSIBLE FOR BATCH RELEASE
Name and address of the manufacturer of the biological active substance
Biocon Sdn. Bhd.
No. 1, Jalan Bioteknologi 1
Kawasan Perindusterian SiLC
79200 Iskandar Puteri,
Johor
Malaysia
Name and address of the manufacturer responsible for batch release
Kirsty vial, cartridge and pre-filled pen:
Biosimilar Collaborations Ireland Limited
Block B The Crescent Building
Santry Demesne
D09 C6X8
Dublin
Ireland",Ireland Limited,"The Crescent Building
Demesne
C6X8
Dublin
Ireland",Ireland,2
113,Lysodren,mitotane,L01XX23,https://www.ema.europa.eu/en/medicines/human/EPAR/lysodren,https://www.ema.europa.eu/en/documents/product-information/lysodren-epar-product-information_en.pdf,"A. MANUFACTURER(S) RESPONSIBLE FOR BATCH RELEASE
Name and address of the manufacturer responsible for batch release
Latina Pharma S.p.A.
Via Murillo, 7
04013 Sermoneta (LT)
Italy
or
Centre Spécialités Pharmaceutiques
76-78, avenue du Midi
63800 Cournon d’Auvergne
France",Latina Pharma S.p.A.,"Via Murillo, 7
04013 Sermoneta (LT)
Italy",Italy,2
114,Lysodren,mitotane,L01XX23,https://www.ema.europa.eu/en/medicines/human/EPAR/lysodren,https://www.ema.europa.eu/en/documents/product-information/lysodren-epar-product-information_en.pdf,"A. MANUFACTURER(S) RESPONSIBLE FOR BATCH RELEASE
Name and address of the manufacturer responsible for batch release
Latina Pharma S.p.A.
Via Murillo, 7
04013 Sermoneta (LT)
Italy
or
Centre Spécialités Pharmaceutiques
76-78, avenue du Midi
63800 Cournon d’Auvergne
France",Centre Spécialités Pharmaceutiques,"76-78, avenue du Midi
63800 Cournon d’Auvergne
France",France,2
115,Alkindi,hydrocortisone,H02AB09,https://www.ema.europa.eu/en/medicines/human/EPAR/alkindi,https://www.ema.europa.eu/en/documents/product-information/alkindi-epar-product-information_en.pdf,"A. MANUFACTURER(S) RESPONSIBLE FOR BATCH RELEASE
Name and address of the manufacturer(s) responsible for batch release
Delpharm Lille SAS
Parc d'Activités Roubaix-Est
22 rue de Toufflers CS 50070
Lys Lez Lannoy, 59 452
France
Skyepharma Production S.A.S.
Zone Industrielle Chesnes Ouest
55 Rue du Montmurier
Saint-Quentin-Fallavier, 38070
France.",Delpharm Lille SAS,"Parc d'Activités Roubaix-Est
22 rue de Toufflers CS 50070
Lys Lez Lannoy, 59 452
France",France,2
116,Alkindi,hydrocortisone,H02AB09,https://www.ema.europa.eu/en/medicines/human/EPAR/alkindi,https://www.ema.europa.eu/en/documents/product-information/alkindi-epar-product-information_en.pdf,"A. MANUFACTURER(S) RESPONSIBLE FOR BATCH RELEASE
Name and address of the manufacturer(s) responsible for batch release
Delpharm Lille SAS
Parc d'Activités Roubaix-Est
22 rue de Toufflers CS 50070
Lys Lez Lannoy, 59 452
France
Skyepharma Production S.A.S.
Zone Industrielle Chesnes Ouest
55 Rue du Montmurier
Saint-Quentin-Fallavier, 38070
France.",Skyepharma Production S.A.S.,"Zone Industrielle Chesnes Ouest
55 Rue du Montmurier
Saint-Quentin-Fallavier, 38070
France.",France,2
117,Cayston,aztreonam lysine,J01DF01,https://www.ema.europa.eu/en/medicines/human/EPAR/cayston,https://www.ema.europa.eu/en/documents/product-information/cayston-epar-product-information_en.pdf,"A. MANUFACTURER(S) RESPONSIBLE FOR BATCH RELEASE
Name and address of the manufacturer(s) responsible for batch release
Gilead Sciences Ireland UC
IDA Business & Technology Park
Carrigtohill
County Cork
Ireland",Gilead Sciences Ireland UC,"IDA Business & Technology Park
Carrigtohill
County Cork
Ireland",Ireland,2
118,Zyprexa,olanzapine,N05AH03,https://www.ema.europa.eu/en/medicines/human/EPAR/zyprexa,https://www.ema.europa.eu/en/documents/product-information/zyprexa-epar-product-information_en.pdf,"A. MANUFACTURERS RESPONSIBLE FOR BATCH RELEASE
Name and address of the manufacturer(s) responsible for batch release
Coated Tablets
Fidelio Healthcare Limburg GmbH, Mundipharmastraße 2, 65549 Limburg an der Lahn, Germany.
CHEPLAPHARM Registration GmbH, Weiler Straße 5e, 79540 Lörrach, Germany.
Powder for solution for injection
Lilly S.A., Avda. de la Industria 30, 28108 Alcobendas, Madrid, Spain.
Prestige Promotion Verkaufsfoerderung & Werbeservice GmbH, Borsigstrasse 2, 63755 Alzenau,
Germany.
CHEPLAPHARM Registration GmbH, Weiler Straße 5e, 79540 Lörrach, Germany.",Fidelio Healthcare Limburg GmbH,"Mundipharmastraße 2
65549 Limburg an der Lahn
Germany.",Germany,2
119,Zyprexa,olanzapine,N05AH03,https://www.ema.europa.eu/en/medicines/human/EPAR/zyprexa,,"A. MANUFACTURERS RESPONSIBLE FOR BATCH RELEASE
Name and address of the manufacturer(s) responsible for batch release
Coated Tablets
Fidelio Healthcare Limburg GmbH, Mundipharmastraße 2, 65549 Limburg an der Lahn, Germany.
CHEPLAPHARM Registration GmbH, Weiler Straße 5e, 79540 Lörrach, Germany.
Powder for solution for injection
Lilly S.A., Avda. de la Industria 30, 28108 Alcobendas, Madrid, Spain.
Prestige Promotion Verkaufsfoerderung & Werbeservice GmbH, Borsigstrasse 2, 63755 Alzenau,
Germany.
CHEPLAPHARM Registration GmbH, Weiler Straße 5e, 79540 Lörrach, Germany.",CHEPLAPHARM Registration GmbH,"Weiler Straße 5e
79540 Lörrach
Germany.",Germany,2
120,Zyprexa,olanzapine,N05AH03,https://www.ema.europa.eu/en/medicines/human/EPAR/zyprexa,https://www.ema.europa.eu/en/documents/product-information/zyprexa-epar-product-information_en.pdf,"A. MANUFACTURERS RESPONSIBLE FOR BATCH RELEASE
Name and address of the manufacturer(s) responsible for batch release
Coated Tablets
Fidelio Healthcare Limburg GmbH, Mundipharmastraße 2, 65549 Limburg an der Lahn, Germany.
CHEPLAPHARM Registration GmbH, Weiler Straße 5e, 79540 Lörrach, Germany.
Powder for solution for injection
Lilly S.A., Avda. de la Industria 30, 28108 Alcobendas, Madrid, Spain.
Prestige Promotion Verkaufsfoerderung & Werbeservice GmbH, Borsigstrasse 2, 63755 Alzenau,
Germany.
CHEPLAPHARM Registration GmbH, Weiler Straße 5e, 79540 Lörrach, Germany.",Lilly S.A.,"Avda. de la Industria 30, 28108 Alcobendas, Madrid",Spain,2
121,Zyprexa,olanzapine,N05AH03,https://www.ema.europa.eu/en/medicines/human/EPAR/zyprexa,https://www.ema.europa.eu/en/documents/product-information/zyprexa-epar-product-information_en.pdf,"A. MANUFACTURERS RESPONSIBLE FOR BATCH RELEASE
Name and address of the manufacturer(s) responsible for batch release
Coated Tablets
Fidelio Healthcare Limburg GmbH, Mundipharmastraße 2, 65549 Limburg an der Lahn, Germany.
CHEPLAPHARM Registration GmbH, Weiler Straße 5e, 79540 Lörrach, Germany.
Powder for solution for injection
Lilly S.A., Avda. de la Industria 30, 28108 Alcobendas, Madrid, Spain.
Prestige Promotion Verkaufsfoerderung & Werbeservice GmbH, Borsigstrasse 2, 63755 Alzenau,
Germany.
CHEPLAPHARM Registration GmbH, Weiler Straße 5e, 79540 Lörrach, Germany.",Prestige Promotion Verkaufsfoerderung & Werbeservice GmbH,"Prestige Promotion Verkaufsfoerderung & Werbeservice GmbH, Borsigstrasse 2, 63755 Alzenau,
Germany.",Germany,2
122,Zyprexa,olanzapine,N05AH03,https://www.ema.europa.eu/en/medicines/human/EPAR/zyprexa,https://www.ema.europa.eu/en/documents/product-information/zyprexa-epar-product-information_en.pdf,"A. MANUFACTURERS RESPONSIBLE FOR BATCH RELEASE
Name and address of the manufacturer(s) responsible for batch release
Coated Tablets
Fidelio Healthcare Limburg GmbH, Mundipharmastraße 2, 65549 Limburg an der Lahn, Germany.
CHEPLAPHARM Registration GmbH, Weiler Straße 5e, 79540 Lörrach, Germany.
Powder for solution for injection
Lilly S.A., Avda. de la Industria 30, 28108 Alcobendas, Madrid, Spain.
Prestige Promotion Verkaufsfoerderung & Werbeservice GmbH, Borsigstrasse 2, 63755 Alzenau,
Germany.
CHEPLAPHARM Registration GmbH, Weiler Straße 5e, 79540 Lörrach, Germany.",CHEPLAPHARM Registration GmbH,"CHEPLAPHARM Registration GmbH, Weiler Straße 5e, 79540 Lörrach, Germany.",Germany,2
123,Tepadina,thiotepa,L01AC01,https://www.ema.europa.eu/en/medicines/human/EPAR/tepadina,https://www.ema.europa.eu/en/documents/product-information/tepadina-epar-product-information_en.pdf,"A. MANUFACTURER RESPONSIBLE FOR BATCH RELEASE
Name and address of the manufacturer responsible for batch release
ADIENNE S.r.l. S.U.
Via Galileo Galilei, 19
20867 Caponago (MB) Italy",Germany.,"Via Galileo Galilei, 19
20867 Caponago (MB) Italy",Italy,2
124,Kigabeq,vigabatrin,N03AG04,https://www.ema.europa.eu/en/medicines/human/EPAR/kigabeq,https://www.ema.europa.eu/en/documents/product-information/kigabeq-epar-product-information_en.pdf,"A. MANUFACTURERS RESPONSIBLE FOR BATCH RELEASE
Name and address of the manufacturers responsible for batch release
Farmea
10, rue Bouché Thomas
ZAC d'Orgemont
F-49000 Angers
France
Centre Spécialités Pharmaceutiques
76-78 avenue du Midi
63800 Cournon d’Auvergne
France
Biocodex
1 avenue Blaise Pascal
60000 Beauvais
France",Farmea,"10, rue Bouché Thomas
ZAC d'Orgemont
F-49000 Angers
France
Centre Spécialités Pharmaceutiques
76-78 avenue du Midi
63800 Cournon d’Auvergne
France
Biocodex
1 avenue Blaise Pascal
60000 Beauvais
France",France,2
125,Kigabeq,vigabatrin,N03AG04,https://www.ema.europa.eu/en/medicines/human/EPAR/kigabeq,https://www.ema.europa.eu/en/documents/product-information/kigabeq-epar-product-information_en.pdf,"A. MANUFACTURERS RESPONSIBLE FOR BATCH RELEASE
Name and address of the manufacturers responsible for batch release
Farmea
10, rue Bouché Thomas
ZAC d'Orgemont
F-49000 Angers
France
Centre Spécialités Pharmaceutiques
76-78 avenue du Midi
63800 Cournon d’Auvergne
France
Biocodex
1 avenue Blaise Pascal
60000 Beauvais
France","Centre Spécialités Pharmaceutiques
","Centre Spécialités Pharmaceutiques
76-78 avenue du Midi
63800 Cournon d’Auvergne
France",France,2
126,Kigabeq,vigabatrin,N03AG04,https://www.ema.europa.eu/en/medicines/human/EPAR/kigabeq,https://www.ema.europa.eu/en/documents/product-information/kigabeq-epar-product-information_en.pdf,"A. MANUFACTURERS RESPONSIBLE FOR BATCH RELEASE
Name and address of the manufacturers responsible for batch release
Farmea
10, rue Bouché Thomas
ZAC d'Orgemont
F-49000 Angers
France
Centre Spécialités Pharmaceutiques
76-78 avenue du Midi
63800 Cournon d’Auvergne
France
Biocodex
1 avenue Blaise Pascal
60000 Beauvais
France","Biocodex
","Biocodex
1 avenue Blaise Pascal
60000 Beauvais
France",France,2
127,Trecondi,treosulfan,L01AB02,https://www.ema.europa.eu/en/medicines/human/EPAR/trecondi,https://www.ema.europa.eu/en/documents/product-information/trecondi-epar-product-information_en.pdf,"A. MANUFACTURER(S) RESPONSIBLE FOR BATCH RELEASE
Name and address of the manufacturer(s) responsible for batch release
medac Gesellschaft für klinische Spezialpräparate mbH
Theaterstr. 6
22880 Wedel
Germany",medac Gesellschaft für klinische Spezialpräparate mbH,"Theaterstr. 6
22880 Wedel
Germany",Germany,2
128,Imbruvica,Ibrutinib,L01EL01,https://www.ema.europa.eu/en/medicines/human/EPAR/imbruvica,https://www.ema.europa.eu/en/documents/product-information/imbruvica-epar-product-information_en.pdf,"A. MANUFACTURER RESPONSIBLE FOR BATCH RELEASE
Name and address of the manufacturer responsible for batch release
IMBRUVICA Hard Capsules
Janssen Pharmaceutica NV
Turnhoutseweg 30
B-2340 Beerse
Belgium
Janssen-Cilag SpA
Via C. Janssen
Loc. Borgo S. Michele
04100 Latina
Italy",Janssen Pharmaceutica NV,"Turnhoutseweg 30
B-2340 Beerse
Belgium",Belgium,2
129,Imbruvica,Ibrutinib,L01EL01,https://www.ema.europa.eu/en/medicines/human/EPAR/imbruvica,https://www.ema.europa.eu/en/documents/product-information/imbruvica-epar-product-information_en.pdf,"A. MANUFACTURER RESPONSIBLE FOR BATCH RELEASE
Name and address of the manufacturer responsible for batch release
IMBRUVICA Hard Capsules
Janssen Pharmaceutica NV
Turnhoutseweg 30
B-2340 Beerse
Belgium
Janssen-Cilag SpA
Via C. Janssen
Loc. Borgo S. Michele
04100 Latina
Italy",Janssen-Cilag SpA,"Via C. Janssen
Loc. Borgo S. Michele
04100 Latina
Italy",Italy,2
130,Zypadhera,olanzapine pamoate,N05AH03,https://www.ema.europa.eu/en/medicines/human/EPAR/zypadhera,https://www.ema.europa.eu/en/documents/product-information/zypadhera-epar-product-information_en.pdf,"A. MANUFACTURER RESPONSIBLE FOR BATCH RELEASE
Name and address of the manufacturer responsible for batch release
Lilly S.A., Avda. de la Industria 30, 28108 Alcobendas, Madrid, Spain.
Manufacturing Packaging Farmaca (MPF) B.V., Neptunus 12, 8448 CN Heerenveen, Netherlands.
CHEPLAPHARM Registration GmbH, Weiler Straße 5e, 79540 Lörrach, Germany.
CHEPLAPHARM Arzneimittel GmbH, Ziegelhof 23-24, 17489 Greifswald, Germany.",Lilly S.A.,"Lilly S.A., Avda. de la Industria 30, 28108 Alcobendas, Madrid, Spain.",Spain,2
131,Zypadhera,olanzapine pamoate,N05AH03,https://www.ema.europa.eu/en/medicines/human/EPAR/zypadhera,https://www.ema.europa.eu/en/documents/product-information/zypadhera-epar-product-information_en.pdf,"A. MANUFACTURER RESPONSIBLE FOR BATCH RELEASE
Name and address of the manufacturer responsible for batch release
Lilly S.A., Avda. de la Industria 30, 28108 Alcobendas, Madrid, Spain.
Manufacturing Packaging Farmaca (MPF) B.V., Neptunus 12, 8448 CN Heerenveen, Netherlands.
CHEPLAPHARM Registration GmbH, Weiler Straße 5e, 79540 Lörrach, Germany.
CHEPLAPHARM Arzneimittel GmbH, Ziegelhof 23-24, 17489 Greifswald, Germany.",Manufacturing Packaging Farmaca (MPF) B.V.,"Manufacturing Packaging Farmaca (MPF) B.V., Neptunus 12, 8448 CN Heerenveen, Netherlands",Netherlands,2
132,Zypadhera,olanzapine pamoate,N05AH03,https://www.ema.europa.eu/en/medicines/human/EPAR/zypadhera,https://www.ema.europa.eu/en/documents/product-information/zypadhera-epar-product-information_en.pdf,"A. MANUFACTURER RESPONSIBLE FOR BATCH RELEASE
Name and address of the manufacturer responsible for batch release
Lilly S.A., Avda. de la Industria 30, 28108 Alcobendas, Madrid, Spain.
Manufacturing Packaging Farmaca (MPF) B.V., Neptunus 12, 8448 CN Heerenveen, Netherlands.
CHEPLAPHARM Registration GmbH, Weiler Straße 5e, 79540 Lörrach, Germany.
CHEPLAPHARM Arzneimittel GmbH, Ziegelhof 23-24, 17489 Greifswald, Germany.",CHEPLAPHARM Registration GmbH,"CHEPLAPHARM Registration GmbH, Weiler Straße 5e, 79540 Lörrach, Germany.",Germany,2
133,Zypadhera,olanzapine pamoate,N05AH03,https://www.ema.europa.eu/en/medicines/human/EPAR/zypadhera,https://www.ema.europa.eu/en/documents/product-information/zypadhera-epar-product-information_en.pdf,"A. MANUFACTURER RESPONSIBLE FOR BATCH RELEASE
Name and address of the manufacturer responsible for batch release
Lilly S.A., Avda. de la Industria 30, 28108 Alcobendas, Madrid, Spain.
Manufacturing Packaging Farmaca (MPF) B.V., Neptunus 12, 8448 CN Heerenveen, Netherlands.
CHEPLAPHARM Registration GmbH, Weiler Straße 5e, 79540 Lörrach, Germany.
CHEPLAPHARM Arzneimittel GmbH, Ziegelhof 23-24, 17489 Greifswald, Germany.",CHEPLAPHARM Arzneimittel GmbH,"CHEPLAPHARM Arzneimittel GmbH, Ziegelhof 23-24, 17489 Greifswald, Germany.",Germany,2
134,Insulin aspart Sanofi,insulin aspart,A10AB05,https://www.ema.europa.eu/en/medicines/human/EPAR/insulin-aspart-sanofi,https://www.ema.europa.eu/en/documents/product-information/insulin-aspart-sanofi-epar-product-information_en.pdf,"A. MANUFACTURER OF THE BIOLOGICAL ACTIVE SUBSTANCE AND
MANUFACTURERS RESPONSIBLE FOR BATCH RELEASE
Name and address of the manufacturer of the biological active substance
Sanofi-Aventis Deutschland GmbH
Brüningstrasse 50
Industriepark Höchst
65926 Frankfurt am Main
Germany
Name and address of the manufacturers responsible for batch release
Sanofi-Aventis Deutschland GmbH
Brüningstrasse 50
Industriepark Höchst
65926 Frankfurt am Main
Germany",Sanofi-Aventis Deutschland GmbH,"Brüningstrasse 50
Industriepark Höchst
65926 Frankfurt am Main
Germany",Germany,1
135,Clopidogrel Zentiva (previously Clopidogrel Winthrop),clopidogrel,B01AC04,https://www.ema.europa.eu/en/medicines/human/EPAR/clopidogrel-zentiva,https://www.ema.europa.eu/en/documents/product-information/clopidogrel-zentiva-epar-product-information_en.pdf,"A. MANUFACTURERS RESPONSIBLE FOR BATCH RELEASE
Name and address of the manufacturers responsible for batch release
- Clopidogrel Zentiva 75 mg film-coated tablets
Sanofi Winthrop Industrie
1, rue de la Vierge
Ambarès & Lagrave
F-33565 Carbon Blanc cedex
France
Delpharm Dijon
6, Boulevard de l’Europe
F-21800 Quétigny
France
S.C. Zentiva S.A.
B-dul Theodor Pallady nr. 50, sector 3,
032266 Bukarest
Romania
- Clopidogrel Zentiva 300 mg film-coated tablets
Sanofi Winthrop Industrie
1, rue de la Vierge
Ambarès & Lagrave
F-33565 Carbon Blanc cedex
France",Sanofi Winthrop Industrie,"1, rue de la Vierge
Ambarès & Lagrave
F-33565 Carbon Blanc cedex
France",France,2
136,Clopidogrel Zentiva (previously Clopidogrel Winthrop),clopidogrel,B01AC04,https://www.ema.europa.eu/en/medicines/human/EPAR/clopidogrel-zentiva,https://www.ema.europa.eu/en/documents/product-information/clopidogrel-zentiva-epar-product-information_en.pdf,"A. MANUFACTURERS RESPONSIBLE FOR BATCH RELEASE
Name and address of the manufacturers responsible for batch release
- Clopidogrel Zentiva 75 mg film-coated tablets
Sanofi Winthrop Industrie
1, rue de la Vierge
Ambarès & Lagrave
F-33565 Carbon Blanc cedex
France
Delpharm Dijon
6, Boulevard de l’Europe
F-21800 Quétigny
France
S.C. Zentiva S.A.
B-dul Theodor Pallady nr. 50, sector 3,
032266 Bukarest
Romania
- Clopidogrel Zentiva 300 mg film-coated tablets
Sanofi Winthrop Industrie
1, rue de la Vierge
Ambarès & Lagrave
F-33565 Carbon Blanc cedex
France",Delpharm Dijon,"6, Boulevard de l’Europe
F-21800 Quétigny
France",France,2
137,Clopidogrel Zentiva (previously Clopidogrel Winthrop),clopidogrel,B01AC04,https://www.ema.europa.eu/en/medicines/human/EPAR/clopidogrel-zentiva,https://www.ema.europa.eu/en/documents/product-information/clopidogrel-zentiva-epar-product-information_en.pdf,"A. MANUFACTURERS RESPONSIBLE FOR BATCH RELEASE
Name and address of the manufacturers responsible for batch release
- Clopidogrel Zentiva 75 mg film-coated tablets
Sanofi Winthrop Industrie
1, rue de la Vierge
Ambarès & Lagrave
F-33565 Carbon Blanc cedex
France
Delpharm Dijon
6, Boulevard de l’Europe
F-21800 Quétigny
France
S.C. Zentiva S.A.
B-dul Theodor Pallady nr. 50, sector 3,
032266 Bukarest
Romania
- Clopidogrel Zentiva 300 mg film-coated tablets
Sanofi Winthrop Industrie
1, rue de la Vierge
Ambarès & Lagrave
F-33565 Carbon Blanc cedex
France",S.C. Zentiva S.A.,"B-dul Theodor Pallady nr. 50, sector 3,
032266 Bukarest
Romania",Romania,2
138,Sugammadex Amomed,sugammadex sodium,V03AB35,https://www.ema.europa.eu/en/medicines/human/EPAR/sugammadex-amomed,https://www.ema.europa.eu/en/documents/product-information/sugammadex-amomed-epar-product-information_en.pdf,"A. MANUFACTURER RESPONSIBLE FOR BATCH RELEASE
Name and address of the manufacturer responsible for batch release
Bendalis GmbH
Keltenring 17
82041 Oberhaching
Germany",Bendalis GmbH,"Keltenring 17
82041 Oberhaching
Germany",Germany,2
139,Heplisav B,hepatitis B surface antigen,J07BC01,https://www.ema.europa.eu/en/medicines/human/EPAR/heplisav-b,https://www.ema.europa.eu/en/documents/product-information/heplisav-b-epar-product-information_en.pdf,"A. MANUFACTURER OF THE BIOLOGICAL ACTIVE SUBSTANCE AND
MANUFACTURER RESPONSIBLE FOR BATCH RELEASE
Name and address of the manufacturer of the biological active substance
Dynavax GmbH
Eichsfelder Strasse 11
D-40595 Düsseldorf
Germany
Name and address of the manufacturer responsible for batch release
Dynavax GmbH
Eichsfelder Strasse 11
D-40595 Düsseldorf
Germany",Dynavax GmbH,"Eichsfelder Strasse 11
D-40595 Düsseldorf
Germany",Germany,1
140,Dexdor,Dexmedetomidine hydrochloride,N05CM18,https://www.ema.europa.eu/en/medicines/human/EPAR/dexdor,https://www.ema.europa.eu/en/documents/product-information/dexdor-epar-product-information_en.pdf,"A. MANUFACTURER RESPONSIBLE FOR BATCH RELEASE
Name and address of the manufacturer(s) responsible for batch release
Orion Corporation
Orionintie 1
FI-02200 Espoo
Finland",Orion Corporation,"Orionintie 1
FI-02200 Espoo
Finland",Finland,2
141,Recarbrio,imipenem monohydrate;cilastatin sodium;relebactam monohydrate,J01DH56,https://www.ema.europa.eu/en/medicines/human/EPAR/recarbrio,https://www.ema.europa.eu/en/documents/product-information/recarbrio-epar-product-information_en.pdf,"A. MANUFACTURER RESPONSIBLE FOR BATCH RELEASE
Name and address of the manufacturer responsible for batch release
FAREVA Mirabel
Route de Marsat
Riom
63963, Clermont-Ferrand Cedex 9
France",FAREVA Mirabel,"Route de Marsat
Riom
63963, Clermont-Ferrand Cedex 9
France",France,2
142,Abraxane,paclitaxel,L01CD01,https://www.ema.europa.eu/en/medicines/human/EPAR/abraxane,https://www.ema.europa.eu/en/documents/product-information/abraxane-epar-product-information_en.pdf,"A. MANUFACTURER RESPONSIBLE FOR BATCH RELEASE
Name and address of the manufacturer responsible for batch release
Celgene Distribution B.V.
Orteliuslaan 1000
3528 BD Utrecht
Netherlands",Celgene Distribution B.V.,"Orteliuslaan 1000
3528 BD Utrecht
Netherlands",Netherlands,2
143,Hycamtin,topotecan,L01CE01,https://www.ema.europa.eu/en/medicines/human/EPAR/hycamtin,https://www.ema.europa.eu/en/documents/product-information/hycamtin-epar-product-information_en.pdf,"A. MANUFACTURERS RESPONSIBLE FOR BATCH RELEASE
Name and address of the manufacturers responsible for batch release
Powder for concentrate for solution for infusion
Novartis Farmacéutica S.A.
Gran Via de les Corts Catalanes, 764
08013 Barcelona
Spain
Novartis Pharma GmbH
Roonstrasse 25
90429 Nuremberg
Germany
GlaxoSmithKline Manufacturing S.p.A.
Strada Provinciale Asolana 90
43056 San Polo di Torrile
Parma
Italy
Salutas Pharma GmbH
Otto-von-Guericke-Allee 1
39179 Barleben
Germany
Hard capsules
Novartis Farmacéutica S.A.
Gran Via de les Corts Catalanes, 764
08013 Barcelona
Spain
Novartis Pharma GmbH
Roonstrasse 25
90429 Nuremberg
Germany
GlaxoSmithKline Manufacturing S.p.A.
Strada Provinciale Asolana 90
43056 San Polo di Torrile
Parma
Italy
Salutas Pharma GmbH
Otto-von-Guericke-Allee 1,
39179 Barleben,
Germany",Novartis Farmacéutica S.A.,"Gran Via de les Corts Catalanes, 764
08013 Barcelona
Spain",Spain,2
144,Hycamtin,topotecan,L01CE01,https://www.ema.europa.eu/en/medicines/human/EPAR/hycamtin,https://www.ema.europa.eu/en/documents/product-information/hycamtin-epar-product-information_en.pdf,"A. MANUFACTURERS RESPONSIBLE FOR BATCH RELEASE
Name and address of the manufacturers responsible for batch release
Powder for concentrate for solution for infusion
Novartis Farmacéutica S.A.
Gran Via de les Corts Catalanes, 764
08013 Barcelona
Spain
Novartis Pharma GmbH
Roonstrasse 25
90429 Nuremberg
Germany
GlaxoSmithKline Manufacturing S.p.A.
Strada Provinciale Asolana 90
43056 San Polo di Torrile
Parma
Italy
Salutas Pharma GmbH
Otto-von-Guericke-Allee 1
39179 Barleben
Germany
Hard capsules
Novartis Farmacéutica S.A.
Gran Via de les Corts Catalanes, 764
08013 Barcelona
Spain
Novartis Pharma GmbH
Roonstrasse 25
90429 Nuremberg
Germany
GlaxoSmithKline Manufacturing S.p.A.
Strada Provinciale Asolana 90
43056 San Polo di Torrile
Parma
Italy
Salutas Pharma GmbH
Otto-von-Guericke-Allee 1,
39179 Barleben,
Germany",Novartis Pharma GmbH,"Roonstrasse 25
90429 Nuremberg
Germany",Germany,2
145,Hycamtin,topotecan,L01CE01,https://www.ema.europa.eu/en/medicines/human/EPAR/hycamtin,https://www.ema.europa.eu/en/documents/product-information/hycamtin-epar-product-information_en.pdf,"A. MANUFACTURERS RESPONSIBLE FOR BATCH RELEASE
Name and address of the manufacturers responsible for batch release
Powder for concentrate for solution for infusion
Novartis Farmacéutica S.A.
Gran Via de les Corts Catalanes, 764
08013 Barcelona
Spain
Novartis Pharma GmbH
Roonstrasse 25
90429 Nuremberg
Germany
GlaxoSmithKline Manufacturing S.p.A.
Strada Provinciale Asolana 90
43056 San Polo di Torrile
Parma
Italy
Salutas Pharma GmbH
Otto-von-Guericke-Allee 1
39179 Barleben
Germany
Hard capsules
Novartis Farmacéutica S.A.
Gran Via de les Corts Catalanes, 764
08013 Barcelona
Spain
Novartis Pharma GmbH
Roonstrasse 25
90429 Nuremberg
Germany
GlaxoSmithKline Manufacturing S.p.A.
Strada Provinciale Asolana 90
43056 San Polo di Torrile
Parma
Italy
Salutas Pharma GmbH
Otto-von-Guericke-Allee 1,
39179 Barleben,
Germany",GlaxoSmithKline Manufacturing S.p.A.,"Strada Provinciale Asolana 90
43056 San Polo di Torrile
Parma
Italy",Italy,2
146,Hycamtin,topotecan,L01CE01,https://www.ema.europa.eu/en/medicines/human/EPAR/hycamtin,https://www.ema.europa.eu/en/documents/product-information/hycamtin-epar-product-information_en.pdf,"A. MANUFACTURERS RESPONSIBLE FOR BATCH RELEASE
Name and address of the manufacturers responsible for batch release
Powder for concentrate for solution for infusion
Novartis Farmacéutica S.A.
Gran Via de les Corts Catalanes, 764
08013 Barcelona
Spain
Novartis Pharma GmbH
Roonstrasse 25
90429 Nuremberg
Germany
GlaxoSmithKline Manufacturing S.p.A.
Strada Provinciale Asolana 90
43056 San Polo di Torrile
Parma
Italy
Salutas Pharma GmbH
Otto-von-Guericke-Allee 1
39179 Barleben
Germany
Hard capsules
Novartis Farmacéutica S.A.
Gran Via de les Corts Catalanes, 764
08013 Barcelona
Spain
Novartis Pharma GmbH
Roonstrasse 25
90429 Nuremberg
Germany
GlaxoSmithKline Manufacturing S.p.A.
Strada Provinciale Asolana 90
43056 San Polo di Torrile
Parma
Italy
Salutas Pharma GmbH
Otto-von-Guericke-Allee 1,
39179 Barleben,
Germany",Salutas Pharma GmbH,"Otto-von-Guericke-Allee 1
39179 Barleben
Germany",Germany,2
147,Hycamtin,topotecan,L01CE01,https://www.ema.europa.eu/en/medicines/human/EPAR/hycamtin,https://www.ema.europa.eu/en/documents/product-information/hycamtin-epar-product-information_en.pdf,"A. MANUFACTURERS RESPONSIBLE FOR BATCH RELEASE
Name and address of the manufacturers responsible for batch release
Powder for concentrate for solution for infusion
Novartis Farmacéutica S.A.
Gran Via de les Corts Catalanes, 764
08013 Barcelona
Spain
Novartis Pharma GmbH
Roonstrasse 25
90429 Nuremberg
Germany
GlaxoSmithKline Manufacturing S.p.A.
Strada Provinciale Asolana 90
43056 San Polo di Torrile
Parma
Italy
Salutas Pharma GmbH
Otto-von-Guericke-Allee 1
39179 Barleben
Germany
Hard capsules
Novartis Farmacéutica S.A.
Gran Via de les Corts Catalanes, 764
08013 Barcelona
Spain
Novartis Pharma GmbH
Roonstrasse 25
90429 Nuremberg
Germany
GlaxoSmithKline Manufacturing S.p.A.
Strada Provinciale Asolana 90
43056 San Polo di Torrile
Parma
Italy
Salutas Pharma GmbH
Otto-von-Guericke-Allee 1,
39179 Barleben,
Germany",Salutas Pharma GmbH,"Otto-von-Guericke-Allee 1,
39179 Barleben,
Germany",Germany,2
148,Aflunov,influenza virus surface antigens (haemagglutinin and neuraminidase) of strain: A/turkey/Turkey/1/05 (H5N1)-like strain (NIBRG-23),J07BB02,https://www.ema.europa.eu/en/medicines/human/EPAR/aflunov,https://www.ema.europa.eu/en/documents/product-information/aflunov-epar-product-information_en.pdf,"A. MANUFACTURERS OF THE BIOLOGICAL ACTIVE SUBSTANCE AND
MANUFACTURER RESPONSIBLE FOR BATCH RELEASE
Name and address of the manufacturers of the biological active substance
Seqirus Vaccines Ltd
Gaskill Road, Speke, Liverpool
L24 9GR
UK
Name and address of the manufacturer responsible for batch release
Seqirus Netherlands B.V.
Paasheuvelweg 28
1105BJ Amsterdam
Netherlands",Seqirus Vaccines Ltd,"Gaskill Road, Speke, Liverpool
L24 9GR
UK",UK,1
149,Aflunov,influenza virus surface antigens (haemagglutinin and neuraminidase) of strain: A/turkey/Turkey/1/05 (H5N1)-like strain (NIBRG-23),J07BB02,https://www.ema.europa.eu/en/medicines/human/EPAR/aflunov,https://www.ema.europa.eu/en/documents/product-information/aflunov-epar-product-information_en.pdf,"A. MANUFACTURERS OF THE BIOLOGICAL ACTIVE SUBSTANCE AND
MANUFACTURER RESPONSIBLE FOR BATCH RELEASE
Name and address of the manufacturers of the biological active substance
Seqirus Vaccines Ltd
Gaskill Road, Speke, Liverpool
L24 9GR
UK
Name and address of the manufacturer responsible for batch release
Seqirus Netherlands B.V.
Paasheuvelweg 28
1105BJ Amsterdam
Netherlands",Seqirus Netherlands B.V.,"Paasheuvelweg 28
1105BJ Amsterdam
Netherlands",Netherlands,2
150,Ziagen,abacavir,J05AF06,https://www.ema.europa.eu/en/medicines/human/EPAR/ziagen,https://www.ema.europa.eu/en/documents/product-information/ziagen-epar-product-information_en.pdf,"A. MANUFACTURER(S) RESPONSIBLE FOR BATCH RELEASE
Name and address of the manufacturer(s) responsible for batch release
Film-coated Tablets
Delpharm Poznań Spółka Akcyjna
ul. Grunwaldzka 189
60-322 Poznan
Poland
Oral Solution
ViiV Healthcare Trading Services UK Limited
12 Riverwalk,
Citywest Business Campus
Dublin 24,
Ireland",Delpharm Poznań Spółka Akcyjna,"ul. Grunwaldzka 189
60-322 Poznan
Poland",Poland,2
151,Ziagen,abacavir,J05AF06,https://www.ema.europa.eu/en/medicines/human/EPAR/ziagen,https://www.ema.europa.eu/en/documents/product-information/ziagen-epar-product-information_en.pdf,"A. MANUFACTURER(S) RESPONSIBLE FOR BATCH RELEASE
Name and address of the manufacturer(s) responsible for batch release
Film-coated Tablets
Delpharm Poznań Spółka Akcyjna
ul. Grunwaldzka 189
60-322 Poznan
Poland
Oral Solution
ViiV Healthcare Trading Services UK Limited
12 Riverwalk,
Citywest Business Campus
Dublin 24,
Ireland",ViiV Healthcare Trading Services UK Limited,"12 Riverwalk,
Citywest Business Campus
Dublin 24,
Ireland",Ireland,2
152,Kivexa,abacavir;lamivudine,J05AR02,https://www.ema.europa.eu/en/medicines/human/EPAR/kivexa,https://www.ema.europa.eu/en/documents/product-information/kivexa-epar-product-information_en.pdf,"A. MANUFACTURER(S) RESPONSIBLE FOR BATCH RELEASE
Name and address of the manufacturer(s) responsible for batch release
Glaxo Wellcome S.A.,
Avenida de Extremadura 3,
09400 Aranda de Duero Burgos,
Spain","Glaxo Wellcome S.A.,","Avenida de Extremadura 3,
09400 Aranda de Duero Burgos,
Spain",Spain,2
153,Sugammadex Adroiq,sugammadex sodium,V03AB35,https://www.ema.europa.eu/en/medicines/human/EPAR/sugammadex-adroiq,https://www.ema.europa.eu/en/documents/product-information/sugammadex-adroiq-epar-product-information_en.pdf,"A. MANUFACTURER RESPONSIBLE FOR BATCH RELEASE
Name and address of the manufacturer responsible for batch release
Pharma Pack Hungary Kft.
Building B, Raktarvarosi Ut 9,
Torokbalint,
2045 Hungary",Pharma Pack Hungary Kft.,"Building B, Raktarvarosi Ut 9,
Torokbalint,
2045 Hungary",Hungary,2
154,Olanzapine Viatris (previously Olanzapine Mylan),olanzapine,N05AH03,https://www.ema.europa.eu/en/medicines/human/EPAR/olanzapine-viatris,https://www.ema.europa.eu/en/documents/product-information/olanzapine-viatris-epar-product-information_en.pdf,"A. MANUFACTURERS RESPONSIBLE FOR BATCH RELEASE
Name and address of the manufacturers responsible for batch release
McDermott Laboratories Ltd. t/a Gerard Laboratories
35/36 Baldoyle Industrial Estate
Grange road
Dublin 13
Ireland
Mylan Hungary Kft.
Mylan utca 1.
Komárom, 2900
Hungary",McDermott Laboratories Ltd. t/a Gerard Laboratories,"35/36 Baldoyle Industrial Estate
Grange road
Dublin 13
Ireland",Ireland,2
155,Olanzapine Viatris (previously Olanzapine Mylan),olanzapine,N05AH03,https://www.ema.europa.eu/en/medicines/human/EPAR/olanzapine-viatris,https://www.ema.europa.eu/en/documents/product-information/olanzapine-viatris-epar-product-information_en.pdf,"A. MANUFACTURERS RESPONSIBLE FOR BATCH RELEASE
Name and address of the manufacturers responsible for batch release
McDermott Laboratories Ltd. t/a Gerard Laboratories
35/36 Baldoyle Industrial Estate
Grange road
Dublin 13
Ireland
Mylan Hungary Kft.
Mylan utca 1.
Komárom, 2900
Hungary",Mylan Hungary Kft.,"Mylan utca 1.
Komárom, 2900
Hungary",Hungary,2
156,Tasigna,nilotinib,L01EA03,https://www.ema.europa.eu/en/medicines/human/EPAR/tasigna,https://www.ema.europa.eu/en/documents/product-information/tasigna-epar-product-information_en.pdf,"A. MANUFACTURER RESPONSIBLE FOR BATCH RELEASE
Name and address of the manufacturer responsible for batch release
50 mg hard capsules
Novartis Pharmaceutical Manufacturing LLC
Verovškova ulica 57
1000 Ljubljana
Slovenia
Novartis Farmacéutica SA
Gran Via de les Corts Catalanes, 764
08013 Barcelona
Spain
Lek d.d., PE PROIZVODNJA LENDAVA
Trimlini 2D
Lendava, 9220
Slovenia
Novartis Pharma GmbH
Sophie-Germain-Strasse 10
90443 Nuremberg
Germany
150 mg hard capsules and 200 mg hard capsules
Novartis Pharmaceutical Manufacturing LLC
Verovškova ulica 57
1000 Ljubljana
Slovenia
Lek d.d., PE PROIZVODNJA LENDAVA
Trimlini 2D
Lendava, 9220
Slovenia
Novartis Pharma GmbH
Sophie-Germain-Strasse 10
90443 Nuremberg
Germany",Novartis Pharmaceutical,"Verovškova
1000
Novartis
Gran Via de
08013
Lek d.d.,
Trimlini
Lendava,
Novartis
Sophie-Germain-Strasse
90443
150 mg hard capsules
Novartis Pharmaceutical
Verovškova
1000
Lek d.d.,
Trimlini
Lendava,
Novartis
Sophie-Germain-Strasse
90443",Slovenia,2
157,Tasigna,nilotinib,L01EA03,https://www.ema.europa.eu/en/medicines/human/EPAR/tasigna,https://www.ema.europa.eu/en/documents/product-information/tasigna-epar-product-information_en.pdf,"A. MANUFACTURER RESPONSIBLE FOR BATCH RELEASE
Name and address of the manufacturer responsible for batch release
50 mg hard capsules
Novartis Pharmaceutical Manufacturing LLC
Verovškova ulica 57
1000 Ljubljana
Slovenia
Novartis Farmacéutica SA
Gran Via de les Corts Catalanes, 764
08013 Barcelona
Spain
Lek d.d., PE PROIZVODNJA LENDAVA
Trimlini 2D
Lendava, 9220
Slovenia
Novartis Pharma GmbH
Sophie-Germain-Strasse 10
90443 Nuremberg
Germany
150 mg hard capsules and 200 mg hard capsules
Novartis Pharmaceutical Manufacturing LLC
Verovškova ulica 57
1000 Ljubljana
Slovenia
Lek d.d., PE PROIZVODNJA LENDAVA
Trimlini 2D
Lendava, 9220
Slovenia
Novartis Pharma GmbH
Sophie-Germain-Strasse 10
90443 Nuremberg
Germany",Novartis Farmacéutica SA,"Novartis Farmacéutica SA
Gran Via de les Corts Catalanes, 764
08013 Barcelona
Spain",Spain,2
158,Tasigna,nilotinib,L01EA03,https://www.ema.europa.eu/en/medicines/human/EPAR/tasigna,https://www.ema.europa.eu/en/documents/product-information/tasigna-epar-product-information_en.pdf,"A. MANUFACTURER RESPONSIBLE FOR BATCH RELEASE
Name and address of the manufacturer responsible for batch release
50 mg hard capsules
Novartis Pharmaceutical Manufacturing LLC
Verovškova ulica 57
1000 Ljubljana
Slovenia
Novartis Farmacéutica SA
Gran Via de les Corts Catalanes, 764
08013 Barcelona
Spain
Lek d.d., PE PROIZVODNJA LENDAVA
Trimlini 2D
Lendava, 9220
Slovenia
Novartis Pharma GmbH
Sophie-Germain-Strasse 10
90443 Nuremberg
Germany
150 mg hard capsules and 200 mg hard capsules
Novartis Pharmaceutical Manufacturing LLC
Verovškova ulica 57
1000 Ljubljana
Slovenia
Lek d.d., PE PROIZVODNJA LENDAVA
Trimlini 2D
Lendava, 9220
Slovenia
Novartis Pharma GmbH
Sophie-Germain-Strasse 10
90443 Nuremberg
Germany","Lek d.d., PE PROIZVODNJA LENDAVA","Lek d.d., PE PROIZVODNJA LENDAVA
Trimlini 2D
Lendava, 9220
Slovenia",Slovenia,2
159,Tasigna,nilotinib,L01EA03,https://www.ema.europa.eu/en/medicines/human/EPAR/tasigna,https://www.ema.europa.eu/en/documents/product-information/tasigna-epar-product-information_en.pdf,"A. MANUFACTURER RESPONSIBLE FOR BATCH RELEASE
Name and address of the manufacturer responsible for batch release
50 mg hard capsules
Novartis Pharmaceutical Manufacturing LLC
Verovškova ulica 57
1000 Ljubljana
Slovenia
Novartis Farmacéutica SA
Gran Via de les Corts Catalanes, 764
08013 Barcelona
Spain
Lek d.d., PE PROIZVODNJA LENDAVA
Trimlini 2D
Lendava, 9220
Slovenia
Novartis Pharma GmbH
Sophie-Germain-Strasse 10
90443 Nuremberg
Germany
150 mg hard capsules and 200 mg hard capsules
Novartis Pharmaceutical Manufacturing LLC
Verovškova ulica 57
1000 Ljubljana
Slovenia
Lek d.d., PE PROIZVODNJA LENDAVA
Trimlini 2D
Lendava, 9220
Slovenia
Novartis Pharma GmbH
Sophie-Germain-Strasse 10
90443 Nuremberg
Germany",Manufacturing LLC,"ulica 57
Ljubljana
Slovenia
Farmacéutica SA
les Corts Catalanes, 764
Barcelona
Spain
PE PROIZVODNJA LENDAVA
2D
9220
Slovenia
Pharma GmbH
10
Nuremberg
Germany
200 mg hard capsules
Manufacturing LLC
ulica 57
Ljubljana
Slovenia
PE PROIZVODNJA LENDAVA
2D
9220
Slovenia
Pharma GmbH
10
Nuremberg
Germany",Germany,2
160,Simulect,basiliximab,L04AC02,https://www.ema.europa.eu/en/medicines/human/EPAR/simulect,https://www.ema.europa.eu/en/documents/product-information/simulect-epar-product-information_en.pdf,"A. MANUFACTURER OF THE BIOLOGICAL ACTIVE SUBSTANCE AND
MANUFACTURER RESPONSIBLE FOR BATCH RELEASE
Name and address of the manufacturer of the biological active substance
Novartis Pharma S.A.S.
Centre de Biotechnologie
8 rue de l’Industrie
68330 Huningue
France
Name and address of the manufacturer responsible for batch release
Novartis Farmacéutica S.A.
Gran Via de les Corts Catalanes, 764
08013 Barcelona
Spain
Novartis Pharma GmbH
Sophie-Germain-Strasse 10
90443 Nuremberg
Germany",Novartis Pharma S.A.S.,"Centre de Biotechnologie
8 rue de l’Industrie
68330 Huningue
France",France,1
161,Simulect,basiliximab,L04AC02,https://www.ema.europa.eu/en/medicines/human/EPAR/simulect,https://www.ema.europa.eu/en/documents/product-information/simulect-epar-product-information_en.pdf,"A. MANUFACTURER OF THE BIOLOGICAL ACTIVE SUBSTANCE AND
MANUFACTURER RESPONSIBLE FOR BATCH RELEASE
Name and address of the manufacturer of the biological active substance
Novartis Pharma S.A.S.
Centre de Biotechnologie
8 rue de l’Industrie
68330 Huningue
France
Name and address of the manufacturer responsible for batch release
Novartis Farmacéutica S.A.
Gran Via de les Corts Catalanes, 764
08013 Barcelona
Spain
Novartis Pharma GmbH
Sophie-Germain-Strasse 10
90443 Nuremberg
Germany",Novartis Farmacéutica S.A.,"Gran Via de les Corts Catalanes, 764
08013 Barcelona
Spain",Spain,2
162,Simulect,basiliximab,L04AC02,https://www.ema.europa.eu/en/medicines/human/EPAR/simulect,https://www.ema.europa.eu/en/documents/product-information/simulect-epar-product-information_en.pdf,"A. MANUFACTURER OF THE BIOLOGICAL ACTIVE SUBSTANCE AND
MANUFACTURER RESPONSIBLE FOR BATCH RELEASE
Name and address of the manufacturer of the biological active substance
Novartis Pharma S.A.S.
Centre de Biotechnologie
8 rue de l’Industrie
68330 Huningue
France
Name and address of the manufacturer responsible for batch release
Novartis Farmacéutica S.A.
Gran Via de les Corts Catalanes, 764
08013 Barcelona
Spain
Novartis Pharma GmbH
Sophie-Germain-Strasse 10
90443 Nuremberg
Germany",Novartis Pharma GmbH,"Sophie-Germain-Strasse 10
90443 Nuremberg
Germany",Germany,2
163,Methylthioninium chloride Proveblue,methylthioninium chloride,V03AB17,https://www.ema.europa.eu/en/medicines/human/EPAR/methylthioninium-chloride-proveblue,https://www.ema.europa.eu/en/documents/product-information/methylthioninium-chloride-proveblue-epar-product-information_en.pdf,"A. MANUFACTURERS RESPONSIBLE FOR BATCH RELEASE
Name and address of the manufacturers responsible for batch release
Cenexi
52, Rue Marcel et Jacques Gaucher
94120 Fontenay-sous-Bois
France",Cenexi,"52, Rue Marcel et Jacques Gaucher
94120 Fontenay-sous-Bois
France",France,2
164,Methylthioninium chloride Proveblue,methylthioninium chloride,V03AB17,https://www.ema.europa.eu/en/medicines/human/EPAR/methylthioninium-chloride-proveblue,https://www.ema.europa.eu/en/documents/product-information/methylthioninium-chloride-proveblue-epar-product-information_en.pdf,"The printed package leaflet of the medicinal product must state the name and address of the manufacturer
responsible for the release of the concerned batch.",responsible for the release of the concerned batch.,,,2
165,Altuvoct,Efanesoctocog alfa,B02BD02,https://www.ema.europa.eu/en/medicines/human/EPAR/altuvoct,https://www.ema.europa.eu/en/documents/product-information/altuvoct-epar-product-information_en.pdf,"A. MANUFACTURER OF THE BIOLOGICAL ACTIVE SUBSTANCE AND
MANUFACTURER RESPONSIBLE FOR BATCH RELEASE
Name and address of the manufacturer of the biological active substance
Biogen MA Inc.
5000 Davis Drive
Research Triangle Park
NC 27709
USA
Name and address of the manufacturer responsible for batch release
Swedish Orphan Biovitrum AB (publ)
Norra Stationsgatan 93
113 64 Stockholm
Sweden",Biogen MA Inc.,"5000 Davis Drive
Research Triangle Park
NC 27709
USA",United States,1
166,Altuvoct,Efanesoctocog alfa,B02BD02,https://www.ema.europa.eu/en/medicines/human/EPAR/altuvoct,https://www.ema.europa.eu/en/documents/product-information/altuvoct-epar-product-information_en.pdf,"A. MANUFACTURER OF THE BIOLOGICAL ACTIVE SUBSTANCE AND
MANUFACTURER RESPONSIBLE FOR BATCH RELEASE
Name and address of the manufacturer of the biological active substance
Biogen MA Inc.
5000 Davis Drive
Research Triangle Park
NC 27709
USA
Name and address of the manufacturer responsible for batch release
Swedish Orphan Biovitrum AB (publ)
Norra Stationsgatan 93
113 64 Stockholm
Sweden",Swedish Orphan Biovitrum AB (publ),"Norra Stationsgatan 93
113 64 Stockholm
Sweden",Sweden,2
167,RotaTeq,rotavirus serotype G1;rotavirus serotype G2;rotavirus serotype G3;rotavirus serotype G4;rotavirus serotype P1,J07BH02,https://www.ema.europa.eu/en/medicines/human/EPAR/rotateq,https://www.ema.europa.eu/en/documents/product-information/rotateq-epar-product-information_en.pdf,"A. MANUFACTURER OF THE BIOLOGICAL ACTIVE SUBSTANCE AND
MANUFACTURER RESPONSIBLE FOR BATCH RELEASE
Name and address of the manufacturer of the biological active substance
Merck Sharp & Dohme LLC
770 Sumneytown Pike
West Point, Pennsylvania 19486
USA
Name and address of the manufacturer responsible for batch release
Merck Sharp and Dohme B.V.
Waarderweg 39
2031 BN Haarlem
The Netherlands",Merck Sharp & Dohme LLC,"770 Sumneytown Pike
West Point, Pennsylvania 19486
USA",United States,1
168,RotaTeq,rotavirus serotype G1;rotavirus serotype G2;rotavirus serotype G3;rotavirus serotype G4;rotavirus serotype P1,J07BH02,https://www.ema.europa.eu/en/medicines/human/EPAR/rotateq,https://www.ema.europa.eu/en/documents/product-information/rotateq-epar-product-information_en.pdf,"A. MANUFACTURER OF THE BIOLOGICAL ACTIVE SUBSTANCE AND
MANUFACTURER RESPONSIBLE FOR BATCH RELEASE
Name and address of the manufacturer of the biological active substance
Merck Sharp & Dohme LLC
770 Sumneytown Pike
West Point, Pennsylvania 19486
USA
Name and address of the manufacturer responsible for batch release
Merck Sharp and Dohme B.V.
Waarderweg 39
2031 BN Haarlem
The Netherlands",Merck Sharp,"Waarderweg
2031
The",Netherlands,2
169,RotaTeq,rotavirus serotype G1;rotavirus serotype G2;rotavirus serotype G3;rotavirus serotype G4;rotavirus serotype P1,J07BH02,https://www.ema.europa.eu/en/medicines/human/EPAR/rotateq,https://www.ema.europa.eu/en/documents/product-information/rotateq-epar-product-information_en.pdf,"A. MANUFACTURER OF THE BIOLOGICAL ACTIVE SUBSTANCE AND
MANUFACTURER RESPONSIBLE FOR BATCH RELEASE
Name and address of the manufacturer of the biological active substance
Merck Sharp & Dohme LLC
770 Sumneytown Pike
West Point, Pennsylvania 19486
USA
Name and address of the manufacturer responsible for batch release
Merck Sharp and Dohme B.V.
Waarderweg 39
2031 BN Haarlem
The Netherlands",Dohme B.V.,"39
BN Haarlem
Netherlands",Netherlands,2
170,RotaTeq,rotavirus serotype G1;rotavirus serotype G2;rotavirus serotype G3;rotavirus serotype G4;rotavirus serotype P1,J07BH02,https://www.ema.europa.eu/en/medicines/human/EPAR/rotateq,https://www.ema.europa.eu/en/documents/product-information/rotateq-epar-product-information_en.pdf,"Manufacturer Responsible for Batch Release: Merck Sharp and Dohme, B.V., Waarderweg, 39, 2031
BN, Haarlem, The Netherlands","BN, Haarlem, The Netherlands",,Netherlands,NA
171,"Adjupanrix (previously Pandemic influenza vaccine (H5N1) (split virion, inactivated, adjuvanted) GlaxoSmithKline Biologicals)","split influenza virus, inactivated, containing antigen: A/VietNam/1194/2004 (H5N1) like strain used (NIBRG-14)",J07BB02,https://www.ema.europa.eu/en/medicines/human/EPAR/adjupanrix,https://www.ema.europa.eu/en/documents/product-information/adjupanrix-epar-product-information_en.pdf,"A. MANUFACTURER OF THE BIOLOGICAL ACTIVE SUBSTANCE AND
MANUFACTURER RESPONSIBLE FOR BATCH RELEASE
Name and address of the manufacturer of the biological active substance
GlaxoSmithKline Biologicals
Branch of the SmithKline Beecham Pharma GmbH & Co. KG
Zirkusstr. 40
01069 Dresden
Germany
Name and address of the manufacturer responsible for batch release
GlaxoSmithKline Biologicals SA
89, rue de l'Institut
B-1330 Rixensart
Belgium",GlaxoSmithKline Biologicals,"Branch of the SmithKline Beecham Pharma GmbH & Co. KG
Zirkusstr. 40
01069 Dresden
Germany",Germany,1
172,"Adjupanrix (previously Pandemic influenza vaccine (H5N1) (split virion, inactivated, adjuvanted) GlaxoSmithKline Biologicals)","split influenza virus, inactivated, containing antigen: A/VietNam/1194/2004 (H5N1) like strain used (NIBRG-14)",J07BB02,https://www.ema.europa.eu/en/medicines/human/EPAR/adjupanrix,https://www.ema.europa.eu/en/documents/product-information/adjupanrix-epar-product-information_en.pdf,"A. MANUFACTURER OF THE BIOLOGICAL ACTIVE SUBSTANCE AND
MANUFACTURER RESPONSIBLE FOR BATCH RELEASE
Name and address of the manufacturer of the biological active substance
GlaxoSmithKline Biologicals
Branch of the SmithKline Beecham Pharma GmbH & Co. KG
Zirkusstr. 40
01069 Dresden
Germany
Name and address of the manufacturer responsible for batch release
GlaxoSmithKline Biologicals SA
89, rue de l'Institut
B-1330 Rixensart
Belgium",GlaxoSmithKline Biologicals SA,"89, rue de l'Institut
B-1330 Rixensart
Belgium",Belgium,2
173,Cyanokit,hydroxocobalamin,V03AB33,https://www.ema.europa.eu/en/medicines/human/EPAR/cyanokit,https://www.ema.europa.eu/en/documents/product-information/cyanokit-epar-product-information_en.pdf,"A. MANUFACTURER(S) RESPONSIBLE FOR BATCH RELEASE
Name and address of the manufacturer(s) responsible for batch release
Merck Santé S.A.S.
Centre de Production de Semoy
2, rue du Pressoir Vert
F-45400 Semoy
France
Or
SERB S.A.
Avenue Louise 480
1050 Brussels
Belgium
Or
SERB
32 rue de Monceau
75008 Paris
France",Merck Santé S.A.S.,"Centre de Production de Semoy
2, rue du Pressoir Vert
F-45400 Semoy
France",France,2
174,Cyanokit,hydroxocobalamin,V03AB33,https://www.ema.europa.eu/en/medicines/human/EPAR/cyanokit,https://www.ema.europa.eu/en/documents/product-information/cyanokit-epar-product-information_en.pdf,"A. MANUFACTURER(S) RESPONSIBLE FOR BATCH RELEASE
Name and address of the manufacturer(s) responsible for batch release
Merck Santé S.A.S.
Centre de Production de Semoy
2, rue du Pressoir Vert
F-45400 Semoy
France
Or
SERB S.A.
Avenue Louise 480
1050 Brussels
Belgium
Or
SERB
32 rue de Monceau
75008 Paris
France",SERB S.A.,"Avenue Louise 480
1050 Brussels
Belgium",Belgium,2
175,Cyanokit,hydroxocobalamin,V03AB33,https://www.ema.europa.eu/en/medicines/human/EPAR/cyanokit,https://www.ema.europa.eu/en/documents/product-information/cyanokit-epar-product-information_en.pdf,"A. MANUFACTURER(S) RESPONSIBLE FOR BATCH RELEASE
Name and address of the manufacturer(s) responsible for batch release
Merck Santé S.A.S.
Centre de Production de Semoy
2, rue du Pressoir Vert
F-45400 Semoy
France
Or
SERB S.A.
Avenue Louise 480
1050 Brussels
Belgium
Or
SERB
32 rue de Monceau
75008 Paris
France",SERB,"32 rue de Monceau
75008 Paris
France",France,2
176,Clopidogrel Viatris (previously Clopidogrel Taw Pharma),clopidogrel besilate,B01AC04,https://www.ema.europa.eu/en/medicines/human/EPAR/clopidogrel-viatris,https://www.ema.europa.eu/en/documents/product-information/clopidogrel-viatris-epar-product-information_en.pdf,"A. MANUFACTURER(S) RESPONSIBLE FOR BATCH RELEASE
B. CONDITIONS OR RESTRICTION REGARDING SUPPLY AND USE",B. CONDITIONS,,,NA
177,Clopidogrel Viatris (previously Clopidogrel Taw Pharma),clopidogrel besilate,B01AC04,https://www.ema.europa.eu/en/medicines/human/EPAR/clopidogrel-viatris,https://www.ema.europa.eu/en/documents/product-information/clopidogrel-viatris-epar-product-information_en.pdf,"A. MANUFACTURER(S) RESPONSIBLE FOR BATCH RELEASE
B. CONDITIONS OR RESTRICTION REGARDING SUPPLY AND USE",RESTRICTION REGARDING SUPPLY AND USE,,,NA
178,Clopidogrel Viatris (previously Clopidogrel Taw Pharma),clopidogrel besilate,B01AC04,https://www.ema.europa.eu/en/medicines/human/EPAR/clopidogrel-viatris,https://www.ema.europa.eu/en/documents/product-information/clopidogrel-viatris-epar-product-information_en.pdf,"A. MANUFACTURER(S) RESPONSIBLE FOR BATCH RELEASE
Name and address of the manufacturers responsible for batch release
Pharmathen S.A.
6, Dervenakion
15351 Pallini Attiki
Greece
Pharmathen International S.A
Industrial Park Sapes
Rodopi Prefecture, Block No 5
Rodopi 69300
Greece",Pharmathen S.A.,"6, Dervenakion
15351 Pallini Attiki
Greece
Pharmathen International S.A
Industrial Park Sapes
Rodopi Prefecture, Block No 5
Rodopi 69300
Greece",Greece,2
179,Afstyla,lonoctocog alfa,B02BD02,https://www.ema.europa.eu/en/medicines/human/EPAR/afstyla,https://www.ema.europa.eu/en/documents/product-information/afstyla-epar-product-information_en.pdf,"A. MANUFACTURER OF THE BIOLOGICAL ACTIVE SUBSTANCE AND
MANUFACTURER RESPONSIBLE FOR BATCH RELEASE
Name and address of the manufacturer of the biological active substance
CSL Behring GmbH
Emil-von-Behring Strasse 76
35041 Marburg
GERMANY
Name and address of the manufacturer responsible for batch release
CSL Behring GmbH
Emil-von-Behring Strasse 76
35041 Marburg
GERMANY",CSL Behring GmbH,"Emil-von-Behring Strasse 76
35041 Marburg
GERMANY",Germany,1
180,Kovaltry,octocog alfa,B02BD02,https://www.ema.europa.eu/en/medicines/human/EPAR/kovaltry,https://www.ema.europa.eu/en/documents/product-information/kovaltry-epar-product-information_en.pdf,"A. MANUFACTURER OF THE BIOLOGICAL ACTIVE SUBSTANCE AND
MANUFACTURER RESPONSIBLE FOR BATCH RELEASE
Name and address of the manufacturer of the biological active substance
Bayer HealthCare LLC
800 Dwight Way
Berkeley
CA 94710
United States
Name and address of the manufacturer responsible for batch release
Bayer AG
Kaiser-Wilhelm-Allee
51368 Leverkusen
Germany
Bayer AG
Müllerstraße 178
13353 Berlin
Germany",Bayer HealthCare LLC,"800 Dwight Way
Berkeley
CA 94710
United States",United States,1
181,Kovaltry,octocog alfa,B02BD02,https://www.ema.europa.eu/en/medicines/human/EPAR/kovaltry,https://www.ema.europa.eu/en/documents/product-information/kovaltry-epar-product-information_en.pdf,"A. MANUFACTURER OF THE BIOLOGICAL ACTIVE SUBSTANCE AND
MANUFACTURER RESPONSIBLE FOR BATCH RELEASE
Name and address of the manufacturer of the biological active substance
Bayer HealthCare LLC
800 Dwight Way
Berkeley
CA 94710
United States
Name and address of the manufacturer responsible for batch release
Bayer AG
Kaiser-Wilhelm-Allee
51368 Leverkusen
Germany
Bayer AG
Müllerstraße 178
13353 Berlin
Germany",Bayer AG,"Kaiser-Wilhelm-Allee
51368 Leverkusen
Germany",Germany,2
182,Kovaltry,octocog alfa,B02BD02,https://www.ema.europa.eu/en/medicines/human/EPAR/kovaltry,https://www.ema.europa.eu/en/documents/product-information/kovaltry-epar-product-information_en.pdf,"A. MANUFACTURER OF THE BIOLOGICAL ACTIVE SUBSTANCE AND
MANUFACTURER RESPONSIBLE FOR BATCH RELEASE
Name and address of the manufacturer of the biological active substance
Bayer HealthCare LLC
800 Dwight Way
Berkeley
CA 94710
United States
Name and address of the manufacturer responsible for batch release
Bayer AG
Kaiser-Wilhelm-Allee
51368 Leverkusen
Germany
Bayer AG
Müllerstraße 178
13353 Berlin
Germany",Bayer AG,"Müllerstraße 178
13353 Berlin
Germany",Germany,2
183,Adynovi,rurioctocog alfa pegol,B02BD02,https://www.ema.europa.eu/en/medicines/human/EPAR/adynovi,https://www.ema.europa.eu/en/documents/product-information/adynovi-epar-product-information_en.pdf,"A. MANUFACTURER(S) OF THE BIOLOGICAL ACTIVE SUBSTANCE(S) AND
MANUFACTURER(S) RESPONSIBLE FOR BATCH RELEASE
Name and address of the manufacturer(s) of the biological active substance(s)
Baxalta US Inc
1700 Rancho Conejo Boulevard
Thousand Oaks
California
CA-91320
UNITED STATES
Name and address of the manufacturer(s) responsible for batch release
Baxalta Belgium Manufacturing SA
Boulevard Rene Branquart 80
B-7860 Lessines
BELGIUM",Baxalta US Inc,"1700 Rancho Conejo Boulevard
Thousand Oaks
California
CA-91320
UNITED STATES",United States,1
184,Adynovi,rurioctocog alfa pegol,B02BD02,https://www.ema.europa.eu/en/medicines/human/EPAR/adynovi,https://www.ema.europa.eu/en/documents/product-information/adynovi-epar-product-information_en.pdf,"A. MANUFACTURER(S) OF THE BIOLOGICAL ACTIVE SUBSTANCE(S) AND
MANUFACTURER(S) RESPONSIBLE FOR BATCH RELEASE
Name and address of the manufacturer(s) of the biological active substance(s)
Baxalta US Inc
1700 Rancho Conejo Boulevard
Thousand Oaks
California
CA-91320
UNITED STATES
Name and address of the manufacturer(s) responsible for batch release
Baxalta Belgium Manufacturing SA
Boulevard Rene Branquart 80
B-7860 Lessines
BELGIUM",Baxalta Belgium Manufacturing SA,"Boulevard Rene Branquart 80
B-7860 Lessines
BELGIUM",Belgium,2
185,Jivi,Damoctocog alfa pegol,B02BD02,https://www.ema.europa.eu/en/medicines/human/EPAR/jivi,https://www.ema.europa.eu/en/documents/product-information/jivi-epar-product-information_en.pdf,"A. MANUFACTURER OF THE BIOLOGICAL ACTIVE SUBSTANCE AND
MANUFACTURER RESPONSIBLE FOR BATCH RELEASE
Name and address of the manufacturer of the biological active substance
Bayer HealthCare LLC
800 Dwight Way
Berkeley
CA
94710
United States
Name and address of the manufacturer responsible for batch release
Bayer AG
Kaiser-Wilhelm-Allee
51368 Leverkusen
Germany
Bayer AG
Müllerstraße 178
13353 Berlin
Germany",Bayer HealthCare LLC,"800 Dwight Way
Berkeley
CA
94710
United States",United States,1
186,Jivi,Damoctocog alfa pegol,B02BD02,https://www.ema.europa.eu/en/medicines/human/EPAR/jivi,https://www.ema.europa.eu/en/documents/product-information/jivi-epar-product-information_en.pdf,"A. MANUFACTURER OF THE BIOLOGICAL ACTIVE SUBSTANCE AND
MANUFACTURER RESPONSIBLE FOR BATCH RELEASE
Name and address of the manufacturer of the biological active substance
Bayer HealthCare LLC
800 Dwight Way
Berkeley
CA
94710
United States
Name and address of the manufacturer responsible for batch release
Bayer AG
Kaiser-Wilhelm-Allee
51368 Leverkusen
Germany
Bayer AG
Müllerstraße 178
13353 Berlin
Germany",Bayer AG,"Kaiser-Wilhelm-Allee
51368 Leverkusen
Germany",Germany,2
187,Jivi,Damoctocog alfa pegol,B02BD02,https://www.ema.europa.eu/en/medicines/human/EPAR/jivi,https://www.ema.europa.eu/en/documents/product-information/jivi-epar-product-information_en.pdf,"A. MANUFACTURER OF THE BIOLOGICAL ACTIVE SUBSTANCE AND
MANUFACTURER RESPONSIBLE FOR BATCH RELEASE
Name and address of the manufacturer of the biological active substance
Bayer HealthCare LLC
800 Dwight Way
Berkeley
CA
94710
United States
Name and address of the manufacturer responsible for batch release
Bayer AG
Kaiser-Wilhelm-Allee
51368 Leverkusen
Germany
Bayer AG
Müllerstraße 178
13353 Berlin
Germany",Bayer AG,"Müllerstraße 178
13353 Berlin
Germany",Germany,2