product_id,product_name,licence_number,licence_holder,atc_code,matched_critical_atc,mfr_company,mfr_address,mfr_country,pdf_url
22104,Diflucan 10 mg / ml powder for oral suspension,PA0822/211/006,Pfizer Healthcare Ireland Unlimited Company,"J02AC Triazole derivatives, J02AC01 fluconazole",J02AC01,Fareva Amboise,"Zone Industrielle, 29 route des Industries, 37530 Pocé-sur-Cisse",France,https://assets.hpra.ie/products/Human/22104/ea3747aa-5ab6-4be6-a4e8-1cafaf59734a.pdf
22105,Diflucan 40 mg / ml powder for oral suspension,PA0822/211/007,Pfizer Healthcare Ireland Unlimited Company,"J02AC Triazole derivatives, J02AC01 fluconazole",J02AC01,Fareva Amboise,"Zone Industrielle, 29 route des Industries, 37530 Pocé-sur-Cisse",France,https://assets.hpra.ie/products/Human/22105/c9153316-d817-4880-be96-c8bde4531817.pdf
20127,Cifox 500 mg film-coated tablets,PA0711/122/002,"Rowex Limited,","J01MA Fluoroquinolones, J01MA02 ciprofloxacin",J01MA02,Salutas Pharma GmbH | Rowa Pharmaceuticals Ltd. | Novartis Pharmaceuticals S.R.L.,"Otto-von-Guericke Allee 1, 39179 Barleben | Bantry, Co Cork | 7A Livezeni Street, Targu Mures",Germany | Ireland | Romania,https://assets.hpra.ie/products/Human/20127/422a156b-e9b4-4a9e-a4b6-bae81cc19b42.pdf
20126,Cifox 250 mg film-coated tablets,PA0711/122/001,"Rowex Limited,","J01MA Fluoroquinolones, J01MA02 ciprofloxacin",J01MA02,Salutas Pharma GmbH | Rowa Pharmaceuticals Ltd. | Novartis Pharmaceuticals S.R.L.,"Otto-von-Guericke Allee 1, 39179 Barleben | Bantry, Co Cork | 7A Livezeni Street, Targu Mures",Germany | Ireland | Romania,https://assets.hpra.ie/products/Human/20126/e241e468-a4ef-4df2-98aa-ecc527a5fc9a.pdf
15013,Azithromycin Clonmel 250 mg film-coated tablets,PA0126/150/001,Clonmel Healthcare Ltd,"J01FA Macrolides, J01FA10 azithromycin",J01FA10,Sandoz GmbH | Novartis Pharmaceuticals S.R.L.,"Biochemiestrasse 10, 6250 Kundl | Str. Livezeni nr. 7a, 540472 Targu-Mures, Rom, Clonmel Healthcare Ltd, Waterford Road, Clonmel, Co. Tipperary",Austria | Ireland,https://assets.hpra.ie/products/Human/15013/545fc06a-57db-4f88-8c77-78b5efd9e6fe.pdf
20128,Cifox 750 mg film-coated tablets,PA0711/122/003,"Rowex Limited,","J01MA Fluoroquinolones, J01MA02 ciprofloxacin",J01MA02,Salutas Pharma GmbH | Rowa Pharmaceuticals Ltd. | Novartis Pharmaceuticals S.R.L.,"Otto-von-Guericke Allee 1, 39179 Barleben | Bantry, Co Cork | 7A Livezeni Street, Targu Mures",Germany | Ireland | Romania,https://assets.hpra.ie/products/Human/20128/15d5b013-7dc5-4623-ab42-1216b06f6a15.pdf
37981,Doxycycline 100 mg hard capsules,PA1418/010/002,Athlone Pharmaceuticals Limited,J01AA02 doxycycline,J01AA02,Athlone Pharmaceuticals Limited | Ireland,"Maple House, South County Business Park",Ireland | Ireland,https://assets.hpra.ie/products/Human/37981/40dc98fa-5b94-4f15-948e-84a2c7b4c7d1.pdf
20866,Co-Amoxiclav TEVA 500 mg / 100 mg Powder for Solution for Injection / Infusion,PA0749/011/001,Teva Pharma B.V.,"J01CR Combinations of penicillins, incl. beta-lactamase inhibitors, J01CR02 amoxicillin and enzyme inhibitor",J01CR02,Pharmachemie B.V. | Laboratorio Reig Jofré S.A.,"Swensweg 5, 2031 GA Haarlem | C/ Jarama 111 Polígono Industrial, Toledo 45007, Toledo",Netherlands | Spain,https://assets.hpra.ie/products/Human/20866/331cc07e-3abd-4a12-babd-151f392f0949.pdf
38152,Paracetamol 500 mg tablets,PA1436/040/001,Bluefish Pharmaceuticals AB,N02BE01 paracetamol,N02BE01,Inbiotech Ltd. | Bulgaria,5A Triaditza Str.,Bulgaria | Bulgaria,https://assets.hpra.ie/products/Human/38152/a443e16f-9fe4-43e4-a376-f8ea07b2b228.pdf
16964,Ephedrine Hydrochloride 30mg in 1ml Solution for Injection,PA0549/027/001,Ethypharm,C01CA26 ephedrine,C01CA26,"Fannin Limited
Fannin House,
","South County Business Park,
Dublin 18,
D18 Y0C9",Ireland,https://assets.hpra.ie/products/Human/16964/27af5814-0c65-435f-a3f7-2c2b83ffca1b.pdf
30017,Cuvitru 200 mg / ml solution for subcutaneous injection,PA2004/008/001,Baxalta Innovations GmbH,"J06BA01 immunoglobulins, normal human, for extravascular adm.",J06BA01,Baxalta Belgium Manufacturing SA,"Boulevard René Branquart 80, 7860 Lessines",Belgium,https://assets.hpra.ie/products/Human/30017/7e94edef-1d6b-431b-89d1-3e76bf8f54fe.pdf
40866,Sugammadex 100 mg / mL solution for injection,PA23250/012/001,MSN Labs Europe Limited,V03AB35 sugammadex,V03AB35,Pharmadox Healthcare Limited | MSN Labs Europe Limited,"KW20A Kordin Industrial Park, Paola, PLA3000 | KW20A Corradino Park, Paola, PLA3000",Malta | Malta,https://assets.hpra.ie/products/Human/40866/51dcc3eb-eaaf-4595-81c7-bdc001200076.pdf
15224,Clavamel Forte 500mg / 125mg film-coated tablet,PA0126/243/001,Clonmel Healthcare Ltd,"J01CR Combinations of penicillins, incl. beta-lactamase inhibitors, J01CR02 amoxicillin and enzyme inhibitor",J01CR02,Sandoz GmbH | STADA Arzneimittel AG | Clonmel Healthcare Ltd,"Biochemiestrasse 10, 6250 Kundl | Stadastrasse 2–18, 61118 Bad Vilbel | Waterford Road, Clonmel, Co. Tipperary",Austria | Germany | Ireland,https://assets.hpra.ie/products/Human/15224/e3aa5d6d-8a22-48ba-b2dc-9b079fecb0e5.pdf
30361,"Quadrivalent Influenza Vaccine (split virion, inactivated), suspension for injection in pre-filled syringe Quadrivalent influenza vaccine (split virion, inactivated)",PA23458/010/001,Sanofi Winthrop Industrie,"J07BB Influenza vaccines, J07BB02 influenza, inactivated, split virus or surface antigen",J07BB02,Sanofi Winthrop Industrie,1541 avenue Marcel Mérieux - 69280 Marcy l'Etoile, France,https://assets.hpra.ie/products/Human/30361/22ff0602-ab24-4597-b48a-61b57bd06fbb.pdf
30361,"Quadrivalent Influenza Vaccine (split virion, inactivated), suspension for injection in pre-filled syringe Quadrivalent influenza vaccine (split virion, inactivated)",PA23458/010/001,Sanofi Winthrop Industrie,"J07BB Influenza vaccines, J07BB02 influenza, inactivated, split virus or surface antigen",J07BB02,Sanofi Winthrop Industrie ,"Voie de l’Institut - Parc Industriel d'Incarville B.P 101- 27100 Val de
Reuil ", France,https://assets.hpra.ie/products/Human/30361/22ff0602-ab24-4597-b48a-61b57bd06fbb.pdf
30361,"Quadrivalent Influenza Vaccine (split virion, inactivated), suspension for injection in pre-filled syringe Quadrivalent influenza vaccine (split virion, inactivated)",PA23458/010/001,Sanofi Winthrop Industrie,"J07BB Influenza vaccines, J07BB02 influenza, inactivated, split virus or surface antigen",J07BB02,Sanofi Aventis Zrt,Campona utca 1. (Harbor Park) - 1225 Budapest , Hungary,https://assets.hpra.ie/products/Human/30361/22ff0602-ab24-4597-b48a-61b57bd06fbb.pdf
39062,Rocuronium bromide 10 mg / mL  solution for injection in pre-filled syringe,PA1968/015/001,Laboratoire Aguettant,M03AC09 rocuronium bromide,M03AC09,Laboratoire Aguettant | Laboratoire Aguettant,"1, rue Alexander Fleming | Laboratoire Aguettant, Lieu Dit Chantecaille, 07340 Champagne",France | France,https://assets.hpra.ie/products/Human/39062/2bd0597a-4bd2-441b-a0d2-e18e077c2f85.pdf
37155,"Mykronor 5 micrograms / ml, solution for injection / infusion",PA1968/013/001,Laboratoire Aguettant,C01CA03 norepinephrine,C01CA03,Laboratoire AGUETTANT,"1, rue Alexander Fleming, 69007 Lyon",France,https://assets.hpra.ie/products/Human/37155/e7c714fe-8e6f-4f61-8206-1c7f087a61cc.pdf
21949,Solu-Medrone powder and solvent for solution for injection or concentrate for solution for infusion 500 mg / vial,PA0822/136/003,Pfizer Healthcare Ireland Unlimited Company,"H02AB Glucocorticoids, H02AB04 methylprednisolone",H02AB04,Pfizer Manufacturing Belgium NV,"Rijksweg 12
2870
Puurs-Sint-Amands",Belgium,https://assets.hpra.ie/products/Human/21949/db5e1b36-89df-4a25-ad23-842066651285.pdf
14828,Furosemide 20 mg Tablets,PA0126/008/001,Clonmel Healthcare Ltd,"C03CA Sulfonamides, plain, C03CA01 furosemide",C03CA01,"Clonmel Healthcare Ltd, Waterford Road, Clonmel, Co. Tipperary, Ireland",,Ireland,https://assets.hpra.ie/products/Human/14828/0514ff97-0594-46b3-b4f7-e90445d4190e.pdf
25492,Truoxin I.V. 200mg / 100ml solution for infusion,PA1217/002/001,Hikma Farmacêutica (Portugal) S.A.,"J01MA Fluoroquinolones, J01MA02 ciprofloxacin",J01MA02,"Hikma Farmacêutica (Portugal)
",", S.A.
Estrada do Rio da Mó n.º 8, 8A e 8B – Fervença
2705-906 Terrugem SNT",Portugal,https://assets.hpra.ie/products/Human/25492/cefc252a-0379-46fd-8ea2-29c790cb3486.pdf
25493,Truoxin I.V. 400 mg / 200 ml solution for infusion,PA1217/002/002,Hikma Farmacêutica (Portugal) S.A.,"J01MA Fluoroquinolones, J01MA02 ciprofloxacin",J01MA02,"Hikma Farmacêutica (Portugal)
",", S.A.
Estrada do Rio da Mó n.º 8, 8A e 8B – Fervença
2705-906 Terrugem SNT",Portugal,https://assets.hpra.ie/products/Human/25493/1e2e207d-5323-420e-8ad4-ce764584da08.pdf
19345,Metoject 15 mg solution for injection in pre-filled pen,PA0623/014/004,medac Gesellschaft für klinische Spezialpräparate mbH,"L01BA Folic acid analogues, L01BA01 methotrexate",L01BA01,medac,"Gesellschaft für klinische Spezialpräparate mbH, Theaterstr. 6, 22880 Wedel",Germany,https://assets.hpra.ie/products/Human/19345/63115c1c-a582-49f9-867a-7f58d41d57b5.pdf
19343,Metoject 7.5 mg solution for injection in pre-filled pen,PA0623/014/002,medac Gesellschaft für klinische Spezialpräparate mbH,"L01BA Folic acid analogues, L01BA01 methotrexate",L01BA01,medac,"Gesellschaft für klinische Spezialpräparate mbH, Theaterstr. 6, 22880 Wedel",Germany,https://assets.hpra.ie/products/Human/19343/02fa3b70-64a7-43f2-b539-4239a5be56e0.pdf
30358,"Triaxis, suspension for injection in a pre-filled syringe Diphtheria, Tetanus, Pertussis (acellular component) Vaccine (adsorbed, reduced antigen(s) content)",PA23458/008/001,Sanofi Winthrop Industrie,"J07AJ Pertussis vaccines, J07AJ52 pertussis, purified antigen, combinations with toxoids",J07AJ52,Sanofi Winthrop Industrie | Sanofi Winthrop Industrie,"Voie de L’Institut, Parc Industriel d’Incarville B.P 101 | Sanofi Winthrop Industrie, 1541 avenue Marcel Mérieux",France | France,https://assets.hpra.ie/products/Human/30358/28d58dbe-8d02-4a06-9d10-10184f30c57c.pdf
19344,Metoject 10 mg solution for injection in pre-filled pen,PA0623/014/003,medac Gesellschaft für klinische Spezialpräparate mbH,"L01BA Folic acid analogues, L01BA01 methotrexate",L01BA01,medac,"Gesellschaft für klinische Spezialpräparate mbH, Theaterstr. 6, 22880 Wedel",Germany,https://assets.hpra.ie/products/Human/19344/c91d8774-4520-481b-8d55-25c39e976a46.pdf
27560,"Paclitaxel 6 mg / ml, Concentrate for Solution for Infusion",PA2315/115/001,Accord Healthcare Ireland Ltd.,"L01CD Taxanes, L01CD01 paclitaxel",L01CD01,Accord Healthcare Polska Sp.z o.o. | Accord Healthcare Single Member S.A.,"ul. Lutomierska 50, 95-200 Pabianice | 64th Km National Road Athens, Lamia, 32009",Poland | Greece,https://assets.hpra.ie/products/Human/27560/7ba0fdf8-70ff-439b-9fc5-22b371a2ecb9.pdf
19347,Metoject 25 mg solution for injection in pre-filled pen,PA0623/014/006,medac Gesellschaft für klinische Spezialpräparate mbH,"L01BA Folic acid analogues, L01BA01 methotrexate",L01BA01,medac,"Gesellschaft für klinische Spezialpräparate mbH, Theaterstr. 6, 22880 Wedel",Germany,https://assets.hpra.ie/products/Human/19347/006c811a-a269-4f96-afc8-955b7bc53fce.pdf
19346,Metoject 20 mg solution for injection in pre-filled pen,PA0623/014/005,medac Gesellschaft für klinische Spezialpräparate mbH,"L01BA Folic acid analogues, L01BA01 methotrexate",L01BA01,medac,"Gesellschaft für klinische Spezialpräparate mbH, Theaterstr. 6, 22880 Wedel",Germany,https://assets.hpra.ie/products/Human/19346/067266c8-3e11-4756-9155-527fdbed4aba.pdf
30237,"Levofloxacin 5 mg / ml solution for infusion, freeflex bags",PA2059/010/002,Fresenius Kabi Deutschland GmbH,"J01MA Fluoroquinolones, J01MA12 levofloxacin",J01MA12,Fresenius Kabi Polska Sp. z o.o. | HP Halden Pharma AS,"Wytwórnia Płynów Infuzyjnych
99-300 Kutno
Sienkiewicza 25 | Svinesundsveien 80,
1788 Halden",Poland | Norway,https://assets.hpra.ie/products/Human/30237/e3a42ef1-e8f7-47bc-bf8e-b979314c4ebe.pdf
30236,"Levofloxacin 5 mg / ml solution for infusion, LDPE bottles",PA2059/010/001,Fresenius Kabi Deutschland GmbH,"J01MA Fluoroquinolones, J01MA12 levofloxacin",J01MA12,Fresenius Kabi Polska Sp. z o.o. | HP Halden Pharma AS,"Wytwórnia Płynów Infuzyjnych
99-300 Kutno
Sienkiewicza 25 | Svinesundsveien 80,
1788 Halden",Poland | Norway,https://assets.hpra.ie/products/Human/30236/5f851e9e-17d6-4830-8088-02cd562b9c08.pdf
24614,Zovirax 200 mg / 5 mL Oral Suspension,PA1077/084/005,GlaxoSmithKline (Ireland) Limited,"J05AB Nucleosides and nucleotides excl. reverse transcriptase inhibitors, J05AB01 aciclovir",J05AB01,Aspen Bad Oldesloe GmbH,"ndustriestrasse 32-36, 23843 Bad Oldesloe, ",Germany,https://assets.hpra.ie/products/Human/24614/68fb22db-6771-4497-a645-f130c2b3f065.pdf
17918,Targocid 200mg Powder and Solvent for Solution for Injection / infusion or oral solution,PA0540/021/001,Sanofi-Aventis Ireland Limited T/A SANOFI,"J01XA Glycopeptide antibacterials, J01XA02 teicoplanin",J01XA02,SANOFI S.r.l.,Via Valcanello 4 03012 ,Italy ,https://assets.hpra.ie/products/Human/17918/720577eb-d5d3-4ace-a400-ec1e81b30885.pdf
40105,Sodium Valproate Seacross 100 mg / ml solution for injection / infusion,PA22766/012/001,Seacross Pharma (Europe) Limited,N03AG01 valproic acid,N03AG01,Seacross Pharma (Europe) Ltd.,"
Pod 13, The Old Station House
15A Main Street, Blackrock
Dublin, A94 T8P8
",Ireland,https://assets.hpra.ie/products/Human/40105/07872948-8180-4435-ae43-ffac7d2256e4.pdf
17919,Targocid 400mg Powder and Solvent for Solution for Injection / infusion or oral solution,PA0540/021/002,Sanofi-Aventis Ireland Limited T/A SANOFI,"J01XA Glycopeptide antibacterials, J01XA02 teicoplanin",J01XA02,"SANOFI S.r.l.,
","Via Valcanello 4 03012 –
Anagni 
",Italy,https://assets.hpra.ie/products/Human/17919/0d148f64-f795-4676-8e2c-a934cde49904.pdf
15379,Posaconazole Clonmel 100 mg gastro-resistant tablets,PA0126/307/001,Clonmel Healthcare Ltd,"J02AC Triazole derivatives, J02AC04 posaconazole",J02AC04,STADA Arzneimittel AG | Clonmel Healthcare Ltd,"Stadastrasse 2-18, 61118 Bad Vilbel | Waterford Road, Clonmel, Co. Tipperary",Germany | Ireland,https://assets.hpra.ie/products/Human/15379/958d1a2f-4c27-4fd3-b34f-d57531ee1d80.pdf
14979,Clonocid 250 mg film-coated Tablets,PA0126/136/001,Clonmel Healthcare Ltd,"J01FA Macrolides, J01FA09 clarithromycin",J01FA09,Clonmel Healthcare Ltd | STADA Arzneimittel AG | STADA Arzneimittel GmbH | Sanico N.V. Veedijk 59,"Waterford Road, Clonmel | Stadastrasse 2-18, 61118 Bad Vilbel | Muthgasse 36/2, 1190 Wien | Industriezone IV, Turnhout",Ireland | Germany | Austria | Belgium,https://assets.hpra.ie/products/Human/14979/1cc9554c-0fa8-4490-94a4-3d45ace45b0f.pdf
14980,Clonocid 500 mg film-coated tablets,PA0126/136/002,Clonmel Healthcare Ltd,"J01FA Macrolides, J01FA09 clarithromycin",J01FA09,Clonmel Healthcare Ltd | STADA Arzneimittel AG | STADA Arzneimittel GmbH | Sanico N.V. Veedijk 59,"Waterford Road, Clonmel | Stadastrasse 2-18, 61118 Bad Vilbel | Muthgasse 36/2, 1190 Wien | Industriezone IV, Turnhout",Ireland | Germany | Austria | Belgium,https://assets.hpra.ie/products/Human/14980/8d701ce4-3bbc-4a62-9630-e11f838ed865.pdf
26257,Tambocor 50 mg Tablets,PA23355/023/002,Viatris Healthcare Limited,"C01BC Antiarrhythmics, class Ic, C01BC04 flecainide",C01BC04,"Rottapharm Ltd. |
Mylan Hungary Kft.

","Damastown Industrial Park,
Mulhuddart,
Dublin 15
 | Mylan utca 1
Komárom H-2900",Ireland | Hungary,https://assets.hpra.ie/products/Human/26257/c1bf1cfd-4c15-4b42-937a-1743aa8753e4.pdf
26258,Tambocor 100 mg Tablets,PA23355/023/003,Viatris Healthcare Limited,"C01BC Antiarrhythmics, class Ic, C01BC04 flecainide",C01BC04,"Rottapharm Ltd. |
Mylan Hungary Kft.

","Damastown Industrial Park,
Mulhuddart,
Dublin 15
 | Mylan utca 1
Komárom H-2900",Ireland | Hungary,https://assets.hpra.ie/products/Human/26258/2f050e38-5790-4704-a5a9-4026161fa4ae.pdf
42352,Propranolol 10 mg film-coated tablets,PPA0465/509/001,PCO Manufacturing Ltd.,C07AA05 propranolol,C07AA05,Kern Pharma,"S.L., Venus, 72 – Pol. Ind. Colón II, 08228 Terrassa – Barcelona",Spain,https://assets.hpra.ie/products/Human/42352/1bef7e5a-667c-412b-a520-202deaf1b2e9.pdf
30353,"REPEVAX, suspension for injection, in pre-filled syringe Diphtheria, Tetanus, Pertussis (acellular, component) and Poliomyelitis (inactivated) Vaccine (adsorbed, reduced antigen(s) content)",PA23458/004/001,Sanofi Winthrop Industrie,"J07CA Bacterial and viral vaccines, combined, J07CA02 diphtheria-pertussis-poliomyelitis-tetanus",J07CA02,Sanofi Winthrop Industrie,"Voie de L'Institut, Parc Industriel d'Incarville B.P 101, 27100 Val de Reuil, ",France,https://assets.hpra.ie/products/Human/30353/afd3f45b-37a7-4f5e-8f2f-b429178b5a03.pdf
37684,Sugammadex Teva 100 mg / ml solution for injection,PA1986/102/001,Teva B.V.,V03AB35 sugammadex,V03AB35,PLIVA Croatia Ltd.,"Prilaz baruna Filipovića 25, Zagreb, 10000",Croatia,https://assets.hpra.ie/products/Human/37684/73bcfe2b-8162-412d-8c2f-c52134dbe5be.pdf
24446,Augmentin 875 mg / 125 mg film-coated tablets,PA1077/019/005,GlaxoSmithKline (Ireland) Limited,"J01CR Combinations of penicillins, incl. beta-lactamase inhibitors, J01CR02 amoxicillin and enzyme inhibitor",J01CR02,Glaxo Wellcome Production,"Z.I. de la Peyenniere, 53100 Mayenne",France,https://assets.hpra.ie/products/Human/24446/c9de536b-3ad6-4a3b-ab6b-fdc6d96461f0.pdf
21498,"Alburex 5, 50 g / l, solution for infusion",PA0800/008/001,CSL Behring GmbH,"B05AA Blood substitutes and plasma protein fractions, B05AA01 albumin",B05AA01,CSL Behring GmbH,"
Emil-von-Behring-Strasse 76 35041 Marburg",Germany,https://assets.hpra.ie/products/Human/21498/41aa6e41-33a4-46c4-b6bf-5b3d5c44c697.pdf
37574,Salbutamol Neutec 2.5 mg / 2.5 ml nebuliser solution,PA23030/002/001,Neutec Inhaler Ireland Limited,R03AC02 salbutamol,R03AC02,Nextpharma Oy | Kymos S.L.,"Niittyhaankatu 20 | Kymos S.L., Ronda De Can Fatjo 7b, Parc Tecnologic Del Valles, Cerdanyola Del Valles, 08290",Finland | Spain,https://assets.hpra.ie/products/Human/37574/df9be10e-7c49-475e-9d46-eb2b75f8a6cd.pdf
24632,Augmentin  250 mg / 125 mg film-coated tablets,PA1077/093/007,GlaxoSmithKline (Ireland) Limited,"J01CR Combinations of penicillins, incl. beta-lactamase inhibitors, J01CR02 amoxicillin and enzyme inhibitor",J01CR02,Glaxo Wellcome Production," Zone Industrielle de la Peyennière, 53100 Mayenne, ",France,https://assets.hpra.ie/products/Human/24632/e08dc50c-ee2b-4e13-b55a-cc5af96a6a56.pdf
24444,Augmentin  500 mg / 125 mg film-coated tablets,PA1077/019/003,GlaxoSmithKline (Ireland) Limited,"J01CR Combinations of penicillins, incl. beta-lactamase inhibitors, J01CR02 amoxicillin and enzyme inhibitor",J01CR02,Glaxo Wellcome Production," Z.I. de la Peyenniere, 53100 Mayenne",France,https://assets.hpra.ie/products/Human/24444/660dcbf0-f684-430c-863c-9e2487ab065a.pdf
24447,Augmentin Duo Mixed Fruit 400 mg / 57 mg / 5 ml Powder for Oral Suspension,PA1077/019/006,GlaxoSmithKline (Ireland) Limited,"J01CR Combinations of penicillins, incl. beta-lactamase inhibitors, J01CR02 amoxicillin and enzyme inhibitor",J01CR02,Glaxo Wellcome Production ,"ZI de la Peyenniere, 53100 Mayenne Cedex",France,https://assets.hpra.ie/products/Human/24447/5dd56d95-a702-4359-ba70-41b12546442a.pdf
41751,"Vaxigrip suspension for injection in pre-filled syringe.Trivalent influenza vaccine (split virion, inactivated).",PA23458/002/001,Sanofi Winthrop Industrie,"J07BB02 influenza, inactivated, split virus or surface antigen",J07BB02,"Sanofi Winthrop Industrie | 
Sanofi Winthrop Industrie |
Sanofi-Aventis Zrt.","- 1541, avenue Marcel Mérieux - 69280 Marcy l'Etoile |  Voie de l’Institut - Parc Industriel d'Incarville B.P 101 – 27100 Val de Reuil  | Building Dc5 - Campona Utca 1 - Budapest XXII,1225 ", France | France | Hungary ,https://assets.hpra.ie/products/Human/41751/19b61d00-c1d2-48da-8d6b-e22cf0cd5071.pdf
21499,"Alburex 20, 200 g / l, solution for infusion",PA0800/008/002,CSL Behring GmbH,"B05AA Blood substitutes and plasma protein fractions, B05AA01 albumin",B05AA01,CSL Behring GmbH,"
Emil-von-Behring-Strasse 76 35041 Marburg",Germany,https://assets.hpra.ie/products/Human/21499/821c4b56-4a73-443c-8d09-2af336027118.pdf
14844,Paralief 500 mg Effervescent Tablets,PA0126/020/004,Clonmel Healthcare Ltd,"N02BE Anilides, N02BE01 paracetamol",N02BE01,Cipla Europe NV,"De Keyserlei 58-60 bus 19, Antwerp, 2018, ",Belgium,https://assets.hpra.ie/products/Human/14844/e1fb7766-1584-4237-ae33-f6ef58859277.pdf
42192,"Efluelda suspension for injection in pre-filled syringe Trivalent influenza vaccine (split virion, inactivated), 60 micrograms HA / strain",PA23458/001/001,Sanofi Winthrop Industrie,"J07BB02 influenza, inactivated, split virus or surface antigen",J07BB02,"Sanofi Winthrop Industrie
","Voie de L'Institut, Parc Industriel d'Incarville B.P 101, 27100 Val de Reuil",France,https://assets.hpra.ie/products/Human/42192/58722c20-1d0b-4270-8416-1c76ffce27ee.pdf
35786,"Efluelda Tetra, suspension for injection in pre-filled syringe",PA23458/012/001,Sanofi Winthrop Industrie,"J07BB02 influenza, inactivated, split virus or surface antigen",J07BB02,"Sanofi Winthrop Industrie
","Voie de L'Institut, Parc Industriel d'Incarville B.P 101, 27100 Val de Reuil",France,https://assets.hpra.ie/products/Human/35786/db95eb06-eb93-477b-ad2a-489027e0d086.pdf
15729,Endoxana Injection 1000 mg Powder for Solution for Injection,PA2299/027/002,Baxter Holding B.V.,"L01AA Nitrogen mustard analogues, L01AA01 cyclophosphamide",L01AA01,Simtra Deutschland GmbH,"Kantstrasse 2, 33790, Halle/Westfalen",Germany,https://assets.hpra.ie/products/Human/15729/4d57e8f7-b78f-4731-821e-380727570409.pdf
30723,Uromitexan tablets 400 mg,PA2299/024/002,Baxter Holding B.V.,"V03AF Detoxifying agents for antineoplastic treatment, V03AF01 mesna",V03AF01,Simtra Deutschland GmbH,Kantstrasse 2,Germany,https://assets.hpra.ie/products/Human/30723/95685188-58cb-4656-89a4-952869f2bffc.pdf
23807,Desmotabs Melt 60 micrograms oral lyophilisate,PA1009/007/002,Ferring Ireland Ltd,"H01BA Vasopressin and analogues, H01BA02 desmopressin",H01BA02,Ferring GmbH,"Wittland 11, D-24109 Kiel",Germany,https://assets.hpra.ie/products/Human/23807/7eaa5633-8660-413e-bb23-4cbe98d77d87.pdf
23809,Desmotabs Melt 240 micrograms oral lyophilisate,PA1009/007/004,Ferring Ireland Ltd,"H01BA Vasopressin and analogues, H01BA02 desmopressin",H01BA02,Ferring GmbH,"Wittland 11, D-24109 Kiel",Germany,https://assets.hpra.ie/products/Human/23809/d420e43e-3b60-4906-b7c1-57b18af403ee.pdf
29792,"Adrenaline (Epinephrine) 1 mg / 10 ml (1:10,000) Solution for Injection in Pre-Filled Syringe",PA1968/002/001,Laboratoire Aguettant,"C01CA Adrenergic and dopaminergic agents, C01CA24 epinephrine",C01CA24,"Laboratoire Aguettant | Laboratoire Aguettant
","1, rue Alexander Fleming
69007 LYON | 
Lieu Dit Chantecaille
07340 Champagne
",France | France ,https://assets.hpra.ie/products/Human/29792/4dc8a9b3-f468-459a-94e3-8623772dcef7.pdf
23808,Desmotabs Melt 120 micrograms oral lyophilisate,PA1009/007/003,Ferring Ireland Ltd,"H01BA Vasopressin and analogues, H01BA02 desmopressin",H01BA02,Ferring GmbH,"Wittland 11, D-24109 Kiel",Germany,https://assets.hpra.ie/products/Human/23808/61fa4106-fa9e-4d44-af9b-81267817baec.pdf
29927,"COLOMYCIN 2 million International Units (IU) Powder for solution for injection, infusion or inhalation",PA1986/046/002,Teva B.V.,"J01XB Polymyxins, J01XB01 colistin",J01XB01,"Millmount Healthcare Ltd. | 
Merckle GmbH","Unit 7, City North Business Campus
Stamullen
Co. Meath
K32 YD60 | Ludwig-Merckle-Strasse 3
89143 Blaubeuren
", Ireland | Germany,https://assets.hpra.ie/products/Human/29927/46d72ea1-309a-473a-ac1b-e953be6e4213.pdf
40372,Cyclophosphamide Seacross 1000 mg powder for solution for injection / infusion,PA22766/013/003,Seacross Pharma (Europe) Limited,L01AA01 cyclophosphamide,L01AA01,Seacross Pharma (Europe) Ltd. ,"POD 13, The Old Station House
15A Main Street, Blackrock
Dublin, A94 T8P8",Ireland,https://assets.hpra.ie/products/Human/40372/a42b9173-a2d4-43b4-8548-90194b2f54de.pdf
24953,Vancomycin 1000 mg Powder for concentrate for solution for infusion,PA1122/008/002,Noridem Enterprises Limited,"J01XA Glycopeptide antibacterials, J01XA01 vancomycin",J01XA01,Demo S.A. PHARMACEUTICAL INDUSTRY,"21st km National Road Athens, Lamia, 14568 Krioneri, Attiki",Greece,https://assets.hpra.ie/products/Human/24953/0710f5f3-95b5-4d90-9acf-0a5959e51172.pdf
24952,Vancomycin 500 mg Powder for concentrate for solution for infusion,PA1122/008/001,Noridem Enterprises Limited,"J01XA Glycopeptide antibacterials, J01XA01 vancomycin",J01XA01,Demo S.A. PHARMACEUTICAL INDUSTRY,"21st km National Road Athens, Lamia, 14568 Krioneri, Attiki",Greece,https://assets.hpra.ie/products/Human/24952/58f48637-f23a-46ac-b1b8-77bb27e57144.pdf
27711,Tranexamic acid 100 mg / ml Solution for Injection,PA2315/178/001,Accord Healthcare Ireland Ltd.,"B02AA Amino acids, B02AA02 tranexamic acid",B02AA02,Accord Healthcare Polska Sp.z o.o.,"ul. Lutomierska 50, 95-200 Pabianice",Poland,https://assets.hpra.ie/products/Human/27711/316d40ac-e7ec-4aeb-86b6-fdbd4a1f2d1a.pdf
24373,Anapen 300 micrograms in 0.3 ml solution for injection in a pre-filled syringe,PA22580/001/002,Bioprojet Pharma,"C01CA Adrenergic and dopaminergic agents, C01CA24 epinephrine",C01CA24,"Owen Mumford Limited | 
LYOFAL - SALON DE PROVENCE","Primsdown Industrial Estate, Worcester Road, Chipping Norton | ZA La Gando, 452 rue du Rémoulaire, SALON DE PROVENCE",United Kingdom | France,https://assets.hpra.ie/products/Human/24373/5e5a1fd2-20e0-489a-8830-647e58095a06.pdf
17076,Tamoxifen 20 mg tablets,PA23266/052/001,Viatris Limited,"L02BA Anti-estrogens, L02BA01 tamoxifen",L02BA01,Delpharm | Mylan Hungary Kft,"Lille SAS, Parc d'activités de Roubaix Est, Rue de Toufflers 22, CS50070, 59452 Lys Lez, Lannoy | H-2900 Komarom, Mylan utca 1",France | Hungary,https://assets.hpra.ie/products/Human/17076/6938d1b7-8211-405d-94d2-d63db98817c3.pdf
27561,Doxorubicin 2 mg / ml Concentrate for Solution for Infusion,PA2315/083/001,Accord Healthcare Ireland Ltd.,"L01DB Anthracyclines and related substances, L01DB01 doxorubicin",L01DB01,Accord Healthcare Polska Sp.z o.o. | Accord Healthcare B.V. | The Netherlands,"ul. Lutomierska 50, 95-200 Pabianice | Winthontlaan 200, NL/H/4562/IA/040/G, version 01, February 2025, ium chloride injection and 5%, hen prepared in glass containers, ly. If not used immediately, in-, ser and would normally not be, ontrolled and validated aseptic, nt Doxorubicin Hydrochloride., ent) and water for injections., ntents of the pack:, hich is practically free from | Accord Healthcare Single Member S.A.",Poland | Netherlands | Greece,https://assets.hpra.ie/products/Human/27561/b6502de2-ade6-453c-aa5e-8d27b19ba8b1.pdf
27261,Olanzapine 10mg Orodispersible Tablets,PA2315/229/002,Accord Healthcare Ireland Ltd.,"N05AH Diazepines, oxazepines, thiazepines and oxepines, N05AH03 olanzapine",N05AH03,Accord Healthcare Polska Sp.z.o.o. | Accord Healthcare B.V.,"Ul. Lutomierska 50, 95-200, Pabianice | Winthontlaan 200, 3526KV Utrecht",Poland | Netherlands,https://assets.hpra.ie/products/Human/27261/e06379a2-ca0f-4ef3-b0be-dfa688066115.pdf
15145,Olanzapine 7.5mg Film-coated Tablets,PA0126/210/003,Clonmel Healthcare Ltd,"N05AH Diazepines, oxazepines, thiazepines and oxepines, N05AH03 olanzapine",N05AH03,STADA Arzneimittel AG | Clonmel Healthcare Ltd | Sanico N.V. | Coripharma ehf.,"Stadastrasse 2-18, 61118 Bad Vilbel | Waterford Road, Clonmel, Co. Tipperary | Industriezone, Veedijk 59, BE - 2300 Turnhout | Reykjavikurvegur 78, IS-220 Hafnarfjordur",Germany | Ireland | Belgium | Iceland,https://assets.hpra.ie/products/Human/15145/670288ac-f417-4769-8809-5031c847bd64.pdf
15146,Olanzapine 10mg Film-coated Tablets,PA0126/210/004,Clonmel Healthcare Ltd,"N05AH Diazepines, oxazepines, thiazepines and oxepines, N05AH03 olanzapine",N05AH03,STADA Arzneimittel AG | Clonmel Healthcare Ltd | Sanico N.V. | Coripharma ehf.,"Stadastrasse 2-18, 61118 Bad Vilbel | Waterford Road, Clonmel, Co. Tipperary | Industriezone, Veedijk 59, BE - 2300 Turnhout | Reykjavikurvegur 78, IS-220 Hafnarfjordur",Germany | Ireland | Belgium | Iceland,https://assets.hpra.ie/products/Human/15146/216d1989-ac94-417e-af1d-188015ae0cbb.pdf
15147,Olanzapine 15mg Film-coated Tablets,PA0126/210/005,Clonmel Healthcare Ltd,"N05AH Diazepines, oxazepines, thiazepines and oxepines, N05AH03 olanzapine",N05AH03,STADA Arzneimittel AG | Clonmel Healthcare Ltd | Sanico N.V. | Coripharma ehf.,"Stadastrasse 2-18, 61118 Bad Vilbel | Waterford Road, Clonmel, Co. Tipperary | Industriezone, Veedijk 59, BE - 2300 Turnhout | Reykjavikurvegur 78, IS-220 Hafnarfjordur",Germany | Ireland | Belgium | Iceland,https://assets.hpra.ie/products/Human/15147/864ba152-1583-419a-82a8-d04f49f52521.pdf
27656,Cytarabine 20 mg / ml Solution for Injection / Infusion,PA2315/082/002,Accord Healthcare Ireland Ltd.,"L01BC Pyrimidine analogues, L01BC01 cytarabine",L01BC01,"Laboratori Fundació Dau | Accord Healthcare Polska Sp.z o.o.,","Pol. Ind. Consorci Zona Franca, c/ C, 12-14 Barcelona, 08040 | ul. Lutomierska 50,95-200 Pabianice,",Spain | Poland,https://assets.hpra.ie/products/Human/27656/fcb104fa-d7d5-4dcb-b99d-863f4af21f81.pdf
41979,Apacross 5 mg / ml powder for dispersion for infusion,PA22766/015/001,Seacross Pharma (Europe) Limited,L01CD01 paclitaxel,L01CD01,Seacross Pharma (Europe) Ltd.,"POD 13, The Old Station House, 15A Main Street, Blackrock, Dublin, A94 T8P8",Ireland,https://assets.hpra.ie/products/Human/41979/3fa6eaa9-799c-43a2-aac3-a902aab616d5.pdf
42189,Metoclopramide hydrochloride 5 mg / ml solution for injection,PA1122/042/001,Noridem Enterprises Limited,A03FA01 metoclopramide,A03FA01,DEMO S.A. PHARMACEUTICAL INDUSTRY,"21st Km National Road Athens–Lamia,
14568 Krioneri, Attiki",Greece ,https://assets.hpra.ie/products/Human/42189/499ffe86-90b1-44e3-8bbf-698cf437fed7.pdf
42904,Prednisolone Renata 5 mg tablets,PA22865/021/001,Renata Pharmaceuticals (Ireland) Limited,H02AB06 prednisolone,H02AB06,ALTERNO LABS d. o. o.,"Brnčičeva ulica 29, Ljubljana - Črnuče, 1231",Slovenia,https://assets.hpra.ie/products/Human/42904/e2e0279a-84a0-4635-be72-ae66c18ef5d2.pdf
37091,Paralief 500 mg film-coated tablets,PA0126/020/008,Clonmel Healthcare Ltd,N02BE01 paracetamol,N02BE01,Pharmazet Group s.r.o. | Clonmel Healthcare Ltd.,"Třtinová 260/1, Prague 9, 19600 | Waterford Road, Clonmel, Co. Tipperary,",Czech Republic | Ireland,https://assets.hpra.ie/products/Human/37091/457272ea-8d5c-4b10-967f-770c54d9da41.pdf
26019,VARIVAX powder and solvent for suspension for injection in a pre-filled syringe. Varicella Vaccine (live),PA1286/057/001,Merck Sharp & Dohme Ireland (Human Health) Limited,"J07BK01 varicella, live attenuated",J07BK01,"Merck Sharp & Dohme B.V.
","Waarderweg 39
2031 BN Haarlem",Netherlands ,https://assets.hpra.ie/products/Human/26019/dfe8b447-3909-450d-84af-45c4a7b1736b.pdf
25500,Levofloxacin 5 mg / ml solution for infusion,PA1217/008/001,Hikma Farmacêutica (Portugal) S.A.,"J01MA Fluoroquinolones, J01MA12 levofloxacin",J01MA12,"Hikma Farmacêutica (Portugal), S.A.","Estrada do Rio da Mó, nº 8, 8A – 8B Fervença",Portugal,https://assets.hpra.ie/products/Human/25500/ac653eca-d779-4540-b853-bece17210e14.pdf
18834,Tavager 500 mg film-coated tablets,PA23266/063/001,Viatris Limited,"J01MA Fluoroquinolones, J01MA12 levofloxacin",J01MA12,"Mylan Hungary Kft
","H-2900 Komárom
Mylan utca 1
",Hungary ,https://assets.hpra.ie/products/Human/18834/8b015def-08e4-49c4-ba68-6eb2c07804e7.pdf
40726,Propranolol Azure 40 mg film-coated tablets,PA22871/031/002,Azure Pharmaceuticals Ltd.,C07AA05 propranolol,C07AA05,"Kern Pharma, S.L., Venu","72 – Pol. Ind. Colón II, 08228 Terrassa, Barcelona, ",Spain,https://assets.hpra.ie/products/Human/40726/7d40c99c-6a82-4199-98de-ddd0cb2c63ab.pdf
26712,Levofloxacin Krka 500 mg film-coated tablets,PA1347/048/002,"KRKA, d.d., Novo mesto","J01MA Fluoroquinolones, J01MA12 levofloxacin",J01MA12,"KRKA, d.d."," Novo mesto, Šmarješka cesta 6, 8501 Novo mesto, ",Slovenia,https://assets.hpra.ie/products/Human/26712/92bdad05-9465-4ce6-84ea-49064eff8554.pdf
24490,"Priorix - Powder and solvent for solution for injection in a pre-filled syringeMeasles, Mumps and Rubella vaccine (live)",PA1077/036/001,GlaxoSmithKline (Ireland) Limited,"J07BD Measles vaccines, J07BD52 measles, combinations with mumps and rubella, live attenuated",J07BD52,GlaxoSmithKline Biologicals s.a.,"Rue de l' Institut 89, B-1330 Rixensart",Belgium,https://assets.hpra.ie/products/Human/24490/314e9561-79a6-4745-b026-60250a472f63.pdf
24961,Levofloxacin 5 mg / ml solution for infusion,PA1122/013/001,Noridem Enterprises Limited,"J01MA Fluoroquinolones, J01MA12 levofloxacin",J01MA12,"DEMO S.A., PHARMACEUTICAL INDUSTRY,"," 21st km National Road Athens-
Lamia, 14568 Krioneri, Attiki",Greece,https://assets.hpra.ie/products/Human/24961/9484a772-6760-4299-ae84-f6593c744be6.pdf
26711,Levofloxacin Krka 250 mg film-coated tablets,PA1347/048/001,"KRKA, d.d., Novo mesto","J01MA Fluoroquinolones, J01MA12 levofloxacin",J01MA12,"KRKA, d.d.Slovenia","Novo mesto, Šmarješka cesta 6, 8501 Novo mesto, ",Slovenia,https://assets.hpra.ie/products/Human/26711/46affafa-71ea-49eb-a07b-f3c0a537f8ec.pdf
24704,"Priorix-Tetra powder and solvent for solution for injection in pre-filled syringe Measles, mumps, rubella and varicella vaccine (live)",PA1077/117/001,GlaxoSmithKline (Ireland) Limited,"J07BD Measles vaccines, J07BD54 measles, combinations with mumps, rubella and varicella, live attenuated",J07BD54,GlaxoSmithKline Biologicals s.a.,"Rue de l' Institut 89, B-1330 Rixensart",Belgium,https://assets.hpra.ie/products/Human/24704/ce85e285-ef09-42cd-91c7-146a54cb43a7.pdf
25501,Levofloxacin 5 mg / ml solution for infusion,PA1217/008/002,Hikma Farmacêutica (Portugal) S.A.,"J01MA Fluoroquinolones, J01MA12 levofloxacin",J01MA12,"Hikma Farmacêutica (Portugal), S.A.","Estrada do Rio da Mó, nº 8, 8A – 8B, Fervença, 2705 – 906 Terrugem SNT",Portugal,https://assets.hpra.ie/products/Human/25501/5624e3b8-4cec-4828-8739-fdb4cf567776.pdf
15732,Mitoxana 2 g powder for sterile concentrate,PA2299/028/002,Baxter Holding B.V.,"L01AA Nitrogen mustard analogues, L01AA06 ifosfamide",L01AA06,Simtra Deutschland GmbH,"Kantstrasse 2
33790 Halle/Westfalen ",Germany,https://assets.hpra.ie/products/Human/15732/5e687693-8930-4594-92a4-34351b5d0b90.pdf
40690,Propranolol Azure 10 mg film-coated tablets,PA22871/031/001,Azure Pharmaceuticals Ltd.,C07AA05 propranolol,C07AA05,Kern Pharma ," S.L., Venus, 72 – Pol. Ind. Colón II, 08228 Terrassa – Barcelona, ",Spain,https://assets.hpra.ie/products/Human/40690/64101ab5-3fb4-452c-b171-cb66504c3f52.pdf
14328,"Adrenaline (Epinephrine) 1:1,000 Solution for Injection",PA0073/035/001,Mercury Pharmaceuticals (Ireland) Ltd,"C01CA Adrenergic and dopaminergic agents, C01CA24 epinephrine",C01CA24,B. Braun Melsungen AG," Mistelweg 2, 12357 Berlin",Germany,https://assets.hpra.ie/products/Human/14328/952a9e78-60d2-405c-b175-c18e1e9178f2.pdf
30722,Uromitexan 100mg / ml Solution for Injection or Infusion,PA2299/024/001,Baxter Holding B.V.,"V03AF Detoxifying agents for antineoplastic treatment, V03AF01 mesna",V03AF01,"Simtra DeutschlandGmbH | 
Prasfarma SL","Kantstrasse 2, 33790 Halle/Westfalen | c/Sant Joan, 11-15
08560 Manlleu (Barcelona)",Germany | Spain,https://assets.hpra.ie/products/Human/30722/71e1eb59-ebea-4baa-bdd0-3fb7b06fe68b.pdf
31411,Nexium 40 mg gastro-resistant tablets,PPA0465/083/002,PCO Manufacturing Ltd.,A02BC05 esomeprazole,A02BC05,"AstraZeneca AB | Corden Pharma GmbH | Grünenthal GmbH | AstraZeneca AB, S- AstraZeneca AB | AstraZeneca GmbH | Corden Pharma GmbH | AstraZeneca Reims | Recipharm Monts| NV AstraZeneca SA | 
Biofabri SL |  Bracco SpA | Pantheon Italia S.p.A |Grünenthal GmbH
","S-151 85, Södertälje | Otto-Hahn-Strasse 68723, Plankstadt, |  Zieglerstraße 6, 52078 Aachen | 151 85, Södertälje | Umea | Wedel | Plankstadt | Reims | Bruxel |  Pontevedra | Via E.Folli, 50 – 20134 Milano |Viale G.B. Stucchi 110 – 20052 Monza | Zieglerstraße 6, 52078
Aachen,
",Sweden | Germany | Germany | Sweden | Sweden | Germany | Germany |  France |  Belgium | Spain | Italy | Italy | Germany,https://assets.hpra.ie/products/Human/31411/229999b0-3c58-42e8-afe6-467c0628e616.pdf
20135,Rolyprexa 5 mg film-coated tablets,PA0711/124/002,"Rowex Limited,","N05AH Diazepines, oxazepines, thiazepines and oxepines, N05AH03 olanzapine",N05AH03,Salutas Pharma GmbH | LEK S.A. | LEK S.A. | Lek Pharmaceuticals d.d. ,"Otto-von-Guericke-Allee 1, 39179 Barleben | ul.Podlipie 16C, PL-95 010 Strykow | ul. Domaniewska 50 C, PL-02-672 Warszawa | Verovškova 57, SI-1526 Ljubljana | line, rmine, nt in the",Germany | Poland | Poland | Slovenia,https://assets.hpra.ie/products/Human/20135/c749537e-8906-43f5-b096-de895a0eaa75.pdf
31408,Nexium 20 mg gastro-resistant tablets,PPA0465/083/001,PCO Manufacturing Ltd.,A02BC05 esomeprazole,A02BC05,"AstraZeneca AB | Corden Pharma GmbH | Grünenthal GmbH | AstraZeneca AB, S- AstraZeneca AB | AstraZeneca GmbH | Corden Pharma GmbH | AstraZeneca Reims | Recipharm Monts| NV AstraZeneca SA | 
Biofabri SL |  Bracco SpA | Pantheon Italia S.p.A |Grünenthal GmbH
","S-151 85, Södertälje | Otto-Hahn-Strasse 68723, Plankstadt, |  Zieglerstraße 6, 52078 Aachen | 151 85, Södertälje | Umea | Wedel | Plankstadt | Reims | Bruxel |  Pontevedra | Via E.Folli, 50 – 20134 Milano |Viale G.B. Stucchi 110 – 20052 Monza | Zieglerstraße 6, 52078
Aachen,
",Sweden | Germany | Germany | Sweden | Sweden | Germany | Germany |  France |  Belgium | Spain | Italy | Italy | Germany,https://assets.hpra.ie/products/Human/31408/f4479298-cf3f-4730-b599-606271d5c752.pdf
36686,Atgam 50 mg / ml concentrate for solution for infusion,PA0822/238/001,Pfizer Healthcare Ireland Unlimited Company,L04AA03 antilymphocyte immunoglobulin (horse),L04AA03,Pfizer Service Company BV,"Hoge Wei 10, Zaventem, 1930",Belgium,https://assets.hpra.ie/products/Human/36686/6e04abe9-de44-4e68-9219-166254db1099.pdf
22064,Zithromax 250 mg hard capsules,PA0822/191/001,Pfizer Healthcare Ireland Unlimited Company,"J01FA Macrolides, J01FA10 azithromycin",J01FA10,Haupt Pharma Latina S.r.l.,"Strada Statale 156 Km 47,600
04100 Borgo San Michele
Latina",Italy ,https://assets.hpra.ie/products/Human/22064/382bbee8-693f-49f5-874e-61001e59b14a.pdf
18746,Cifloxager 250 mg film-coated tablets,PA23266/038/001,Viatris Limited,"J01MA Fluoroquinolones, J01MA02 ciprofloxacin",J01MA02,McDermott Laboratories Limited | Mylan Hungary Kft,"rading as Gerard Laboratories,
35/36 Baldoyle Industrial Estate
Grange Road
Dublin 13 | H-2900 Komárom
Mylan utca 1",Ireland | Hungary,https://assets.hpra.ie/products/Human/18746/4bea7a93-0052-47aa-84b5-c799a8150dc9.pdf
18747,Cifloxager 500 mg film-coated tablets,PA23266/038/002,Viatris Limited,"J01MA Fluoroquinolones, J01MA02 ciprofloxacin",J01MA02,McDermott Laboratories Limited | Mylan Hungary Kft,"rading as Gerard Laboratories,
35/36 Baldoyle Industrial Estate
Grange Road
Dublin 13 | H-2900 Komárom
Mylan utca 1",Ireland | Hungary,https://assets.hpra.ie/products/Human/18747/11a313f8-5da8-44b7-9731-fd5ad1b7a5c3.pdf
13156,TOBI 300 mg / 5 mL Nebuliser Solution,PA23355/045/001,Viatris Healthcare Limited,"J01GB Other aminoglycosides, J01GB01 tobramycin",J01GB01,"Viatris Healthcare Limited | Mylan Germany GmbH

"," T/A Mylan Dublin Respiratory
Unit 25 Baldoyle Industrial Estate, Grange Road, Baldoyle, Dublin 13, D13 N5X2 | Zweigniederlassung Bad Homburg v. d. Hoehe
Benzstrasse 1
61352 Bad Homburg v. d. Hoehe",Ireland | Germany,https://assets.hpra.ie/products/Human/13156/18db14db-cdf5-44f4-be87-b9901b62a6f4.pdf
25749,Noradrenaline (Norepinephrine) 1:1000 Concentrate For Solution For Infusion,PA0822/219/001,Pfizer Healthcare Ireland Unlimited Company,"C01CA Adrenergic and dopaminergic agents, C01CA03 norepinephrine",C01CA03,Avara Liscate Pharmaceutical Services S.p.A.. ,"Via Fosse Ardeatine 2
20050 Liscate - Milan
",Italy,https://assets.hpra.ie/products/Human/25749/2398b91c-c187-4a24-b42f-ba8b88c4bcb5.pdf
18133,Epilim Syrup 200mg / 5ml Oral Solution,PA0540/150/015,Sanofi-Aventis Ireland Limited T/A SANOFI,"N03AG Fatty acid derivatives, N03AG01 valproic acid",N03AG01,"Unither Liquid Manufacturing | Sanofi Winthrop Industrie
","1-3 allee de la Neste
Z.I. d’en Sigal
31770 Colomiers |
30-36 Avenue Gustave Eiffel
37100 Tours",France | France,https://assets.hpra.ie/products/Human/18133/0a5fbe63-6972-49a8-94aa-b37d653ae41a.pdf
18130,Epilim Chrono 500mg Prolonged Release Tablets,PA0540/150/012,Sanofi-Aventis Ireland Limited T/A SANOFI,"N03AG Fatty acid derivatives, N03AG01 valproic acid",N03AG01,Sanofi Winthrop Industrie,"1, Rue de la Vierge, Ambarès et Lagrave – F-33565 Carbon Blanc cedex",France,https://assets.hpra.ie/products/Human/18130/b261babb-b5d7-40c5-a110-6f2d8c541af9.pdf
23831,"Pabal 100 micrograms / ml, solution for injection",PA1009/021/001,Ferring Ireland Ltd,"H01BB Oxytocin and analogues, H01BB03 carbetocin",H01BB03,Ferring GmbH,"Wittland 11, D-24109 Kiel",Germany,https://assets.hpra.ie/products/Human/23831/5ab54970-2433-4c93-b72c-6f06861190e8.pdf
18119,Epilim 100 mg Crushable Tablets,PA0540/150/001,Sanofi-Aventis Ireland Limited T/A SANOFI,"N03AG Fatty acid derivatives, N03AG01 valproic acid",N03AG01,Sanofi-aventis S.A,"Carretera C-35 (La Batlloria-Hostalric), Km 63.09, 17404 Riells i Viabrea (Girona)",Spain,https://assets.hpra.ie/products/Human/18119/f4ee8707-3379-4565-945c-2a841b5dfcdf.pdf
18124,Epilim Chronosphere 250mg prolonged-release granules,PA0540/150/006,Sanofi-Aventis Ireland Limited T/A SANOFI,"N03AG Fatty acid derivatives, N03AG01 valproic acid",N03AG01,Sanofi Winthrop Industrie,"196, avenue du Maréchal Juin,
45200 Amilly",France,https://assets.hpra.ie/products/Human/18124/4d47b9ab-c713-45d6-87a8-0d485d1efb34.pdf
18131,Epilim Intravenous 400mg powder and solvent for solution for injection or infusion,PA0540/150/013,Sanofi-Aventis Ireland Limited T/A SANOFI,"N03AG Fatty acid derivatives, N03AG01 valproic acid",N03AG01,Sanofi S.r.l,"Via Valcanello, 4
03012 Anagni",Italy,https://assets.hpra.ie/products/Human/18131/f94d635d-eb58-4a2a-a7de-3d82f4346d15.pdf
18123,Epilim Chronosphere 100mg prolonged-release granules,PA0540/150/005,Sanofi-Aventis Ireland Limited T/A SANOFI,"N03AG Fatty acid derivatives, N03AG01 valproic acid",N03AG01,Sanofi Winthrop Industrie,"196, avenue du Maréchal Juin,
45200 Amilly",France,https://assets.hpra.ie/products/Human/18123/7c1b6e66-84f4-43a4-b6fe-c9be6670210c.pdf
18128,Epilim Chrono 200mg Prolonged Release Tablets,PA0540/150/010,Sanofi-Aventis Ireland Limited T/A SANOFI,"N03AG Fatty acid derivatives, N03AG01 valproic acid",N03AG01,Sanofi Winthrop Industrie,"1, Rue de la Vierge, Ambarès et Lagrave – F-33565 Carbon Blanc cedex",France,https://assets.hpra.ie/products/Human/18128/4f38be6e-fb77-44a6-9f0b-1aa9f825bfe6.pdf
18129,Epilim Chrono 300mg Prolonged Release Tablets,PA0540/150/011,Sanofi-Aventis Ireland Limited T/A SANOFI,"N03AG Fatty acid derivatives, N03AG01 valproic acid",N03AG01,Sanofi Winthrop Industrie,"1, Rue de la Vierge, Ambarès et Lagrave – F-33565 Carbon Blanc cedex",France,https://assets.hpra.ie/products/Human/18129/e0cf6111-8d92-45d5-96d8-e5c3d0b0cfdd.pdf
18132,Epilim Liquid 200 mg / 5ml Oral Solution,PA0540/150/014,Sanofi-Aventis Ireland Limited T/A SANOFI,"N03AG Fatty acid derivatives, N03AG01 valproic acid",N03AG01,Unither Liquid Manufacturing | Sanofi Winthrop Industrie,"1-3 allee de la Neste, Z.I. d’en Sigal, 31770 Colomiers | 30-36 Avenue Gustave Eiffel,
37100 Tours",France | France,https://assets.hpra.ie/products/Human/18132/46528413-1cdf-41d9-a48d-ebd78b85d18b.pdf
25503,Vancomycin 1000 mg Powder for concentrate for solution for infusion,PA1217/009/002,Hikma Farmacêutica (Portugal) S.A.,"J01XA Glycopeptide antibacterials, J01XA01 vancomycin",J01XA01,"Hikma Italia S.pA. | Hikma Farmacêutica (Portugal), S.A.","Viale Certosa, 10, 27100 Pavia | Estrada do Rio da Mó n.º 8, 8A e 8B – Fervença
2705-906 Terrugem SNT",Italy | Portugal,https://assets.hpra.ie/products/Human/25503/e5de8332-e90b-49e9-8882-a134ba9a0d02.pdf
40528,Nilotinib Clonmel 200 mg hard capsules,PA0126/393/003,Clonmel Healthcare Ltd,L01EA03 nilotinib,L01EA03,PharOS Pharmaceutical Oriented Services Ltd | STADA Arzneimittel AG | STADA Arzneimittel GmbH | Clonmel Healthcare Ltd,"Lesvou Street End, Thesi Loggos Industrial Zone, Metamorfossi, 144 52 | Stradastrasse 2-18, 61118 Bad Vilbel | Muthgasse 36/2, 1190 Wien | Waterford Road, Clonmel, Co. Tipperary",Greece | Germany | Austria | Ireland,https://assets.hpra.ie/products/Human/40528/15e76502-d68e-48d9-bda8-42a6248ef0cd.pdf
22092,Methotrexate 5 g / 50 ml injection,PA0822/206/007,Pfizer Healthcare Ireland Unlimited Company,"L01BA Folic acid analogues, L01BA01 methotrexate",L01BA01,Pfizer Service Company BV,"Hoge Wei 10, Zaventem 1930",Belgium,https://assets.hpra.ie/products/Human/22092/1bf6879b-06b6-41cb-aae2-2537b8a0bfed.pdf
18125,Epilim Chronosphere 500mg prolonged-release granules,PA0540/150/007,Sanofi-Aventis Ireland Limited T/A SANOFI,"N03AG Fatty acid derivatives, N03AG01 valproic acid",N03AG01,Sanofi Winthrop Industrie,"196, avenue du Maréchal Juin,
45200 Amilly",France,https://assets.hpra.ie/products/Human/18125/09979517-4deb-4687-b738-f2a26f37daa3.pdf
40527,Nilotinib Clonmel 150 mg hard capsules,PA0126/393/002,Clonmel Healthcare Ltd,L01EA03 nilotinib,L01EA03,PharOS Pharmaceutical Oriented Services Ltd | STADA Arzneimittel AG | STADA Arzneimittel GmbH | Clonmel Healthcare Ltd,"Lesvou Street End, Thesi Loggos Industrial Zone, Metamorfossi, 144 52 | Stradastrasse 2-18, 61118 Bad Vilbel | Muthgasse 36/2, 1190 Wien | Waterford Road, Clonmel, Co. Tipperary",Greece | Germany | Austria | Ireland,https://assets.hpra.ie/products/Human/40527/6fa2345a-a284-45a4-a22e-1d5754b6a3bb.pdf
18120,Epilim Enteric 200 mg gastro-resistant coated tablets,PA0540/150/002,Sanofi-Aventis Ireland Limited T/A SANOFI,"N03AG Fatty acid derivatives, N03AG01 valproic acid",N03AG01,Sanofi-aventis S.A,"Carretera C-35 (La Batlloria-Hostalric), Km 63.09, 17404 Riells i Viabrea (Girona)",Spain,https://assets.hpra.ie/products/Human/18120/553c11d1-5536-49f5-b7f1-29464a6ab4c4.pdf
18121,Epilim Enteric 500mg Gastro-resistant Coated Tablets,PA0540/150/003,Sanofi-Aventis Ireland Limited T/A SANOFI,"N03AG Fatty acid derivatives, N03AG01 valproic acid",N03AG01,Sanofi-aventis S.A,"Carretera C-35 (La Batlloria-Hostalric), Km 63.09, 17404 Riells i Viabrea (Girona)",Spain,https://assets.hpra.ie/products/Human/18121/d1710009-1719-469e-9db3-26cf083c2da2.pdf
14985,Calvepen 250 mg / 5 ml Powder for Oral Suspension,PA0126/137/003,Clonmel Healthcare Ltd,"J01CE Beta-lactamase sensitive penicillins, J01CE02 phenoxymethylpenicillin",J01CE02,Clonmel Healthcare Ltd,"Waterford Road
Clonmel
Co. Tipperary",Ireland,https://assets.hpra.ie/products/Human/14985/dd422644-7459-4f50-81f8-149af1feef4e.pdf
14984,Calvepen 666 mg Tablets,PA0126/137/002,Clonmel Healthcare Ltd,"J01CE Beta-lactamase sensitive penicillins, J01CE02 phenoxymethylpenicillin",J01CE02,Clonmel Healthcare Ltd,"Waterford Road
Clonmel
Co. Tipperary",Ireland,https://assets.hpra.ie/products/Human/14984/842a93f2-0390-4185-8bc0-c87414dfe227.pdf
14983,Calvepen 333 mg Tablets,PA0126/137/001,Clonmel Healthcare Ltd,"J01CE Beta-lactamase sensitive penicillins, J01CE02 phenoxymethylpenicillin",J01CE02,Clonmel Healthcare Ltd,"Waterford Road
Clonmel
Co. Tipperary",Ireland,https://assets.hpra.ie/products/Human/14983/c5a1a05e-4370-48b1-887a-28f1e8e70d04.pdf
26312,EpiPen 300 micrograms solution for injection in pre-filled pen,PA23355/011/002,Viatris Healthcare Limited,"C01CA Adrenergic and dopaminergic agents, C01CA24 epinephrine",C01CA24,MEDA Pharma GmbH & Co. KG,"Benzstrasse 1, D-61352 Bad Homburg",Germany,https://assets.hpra.ie/products/Human/26312/c51d5cd5-c978-4e49-a00d-987263a9a3a8.pdf
23028,0.9% Sodium Chloride Intravenous Infusion Solution,PA1968/018/001,Laboratoire Aguettant,"B05BB Solutions affecting the electrolyte balance, B05BB01 electrolytes",B05BB01,AGUETTANT MOUVAUX,"Rue Michel Raillard, 59420 Mouvaux",France,https://assets.hpra.ie/products/Human/23028/1c14a143-1c7a-40fd-86a3-1fdab5e285f6.pdf
37617,Sugammadex 100 mg / ml solution for injection,PA25676/001/001,Tamarang S.A.,V03AB35 sugammadex,V03AB35,Solupharm Pharmazeutische Erzeugnisse GmbH | Inresa Arzneimittel GmbH,"Industriestrasse 3
34212 Melsungen | Obere Hardtstr. 18
79114 Freiburg",Germany | Germany,https://assets.hpra.ie/products/Human/37617/9ef1b20e-8b95-4192-89f3-184ace9bf9ce.pdf
30287,"Clindamycin 300 mg Capsules, hard",PA22865/004/003,Renata Pharmaceuticals (Ireland) Limited,J01FF01 clindamycin,J01FF01,ALTERNO LABS d.o.o.,"Brnčičeva ulica 29, Ljubljana-Črnuče, 1231",Slovenia,https://assets.hpra.ie/products/Human/30287/9daacbaf-2435-4f38-9a2d-eb4fe848f162.pdf
30286,"Clindamycin 150 mg Capsules, hard",PA22865/004/002,Renata Pharmaceuticals (Ireland) Limited,J01FF01 clindamycin,J01FF01,ALTERNO LABS d.o.o.,"Brnčičeva ulica 29, Ljubljana-Črnuče, 1231",Slovenia,https://assets.hpra.ie/products/Human/30286/f1abf864-be33-4b5f-9995-8db51b3e317a.pdf
22087,Methotrexate Pfizer 50mg / 2ml Injection,PA0822/206/002,Pfizer Healthcare Ireland Unlimited Company,"L01BA Folic acid analogues, L01BA01 methotrexate",L01BA01,Pfizer Service Company BV,"Hoge Wei 10, Zaventem, 1930",Belgium,https://assets.hpra.ie/products/Human/22087/dda17d98-52e2-4e01-a62d-847dcacee474.pdf
30285,"Clindamycin 75 mg Capsules, hard",PA22865/004/001,Renata Pharmaceuticals (Ireland) Limited,J01FF01 clindamycin,J01FF01,ALTERNO LABS d.o.o.,"Brnčičeva ulica 29, Ljubljana-Črnuče, 1231",Slovenia,https://assets.hpra.ie/products/Human/30285/356691eb-a4b1-49e7-9e6e-2669a1d01fab.pdf
24949,Fluconazole 2 mg / mL Solution for infusion,PA1122/006/001,Noridem Enterprises Limited,"J02AC Triazole derivatives, J02AC01 fluconazole",J02AC01,DEMO S.A. PHARMACEUTICAL INDUSTRY,"21st km National Road Athens-
Lamia, 14568 Krioneri, Attiki",Greece,https://assets.hpra.ie/products/Human/24949/21108f00-d2f7-4360-bbbb-b4c543943457.pdf
15143,Olanzapine 2.5mg Film-coated Tablets,PA0126/210/001,Clonmel Healthcare Ltd,"N05AH Diazepines, oxazepines, thiazepines and oxepines, N05AH03 olanzapine",N05AH03,STADA Arzneimittel AG | Clonmel Healthcare Ltd | Sanico N.V. | Coripharma ehf.,"Stadastrasse 2-18, 61118 Bad Vilbel | Waterford Road, Clonmel, Co. Tipperary | Industriezone, Veedijk 59, BE - 2300 Turnhout | Reykjavikurvegur 78, IS-220 Hafnarfjordur",Germany | Ireland | Belgium | Iceland,https://assets.hpra.ie/products/Human/15143/d53f79a2-394d-4e81-93d5-897886410620.pdf
21179,Clarithromycin Teva 500 mg film-coated tablets,PA0749/148/002,Teva Pharma B.V.,"J01FA Macrolides, J01FA09 clarithromycin",J01FA09,"Pharmachemie B.V. | Teva Pharmaceutical Works Private Limited Company | TEVA PHARMA, S.L.U.","Swensweg 5, 2031GA Haarlem | Pallagi út 13
Debrecen, H-4042 | C/ C, nº 4. Polígono Industrial Malpica,
50016 Zaragoza",Netherlands | Hungary | Spain,https://assets.hpra.ie/products/Human/21179/bb5a33d6-7263-48d1-8f8a-3f834766df5e.pdf
14845,Paralief Max 1000 mg Effervescent Tablets,PA0126/020/005,Clonmel Healthcare Ltd,"N02BE Anilides, N02BE01 paracetamol",N02BE01,Cipla Europe NV,"De Keyserlei 58-60 bus 19, Antwerp, 2018",Belgium,https://assets.hpra.ie/products/Human/14845/60581fcf-ae75-4af3-9f41-625a465a3f6c.pdf
25506,Atracurium 10 mg / ml solution for injection / infusion,PA1217/011/001,Hikma Farmacêutica (Portugal) S.A.,"M03AC Other quaternary ammonium compounds, M03AC04 atracurium",M03AC04,"Hikma Farmacêutica (Portugal), S.A.","Estrada do Rio da Mó 8, 8A e 8B – Fervença
2705-906 Terrugem SNT",Portugal,https://assets.hpra.ie/products/Human/25506/0e59060b-7c9e-479f-86b9-1dbaf542662f.pdf
17966,Rifadin 150mg Capsules,PA0540/066/001,Sanofi-Aventis Ireland Limited T/A SANOFI,"J04AB Antibiotics, J04AB02 rifampicin",J04AB02,Sanofi S.r.l,"Via Valcanello, 4, 03012 Anagni (FR)",Italy,https://assets.hpra.ie/products/Human/17966/42638730-650c-49f9-8083-4fc3a88faecc.pdf
36852,"FIBRYGA, 1 g, powder and solvent for solution for injection / infusion",PA2219/011/001,Octapharma (IP),"B02BB01 fibrinogen, human",B02BB01,Octapharma Pharmazeutika Produktionsges.m.b.H. | Octapharma AB,"Oberlaaer Strasse 235, 1100 Vienna | Lars Forssells gata 23, 112 75 Stockholm",Austria | Sweden,https://assets.hpra.ie/products/Human/36852/69aba036-923b-442f-a739-594ac5daf209.pdf
17967,Rifadin 300mg Capsules,PA0540/066/002,Sanofi-Aventis Ireland Limited T/A SANOFI,"J04AB Antibiotics, J04AB02 rifampicin",J04AB02,SanofiS.r.l.,"Via Valcanello, 4, 03012 Anagni (FR)",Italy,https://assets.hpra.ie/products/Human/17967/6c6e301c-10e7-4bbe-b48e-cfa1dfa5751e.pdf
17969,Rifadin 100 mg / 5 ml Oral Suspension,PA0540/066/004,Sanofi-Aventis Ireland Limited T/A SANOFI,"J04AB Antibiotics, J04AB02 rifampicin",J04AB02,Sanofi S.r.l.,"Via Valcanello, 4, 03012 Anagni (FR)",Italy,https://assets.hpra.ie/products/Human/17969/3ff8909a-a108-4a7e-9a27-13100397ef7b.pdf
17968,Rifadin Intravenous 600mg Powder and Solvent for Concentrate for Solution for Infusion,PA0540/066/003,Sanofi-Aventis Ireland Limited T/A SANOFI,"J04AB Antibiotics, J04AB02 rifampicin",J04AB02,Sanofi S.r.l.,"Via Valcanello, 4, 03012 Anagni (FR)",Italy,https://assets.hpra.ie/products/Human/17968/07646efe-2481-483b-95f5-7ce05db28bc0.pdf
20937,Azithromycin Teva 250 mg film-coated tablets,PA0749/039/002,Teva Pharma B.V.,"J01FA Macrolides, J01FA10 azithromycin",J01FA10,Teva Operations Poland Sp. z o.o. | Merckle GmbH | PLIVA Croatia Ltd.,"ul. Mogilska 80; 31-546 Krakow | Ludwig-Merckle Straβe 3
89143 Blaubeure | Prilaz baruna Filipovića 25
10000 Zagreb",Poland | Germany | Croatia,https://assets.hpra.ie/products/Human/20937/74e9ac86-9343-46d2-853e-dac249e4d51f.pdf
23839,Noqturina 50 microgram oral lyophilisate,PA1009/027/002,Ferring Ireland Ltd,"H01BA Vasopressin and analogues, H01BA02 desmopressin",H01BA02,Ferring GmbH,"Wittland 11, D-24109, Kiel",Germany,https://assets.hpra.ie/products/Human/23839/2160939.PA1009_027_002.71f95a93-88b7-4cea-bc61-a796922a9bd1.000001ProductLeafletApproved.160708.pdf
18876,Azromax 250 mg film-coated tablets,PA23266/043/001,Viatris Limited,"J01FA Macrolides, J01FA10 azithromycin",J01FA10,Mylan Hungary Kft. | Sandoz GmbH | Sandoz S.R.L | Generics UK Limited,"Mylan utca 1., Komárom, 2900 | Biochemiestraße 10, 6250 Kundl | Livezeni Street no 7A, 540472 Targu Mures | Station Close, Potters Bar, Hertfordshire, EN6 1TL",Hungary | Austria | Romania | United Kingdom,https://assets.hpra.ie/products/Human/18876/3f48aff4-f426-44cd-afb6-34c8aa6d762f.pdf
19192,"Intratect 50 g / L, solution for infusion",PA0592/007/001,Biotest Pharma GmbH,"J06BA Immunoglobulins, normal human, J06BA02 immunoglobulins, normal human, for intravascular adm.",J06BA02,Biotest Pharma GmbH,"Landsteinerstrasse 5, 63303 Dreieich",Germany,https://assets.hpra.ie/products/Human/19192/004444d0-0058-420a-bfcf-836174341877.pdf
30010,Human Albumin Baxalta 50 g / l  Solution for Infusion,PA2004/004/001,Baxalta Innovations GmbH,"B05AA Blood substitutes and plasma protein fractions, B05AA01 albumin",B05AA01,"Baxter AG | Takeda
Manufacturing
Austria AG","Industriestrasse 67
A-1221 Vienna | Industriestrasse 67
A-1221 Vienna",Austria | Austria,https://assets.hpra.ie/products/Human/30010/23fe755a-fdb9-4f25-894e-8a3f88afda42.pdf
12761,Hydrea 500 mg Hard Capsules,PA2239/021/001,CHEPLAPHARM Arzneimittel GmbH,"L01XX Other antineoplastic agents, L01XX05 hydroxycarbamide",L01XX05,Latina Pharma S.p.A. | Haupt Pharma Amareg GmbH,"Via Murillo, 7, 04013 Sermoneta (LT) | Donaustaufer Straße 378,
93055 Regensburg",Italy | Germany,https://assets.hpra.ie/products/Human/12761/e4ce7767-5fdb-4342-8d75-da78e6f4f36c.pdf
17910,Suprax 200 mg Film-coated Tablets,PA1142/042/001,Amdipharm Limited,"J01DD Third-generation cephalosporins, J01DD08 cefixime",J01DD08,"Manufacturer
Famar Lyon | S.C. Zentiva S.A.","Avenue de General Gaulle, Saint Genis Laval | 50 Theodor Pallady Blvd.,
District 3, 032266 Bucharest",France | Romania,https://assets.hpra.ie/products/Human/17910/6066502e-bb1a-4658-8bf6-63ac2589983e.pdf
15731,Mitoxana 1 g Powder for Sterile Concentrate,PA2299/028/001,Baxter Holding B.V.,"L01AA Nitrogen mustard analogues, L01AA06 ifosfamide",L01AA06,Simtra Deutschland GmbH,"Kantstrasse 2
33790 Halle/Westfalen ",Germany,https://assets.hpra.ie/products/Human/15731/9d305fc3-0d43-452e-b026-81a7570ca833.pdf
37871,Berinert 500 IU Powder and solvent for solution for injection / infusion.,PA0800/013/001,CSL Behring GmbH,"B06AC01 c1-inhibitor, plasma derived",B06AC01,CSL Behring GmbH,"Emil-von-Behring-Strasse 76, 35041 Marburg",Germany,https://assets.hpra.ie/products/Human/37871/d4d6d89e-e8d9-4743-99d5-020112837a00.pdf
15319,Amoxicillin 500 mg hard capsules,PA0126/282/002,Clonmel Healthcare Ltd,"J01CA Penicillins with extended spectrum, J01CA04 amoxicillin",J01CA04,Athlone Laboratories Limited,"Ballymurray, Co. Roscommon",Ireland,https://assets.hpra.ie/products/Human/15319/bafe216b-4eb4-4d1c-88a1-9a724fe5072d.pdf
36531,"Human Albumin CSL Behring, 200 g / l, solution for infusion",PA0800/012/001,CSL Behring GmbH,B05AA01 albumin,B05AA01,CSL Behring GmbH,"Emil-von-Behring-Strasse 76, 35041 Marburg",Germany,https://assets.hpra.ie/products/Human/36531/0e527bc9-6816-44b3-9d2a-e6fdff7cc7c9.pdf
22648,Sandimmun 50 mg / ml Concentrate for Solution for Infusion,PA0896/027/002,Novartis Ireland Limited,"L04AD Calcineurin inhibitors, L04AD01 ciclosporin",L04AD01,"Novartis Farmacéutica, S.A.","Gran Via de les Corts Catalanes, 764
08013 Barcelona",Spain,https://assets.hpra.ie/products/Human/22648/16922005-fca7-4c68-a358-f93136a33f78.pdf
18102,Cordarone X 200mg Tablets,PA0540/142/002,Sanofi-Aventis Ireland Limited T/A SANOFI,"C01BD Antiarrhythmics, class III, C01BD01 amiodarone",C01BD01,Sanofi-aventis S.A,"Carretera C-35 (La Batlloria-Hostalric), Km 63.09 17404, Riells i Viabrea (Girona)",Spain,https://assets.hpra.ie/products/Human/18102/e2673e06-799a-423f-97ba-b388741b1370.pdf
18101,Cordarone X 100mg Tablets,PA0540/142/001,Sanofi-Aventis Ireland Limited T/A SANOFI,"C01BD Antiarrhythmics, class III, C01BD01 amiodarone",C01BD01,Sanofi-aventis S.A,"Carretera C-35 (La Batlloria-Hostalric), Km 63.09 17404, Riells i Viabrea (Girona)",Spain,https://assets.hpra.ie/products/Human/18101/5bc4f128-69ad-4268-9563-7ae46d4b9728.pdf
15318,Amoxicillin 250 mg hard capsules,PA0126/282/001,Clonmel Healthcare Ltd,"J01CA Penicillins with extended spectrum, J01CA04 amoxicillin",J01CA04,Athlone Laboratories Limited,"Ballymurray, Co. Roscommon",Ireland,https://assets.hpra.ie/products/Human/15318/dfe4984e-8844-4c18-ba1c-9b1d0f229e24.pdf
16678,Kopen 250mg Tablets,PA1418/014/003,Athlone Pharmaceuticals Limited,"J01CE Beta-lactamase sensitive penicillins, J01CE02 phenoxymethylpenicillin",J01CE02,Athlone Laboratories Limited,"Ballymurray, Co. Roscommon",Ireland,https://assets.hpra.ie/products/Human/16678/96908e91-7cc6-4ff1-9453-bbedacf65d93.pdf
22641,Neoral 100 mg / ml concentrate for oral solution,PA0896/024/004,Novartis Ireland Limited,"L04AD Calcineurin inhibitors, L04AD01 ciclosporin",L04AD01,Novartis Pharma GmbH,"Roonstrasse 25, 90429 Nürnberg",Germany,https://assets.hpra.ie/products/Human/22641/8db23902-f2da-444c-8633-5e0095714c80.pdf
37889,Berinert 1500 IU Powder and solvent for solution for injection,PA0800/013/002,CSL Behring GmbH,"B06AC01 c1-inhibitor, plasma derived",B06AC01,CSL Behring GmbH,"Emil-von-Behring-Strasse 76, 35041 Marburg",Germany,https://assets.hpra.ie/products/Human/37889/40f1046e-b0a4-4fad-90af-8281aa0eeadd.pdf
37891,Berinert 3000 IU Powder and solvent for solution for injection,PA0800/013/004,CSL Behring GmbH,"B06AC01 c1-inhibitor, plasma derived",B06AC01,CSL Behring GmbH,"Emil-von-Behring-Strasse 76, 35041 Marburg",Germany,https://assets.hpra.ie/products/Human/37891/ae41a480-a419-4347-add6-4dcd5c2fb36d.pdf
30581,"VEPESID 100 mg capsule, soft",PA2239/006/002,CHEPLAPHARM Arzneimittel GmbH,"L01CB Podophyllotoxin derivatives, L01CB01 etoposide",L01CB01,Latina Pharma S.p.A. | CHEPLAPHARM Arzneimittel GmbH,"Via del Murillo No. 7, 04013 Sermoneta, Latina | Ziegelhof 23-24
17489 Greifswald",Italy | Germany,https://assets.hpra.ie/products/Human/30581/94054f4b-91cf-4c49-8063-040ead5c4a92.pdf
37890,Berinert 2000 IU Powder and solvent for solution for injection,PA0800/013/003,CSL Behring GmbH,"B06AC01 c1-inhibitor, plasma derived",B06AC01,CSL Behring GmbH,"Emil-von-Behring-Strasse 76, 35041 Marburg",Germany,https://assets.hpra.ie/products/Human/37890/2741e936-0ecd-4862-9eb9-aa64cae35a20.pdf
30355,"STAMARIL, powder and solvent for suspension for injection in pre-filled syringe. Yellow fever vaccine (Live)",PA23458/006/001,Sanofi Winthrop Industrie,"J07BL Yellow fever vaccines, J07BL01 yellow fever, live attenuated",J07BL01,Sanofi Winthrop Industrie | Sanofi Winthrop Industrie | Sanofi-Aventis Zrt. Bdg. DC5,1541 avenue Marcel Merieux - 69280 Marcy l'Etoile | Voie de l'Institut - Parc Industriel d'Incarville B.P 101 - 27100 Val de Reuil | Campona Utca 1. Budapest XXII - 1225 Budapest,France | France | Hungary,https://assets.hpra.ie/products/Human/30355/af00e5dc-8b6f-42f6-b353-7113fdce86e2.pdf
22640,Neoral 100mg Soft Capsules,PA0896/024/003,Novartis Ireland Limited,"L04AD Calcineurin inhibitors, L04AD01 ciclosporin",L04AD01,Lek Pharmaceuticals d.d.,"Trimlini 2D, 9220 Lendava",Slovenia,https://assets.hpra.ie/products/Human/22640/7b0ae63a-2645-4f57-8b37-e117fcaa92c0.pdf
22638,Neoral 25 mg Soft Capsules,PA0896/024/001,Novartis Ireland Limited,"L04AD Calcineurin inhibitors, L04AD01 ciclosporin",L04AD01,Lek Pharmaceuticals d.d.,"Trimlini 2D, 9220 Lendava",Slovenia,https://assets.hpra.ie/products/Human/22638/6ea8495b-8119-427a-80c4-60f76b6391d1.pdf
21502,"Beriplex P / N 250 IU, powder and solvent for solution for injection",PA0800/010/001,CSL Behring GmbH,"B02BD Blood coagulation factors, B02BD01 coagulation factor IX, II, VII and X in combination",B02BD01,CSL Behring GmbH,"Emil-von-Behring-Strasse 76
35041 Marburg",Germany,https://assets.hpra.ie/products/Human/21502/f680febe-f826-4213-838d-6a5bc280a9d5.pdf
36608,Ozalin 2 mg / ml oral solution in single-dose container,PA25340/002/001,Istituto Gentili S.r.l.,N05CD08 midazolam,N05CD08,CIT S.r.l.,"Via Primo Villa 17, 20875 Burago di Molgora (MB)",Italy,https://assets.hpra.ie/products/Human/36608/7ce3469b-2808-4a25-8b58-51abaaf36a3b.pdf
21504,"Beriplex P / N 1000 IU, powder and solvent for solution for injection",PA0800/010/003,CSL Behring GmbH,"B02BD Blood coagulation factors, B02BD01 coagulation factor IX, II, VII and X in combination",B02BD01,CSL Behring GmbH,"Emil-von-Behring-Strasse 76
35041 Marburg",Germany,https://assets.hpra.ie/products/Human/21504/d67cf38d-575f-4bbb-803a-8598de6777a7.pdf
21496,"Rhophylac 300 micrograms / 2 ml, solution for injection in pre-filled syringe",PA0800/006/002,CSL Behring GmbH,"J06BB Specific immunoglobulins, J06BB01 anti-D (rh) immunoglobulin",J06BB01,CSL Behring GmbH,"Emil-von-Behring-Strasse 76, D-35041 Marburg",Germany,https://assets.hpra.ie/products/Human/21496/735b5141-a788-4753-9bf9-3e01591b8ba6.pdf
30580,"VEPESID 50 mg capsule, soft",PA2239/006/001,CHEPLAPHARM Arzneimittel GmbH,"L01CB Podophyllotoxin derivatives, L01CB01 etoposide",L01CB01,Latina Pharma S.p.A. | CHEPLAPHARM Arzneimittel GmbH,"Via del Murillo No. 7, 04013 Sermoneta, Latina | Ziegelhof 23-24
17489 Greifswald",Italy | Germany,https://assets.hpra.ie/products/Human/30580/54813570-4872-41a2-ae36-0739003a91f2.pdf
21503,"Beriplex P / N 500 IU, powder and solvent for solution for injection",PA0800/010/002,CSL Behring GmbH,"B02BD Blood coagulation factors, B02BD01 coagulation factor IX, II, VII and X in combination",B02BD01,CSL Behring GmbH,"Emil-von-Behring-Strasse 76, 35041 Marburg",Germany,https://assets.hpra.ie/products/Human/21503/ac90d786-082b-4a00-9fd5-82f4cf083599.pdf
21501,"Tetagam P, prefilled syringeSolution for injection for intramuscular use",PA0800/009/002,CSL Behring GmbH,"J06BB Specific immunoglobulins, J06BB02 tetanus immunoglobulin",J06BB02,CSL Behring GmbH,"Emil-von-Behring-Strasse 76, 35041 Marburg",Germany,https://assets.hpra.ie/products/Human/21501/5841f694-a3a6-4077-8709-63decf20bdaf.pdf
22639,Neoral 50mg Soft Capsules,PA0896/024/002,Novartis Ireland Limited,"L04AD Calcineurin inhibitors, L04AD01 ciclosporin",L04AD01,Lek Pharmaceuticals d.d.,"Trimlini 2D, 9220 Lendava",Slovenia,https://assets.hpra.ie/products/Human/22639/a1328221-e894-49af-acd5-fee570972fb3.pdf
30766,"Pulmozyme 2500 U /  2.5ml, nebuliser solution",PA2307/005/001,Roche Products (Ireland) Limited,"R05CB Mucolytics, R05CB13 dornase alfa (desoxyribonuclease)",R05CB13,Roche Pharma AG,"Emil-Barell-Str. 1, D-79639 Grenzach-Wyhlen",Germany,https://assets.hpra.ie/products/Human/30766/4c4af304-7e77-4a7f-b055-6dd4882f02f3.pdf
15128,Profloxin 500 mg film-coated tablets,PA0126/203/002,Clonmel Healthcare Ltd,"J01MA Fluoroquinolones, J01MA02 ciprofloxacin",J01MA02,Clonmel Healthcare Limited | STADA Arzneimittel AG | STADA M&D SRL,"Waterford Road, Clonmel, Co. Tipperary | Stadastrasse 2-18, D-61118 Bad Vilbel | Str. Trascăului, nr 10, RO-401135, Turda",Ireland | Germany | Romania,https://assets.hpra.ie/products/Human/15128/79df8965-b665-4a7e-9da4-a284dfbc4785.pdf
22068,Vibramycin Capsules 100 mg,PA0822/193/001,Pfizer Healthcare Ireland Unlimited Company,"J01AA Tetracyclines, J01AA02 doxycycline",J01AA02,Farmasierra Manufacturing SL.,"Carretera de Irún Km. 26.200
28700 San Sebastián de los Reyes
Madrid",Spain,https://assets.hpra.ie/products/Human/22068/a0d71602-a330-4ecb-8559-6e380ec79f59.pdf
15127,Profloxin 250 mg film-coated tablets,PA0126/203/001,Clonmel Healthcare Ltd,"J01MA Fluoroquinolones, J01MA02 ciprofloxacin",J01MA02,Clonmel Healthcare Limited | STADA Arzneimittel AG | STADA M&D SRL,"Waterford Road, Clonmel, Co. Tipperary | Stadastrasse 2-18, D-61118 Bad Vilbel | Str. Trascăului, nr 10, RO-401135, Turda",Ireland | Germany | Romania,https://assets.hpra.ie/products/Human/15127/ef774cea-91bf-47c5-8661-e57c20e37e80.pdf
19330,"BCG medac, powder and solvent for intravesical suspension",PA0623/004/001,medac Gesellschaft für klinische Spezialpräparate mbH,"L03AX Other immunostimulants, L03AX03 BCG vaccine",L03AX03,"medac
Gesellschaft für
klinische Spezialpräparate mbH","Theaterstr. 6
22880 Wedel",Germany,https://assets.hpra.ie/products/Human/19330/dda5433d-e215-406f-9e39-aaf7a418372f.pdf
21049,Doxorubicin Teva 2 mg / ml Concentrate for Solution for Infusion,PA0749/083/001,Teva Pharma B.V.,"L01DB Anthracyclines and related substances, L01DB01 doxorubicin",L01DB01,Teva Pharma B.V,"Swensweg 5, 2031GA Haarlem",Netherlands,https://assets.hpra.ie/products/Human/21049/24f7169e-b1db-47f5-8659-a03375c42c66.pdf
40328,FEIBA 100 U / ml powder and solvent for solution for infusion,PA2004/001/003,Baxalta Innovations GmbH,B02BD03 factor VIII inhibitor bypassing activity,B02BD03,Takeda Manufacturing Austria AG,"Industriestrasse 67
A-1221 Vienna",Austria,https://assets.hpra.ie/products/Human/40328/4f88cf6c-61c0-462b-adfe-cc57d95151ef.pdf
40462,Nilotinib Clonmel 50 mg hard capsules,PA0126/393/001,Clonmel Healthcare Ltd,L01EA03 nilotinib,L01EA03,PharOS Pharmaceutical Oriented Services Ltd | STADA Arzneimittel AG | STADA Arzneimittel GmbH | Clonmel Healthcare Ltd,"Lesvou Street End, Thesi Loggos Industrial Zone, Metamorfossi, 144 52 | Stradastrasse 2-18, 61118 Bad Vilbel | Muthgasse 36/2, 1190 Wien | Waterford Road, Clonmel, Co. Tipperary",Greece | Germany | Austria | Ireland,https://assets.hpra.ie/products/Human/40462/2c0506d0-bf43-4b55-af6c-ad82990e97eb.pdf
30007,FEIBA 50 U / ml powder and solvent for solution for infusion,PA2004/001/002,Baxalta Innovations GmbH,"B02BD Blood coagulation factors, B02BD03 factor VIII inhibitor bypassing activity",B02BD03,Takeda Manufacturing Austria AG,"Industriestrasse 67
1221 Vienna",Austria,https://assets.hpra.ie/products/Human/30007/43bd8004-e55e-4ffc-bd6f-367439a0d4cf.pdf
38925,Dabigatran Etexilate Krka 150 mg hard capsules,PA1347/110/003,"KRKA, d.d., Novo mesto",B01AE07 dabigatran etexilate,B01AE07,"KRKA, d.d.","Novo mesto, Šmarješka cesta 6, 8501 Novo mesto, ",Slovenia,https://assets.hpra.ie/products/Human/38925/8adafb81-6692-4867-a3c3-24aaab18302f.pdf
12773,Azactam 2 g Powder for Solution for Injection or Infusion,PA1418/021/002,Athlone Pharmaceuticals Limited,"J01DF Monobactams, J01DF01 aztreonam",J01DF01,"Galenicum Health, S.L.U","Sant Gabriel, 50, Esplugues de Llobregat, 08950 Barcelona",Spain,https://assets.hpra.ie/products/Human/12773/bf93d502-58d1-4ae1-9a45-37d03d816775.pdf
20137,Rolyprexa 10 mg film-coated tablets,PA0711/124/004,"Rowex Limited,","N05AH Diazepines, oxazepines, thiazepines and oxepines, N05AH03 olanzapine",N05AH03,Salutas Pharma GmbH | LEK S.A. | LEK S.A. | Lek Pharmaceuticals d.d.,"Otto-von-Guericke-Allee 1, 39179 Barleben | ul.Podlipie 16C, PL-95 010 Strykow | ul. Domaniewska 50 C, PL-02-672 Warszawa | Verovškova 57, SI-1526 Ljubljana",Germany | Poland | Poland | Slovenia,https://assets.hpra.ie/products/Human/20137/be90c817-2b53-49ab-988c-024547c2f7e6.pdf
38924,Dabigatran Etexilate Krka 110 mg hard capsules,PA1347/110/002,"KRKA, d.d., Novo mesto",B01AE07 dabigatran etexilate,B01AE07,"KRKA, d.d.","Novo mesto, Šmarješka cesta 6, 8501 Novo mesto",Slovenia,https://assets.hpra.ie/products/Human/38924/faecf3f0-36d7-46ca-9c23-49510efd2460.pdf
22738,Clarithromycin 500 mg Powder for Concentrate for Solution for Infusion,PA1142/022/001,Amdipharm Limited,"J01FA Macrolides, J01FA09 clarithromycin",J01FA09,"LABORATORIOS ALCALA FARMA, S.L.","Avenida de Madrid, 82, Alcalá de Henares, Madrid,
28802",Spain,https://assets.hpra.ie/products/Human/22738/8d214afc-f47c-4777-a6af-3db25ec050f0.pdf
38845,Dabigatran Etexilate Krka 75 mg hard capsules,PA1347/110/001,"KRKA, d.d., Novo mesto",B01AE07 dabigatran etexilate,B01AE07,"KRKA, d.d.","Novo mesto, Šmarješka cesta 6, 8501 Novo mesto",Slovenia,https://assets.hpra.ie/products/Human/38845/0d8d38a5-16dd-449f-b4bf-035ae74ed608.pdf
12772,Azactam 1 g Powder for Solution for Injection or Infusion,PA1418/021/001,Athlone Pharmaceuticals Limited,"J01DF Monobactams, J01DF01 aztreonam",J01DF01,"Galenicum Health, S.L.U","Sant Gabriel, 50, Esplugues de Llobregat, 08950 Barcelona,",Spain,https://assets.hpra.ie/products/Human/12772/229ba44f-0ef3-4e00-81cf-99814f472938.pdf
20134,Rolyprexa 2.5 mg film-coated tablets,PA0711/124/001,"Rowex Limited,","N05AH Diazepines, oxazepines, thiazepines and oxepines, N05AH03 olanzapine",N05AH03,Salutas Pharma GmbH | LEK S.A. | LEK S.A. | Lek Pharmaceuticals d.d.,"Otto-von-Guericke-Allee 1, 39179 Barleben | ul.Podlipie 16C, PL-95 010 Strykow | ul. Domaniewska 50 C, PL-02-672 Warszawa | Verovškova 57, SI-1526 Ljubljana",Germany | Poland | Poland | Slovenia,https://assets.hpra.ie/products/Human/20134/a8b422c7-5781-4b1b-b185-53ee069bb9af.pdf
20136,Rolyprexa 7.5 mg film-coated tablets,PA0711/124/003,"Rowex Limited,","N05AH Diazepines, oxazepines, thiazepines and oxepines, N05AH03 olanzapine",N05AH03,Salutas Pharma GmbH | LEK S.A. | LEK S.A. | Lek Pharmaceuticals d.d.,"Otto-von-Guericke-Allee 1, 39179 Barleben | ul.Podlipie 16C, PL-95 010 Strykow | ul. Domaniewska 50 C, PL-02-672 Warszawa | Verovškova 57, SI-1526 Ljubljana",Germany | Poland | Poland | Slovenia,https://assets.hpra.ie/products/Human/20136/792a89b7-f08d-4a8a-92c8-0a0ac51d2ead.pdf
39074,Fludrocortisone Acetate Renata 0.1 mg tablets,PA22865/007/001,Renata Pharmaceuticals (Ireland) Limited,H02AA02 fludrocortisone,H02AA02,Misom Labs Ltd,"Malta Life Sciences Park
LS2.01.06 Industrial Estate
San Gwann SGN 3000",Malta,https://assets.hpra.ie/products/Human/39074/97e89adb-d6c0-4707-8a99-0e7c076c3d20.pdf
24615,Zovirax Double Strength 400 mg / 5 mL Oral Suspension,PA1077/084/006,GlaxoSmithKline (Ireland) Limited,"J05AB Nucleosides and nucleotides excl. reverse transcriptase inhibitors, J05AB01 aciclovir",J05AB01,Aspen Bad Oldesloe GmbH,"Industriestrasse 32-36, 23843 Bad Oldesloe",Germany,https://assets.hpra.ie/products/Human/24615/e2d4b42f-0148-4de1-9d90-2bfaffecefb4.pdf
24616,Zovirax 200 mg Dispersible Tablets,PA1077/084/007,GlaxoSmithKline (Ireland) Limited,"J05AB Nucleosides and nucleotides excl. reverse transcriptase inhibitors, J05AB01 aciclovir",J05AB01,GlaxoWellcome S.A.,"Avenida de Extremadura 3, 09400 Aranda de Duero, Burgos",Spain,https://assets.hpra.ie/products/Human/24616/641eed4d-c430-48a6-9fcf-d193c87d1db7.pdf
24612,"Zovirax IV for Infusion 250 mg, Powder for solution for infusion",PA1077/084/003,GlaxoSmithKline (Ireland) Limited,"J05AB Nucleosides and nucleotides excl. reverse transcriptase inhibitors, J05AB01 aciclovir",J05AB01,GlaxoSmithKline Manufacturing S.p.A.,"Strada Provinciale Asolana 90, 43056 San Polo di Torrile, Parma",Italy,https://assets.hpra.ie/products/Human/24612/fe160196-ae6e-4cd9-ac5d-28a7f6940c2b.pdf
18669,Germentin 500 mg / 125 mg film coated tablets,PA23266/015/001,Viatris Limited,"J01CR Combinations of penicillins, incl. beta-lactamase inhibitors, J01CR02 amoxicillin and enzyme inhibitor",J01CR02,"Sandoz GmbH | McDermott Laboratories Ltd, t/a Gerard Laboratories","Kundl | 35/36 Baldoyle Industrial Estate, Grange Road, Dublin 13",Austria | Ireland,https://assets.hpra.ie/products/Human/18669/3ff9a1ac-4815-40a7-9a2a-3d19ae9bcfa1.pdf
27566,Cisplatin 1 mg / ml Concentrate for Solution for Infusion,PA2315/081/001,Accord Healthcare Ireland Ltd.,"L01XA Platinum compounds, L01XA01 cisplatin",L01XA01,Accord Healthcare Polska Sp.z o.o. | Accord Healthcare B.V.,"ul. Lutomierska 50, 95-200 Pabianice | Winthontlaan 200,
3526 KV Utrecht",Poland | Netherlands,https://assets.hpra.ie/products/Human/27566/5e4348e4-2b43-4996-83c8-840ff09e581d.pdf
29790,Noradrenaline (Norepinephrine) 0.08 mg / mL solution for infusion,PA1968/001/001,Laboratoire Aguettant,"C01CA Adrenergic and dopaminergic agents, C01CA03 norepinephrine",C01CA03,Laboratoire AGUETTANT,"1, rue Alexander Fleming, 69007 LYON",France,https://assets.hpra.ie/products/Human/29790/d7780a73-8d87-4ecf-a68a-bff918288d7c.pdf
18473,Vancomycin 500 mg powder for concentrate for solution for infusion,PA2059/066/001,Fresenius Kabi Deutschland GmbH,"J01XA Glycopeptide antibacterials, J01XA01 vancomycin",J01XA01,Labesfal - Laboratórios Almiro. S.A.,"Zona Industrial do Lagedo, 3465-157 Santiago de Besteiros",Portugal,https://assets.hpra.ie/products/Human/18473/d4e88467-b14f-417a-af61-03e01f1e7d12.pdf
18474,Vancomycin 1000 mg powder for concentrate for solution for infusion,PA2059/066/002,Fresenius Kabi Deutschland GmbH,"J01XA Glycopeptide antibacterials, J01XA01 vancomycin",J01XA01,Labesfal - Laboratórios Almiro. S.A.,"Zona Industrial do Lagedo, 3465-157 Santiago de Besteiros",Portugal,https://assets.hpra.ie/products/Human/18474/28398c9e-4828-4279-bfab-79d470acab44.pdf
29577,Esomeprazole Ticerin 40 mg powder for solution for injection or infusion,PA1852/002/001,Laboratorios Azevedos Industria Farmaceutica S.A.,"A02BC Proton pump inhibitors, A02BC05 esomeprazole",A02BC05,"Sofarimex – Indústria Química e Farmacêutica, S.A.","Av. das Indústrias, Alto do Colaride
2735-213 Cacém",Portugal,https://assets.hpra.ie/products/Human/29577/8b817743-e2b1-440d-b00c-079e94fb15b4.pdf
26402,Cefotaxime 1g Powder for solution for injection or infusion,PA0281/223/002,Pinewood Laboratories Ltd,"J01DD Third-generation cephalosporins, J01DD01 cefotaxime",J01DD01,"Labesfal - Laboratorios Almiro, S.A.","Zona Industrial do Lagedo, Santiago de Besteiros, 3465-157",Portugal,https://assets.hpra.ie/products/Human/26402/ba39f199-d5c5-4e9d-8a5e-ac2edbf07178.pdf
24458,Engerix B 20 micrograms / 1 ml Suspension for injection in pre-filled syringe Hepatitis B (rDNA) vaccine (adsorbed) (HBV),PA1077/023/002,GlaxoSmithKline (Ireland) Limited,"J07BC Hepatitis vaccines, J07BC01 hepatitis B, purified antigen",J07BC01,GlaxoSmithKline Biologicals s.a.,"Rue de l' Institut 89, B-1330 Rixensart",Belgium,https://assets.hpra.ie/products/Human/24458/00d645af-43a4-4815-aef4-b41102d6dc05.pdf
24375,Anapen 500 micrograms / 0.3 ml solution for injection in a pre-filled syringe,PA22580/001/003,Bioprojet Pharma,"C01CA Adrenergic and dopaminergic agents, C01CA24 epinephrine",C01CA24,"Owen Mumford Limited | 
LYOFAL - SALON DE PROVENCE, Owen Mumford Limited","Primsdown Industrial Estate,
Worcester Road, Chipping Norton,
Oxfordshire OX7 5XP,
| ZA La Gandonne,
452 rue du Rémoulaire, SALON DE PROVENCE,
13300",United Kingdom | France,https://assets.hpra.ie/products/Human/24375/71ce200c-1b85-4e33-83ef-b219ea9bd008.pdf
24372,Anapen Junior 150 micrograms in 0.3 ml solution for injection in a pre- filled syringe,PA22580/001/001,Bioprojet Pharma,"C01CA Adrenergic and dopaminergic agents, C01CA24 epinephrine",C01CA24,"Owen Mumford Limited | 
LYOFAL - SALON DE PROVENCE, Owen Mumford Limited","Primsdown Industrial Estate,
Worcester Road, Chipping Norton,
Oxfordshire OX7 5XP,
| ZA La Gandonne,
452 rue du Rémoulaire, SALON DE PROVENCE,
13300",United Kingdom | France,https://assets.hpra.ie/products/Human/24372/ed05c5a2-cae2-41b8-a93f-bf2b1f3f842a.pdf
29050,Tipol 500 mg suppositories,PA0126/331/004,Clonmel Healthcare Ltd,"N02BE Anilides, N02BE01 paracetamol",N02BE01,bene-Arzneimittel GmbH,"Herterichstrasse 1-3, D-81479 Munich",Germany,https://assets.hpra.ie/products/Human/29050/068a3c63-e8b7-4294-839d-f345499dbbb1.pdf
26397,Prednisolone 5 mg soluble tablets,PA1142/034/001,Amdipharm Limited,"H02AB Glucocorticoids, H02AB06 prednisolone",H02AB06,RAFARM S.A.,"Thesi Pousi-Xatzi, Agiou Louka, Paiania Attiki",Greece,https://assets.hpra.ie/products/Human/26397/b0e17913-b81a-4213-b1f2-dfbe19623abb.pdf
41702,Yimmugo,PA0592/009/001,Biotest Pharma GmbH,"J06BA02 immunoglobulins, normal human, for intravascular adm.",J06BA02,Biotest Pharma GmbH,"Landsteinerstrasse 5, 63303 Dreieich",Germany,https://assets.hpra.ie/products/Human/41702/81f271a9-5a7b-49ee-9cad-34464519c48e.pdf
30609,"Humulin S (Soluble), 100 IU / ml Solution for Injection in cartridge",PA2276/001/004,Eli Lilly Nederland B.V.,A10AB01 insulin (human),A10AB01,Lilly France S.A.S.,"Rue du Colonel Lilly, 67640 Fegersheim",France,https://assets.hpra.ie/products/Human/30609/9b5bd2bc-f8a4-4f21-a788-adfa05056b37.pdf
23846,Grafalon 20 mg / ml concentrate for solution for infusion,PA1015/001/001,Neovii Biotech GmbH,"L04AA Selective immunosuppressants, L04AA04 antithymocyte immunoglobulin (rabbit)",L04AA04,Neovii Biotech GmbH,"Am Haag 6 + 7, 82166 Gräfelfing",Germany,https://assets.hpra.ie/products/Human/23846/e317b7d6-dfd5-4a6e-99c2-a382529e0251.pdf
27953,Nimotop 0.02% w / v Concentrate for Solution for Infusion,PA25299/001/002,Laboratoire X.O,"C08CA Dihydropyridine derivatives, C08CA06 nimodipine",C08CA06,Bayer AG | KVP Pharma + Veterinä,"Kaiser-Wilhelm-Allee
51368 Leverkusen | Produkte
24105 Kiel",Germany | Germany,https://assets.hpra.ie/products/Human/27953/c955490a-3365-4ccb-b779-0d43dd8d9410.pdf
19191,Hepatect CP 50 IU / ml solution for infusion,PA0592/005/004,Biotest Pharma GmbH,"J06BB Specific immunoglobulins, J06BB04 hepatitis B immunoglobulin",J06BB04,Biotest Pharma GmbH,"Landsteinerstrasse 5
63303 Dreieich",Germany,https://assets.hpra.ie/products/Human/19191/196bf973-517f-4976-9830-57d48ff80a3a.pdf
24732,"Fluarix Tetra suspension for injection in pre-filled syringe Influenza vaccine (split virion, inactivated)",PA1077/134/001,GlaxoSmithKline (Ireland) Limited,"J07BB Influenza vaccines, J07BB02 influenza, inactivated, split virus or surface antigen",J07BB02,GlaxoSmithKline Biologicals,"Branch of SmithKline Beecham Pharma Gm, Zirkusstrasse 40, D-01069, Dresden",Germany,https://assets.hpra.ie/products/Human/24732/1f885584-b255-488b-b79a-85e2f901739d.pdf
19193,"Intratect 100 g / L, solution for infusion",PA0592/007/002,Biotest Pharma GmbH,"J06BA Immunoglobulins, normal human, J06BA02 immunoglobulins, normal human, for intravascular adm.",J06BA02,Biotest Pharma GmbH,"Landsteinerstrasse 5, 63303 Dreieich",Germany,https://assets.hpra.ie/products/Human/19193/3f6ebf0c-cc95-44ac-9da7-55f88d3d0f58.pdf
27660,Etoposide 20 mg / ml Concentrate for Solution for Infusion,PA2315/201/001,Accord Healthcare Ireland Ltd.,"L01CB Podophyllotoxin derivatives, L01CB01 etoposide",L01CB01,Accord Healthcare Polska Sp.z o.o.,"ul. Lutomierska 50, 95-200 Pabianice",Poland,https://assets.hpra.ie/products/Human/27660/b1464f5f-35de-4ade-8e5c-2569f2f21d1e.pdf
29579,Vancomycin 500 mg powder for concentrate for solution for infusion,PA1852/004/001,Laboratorios Azevedos Industria Farmaceutica S.A.,"J01XA Glycopeptide antibacterials, J01XA01 vancomycin",J01XA01,"Sofarimex – Indústria Química e Farmacêutica, S.A.","Av. das Indústria, Alto de Colaride, 2735-213 Cacém",Portugal,https://assets.hpra.ie/products/Human/29579/36592558-293e-47c0-a8bb-982fed21fa8d.pdf
29580,Vancomycin 1000 mg powder for concentrate for solution for infusion,PA1852/004/002,Laboratorios Azevedos Industria Farmaceutica S.A.,"J01XA Glycopeptide antibacterials, J01XA01 vancomycin",J01XA01,"Sofarimex – Indústria Química e Farmacêutica, S.A.","Av. das Indústria, Alto de Colaride, 2735-213 Cacém",Portugal,https://assets.hpra.ie/products/Human/29580/cf8e011e-26b0-4b80-919c-989715a1598a.pdf
25765,Jext 300 micrograms solution for injection in pre-filled pen,PA1255/006/002,ALK-Abello A/S,"C01CA Adrenergic and dopaminergic agents, C01CA24 epinephrine",C01CA24,ALK-Abelló S.A.,"Miguel Fleta 19, ES-28037 Madrid",Spain,https://assets.hpra.ie/products/Human/25765/49e6c2f5-c133-4765-b891-5b2c7ed87c0b.pdf
36313,Midazolam Rowa 5 mg oromucosal solution,PA0074/099/002,"Rowa Pharmaceuticals Limited,",N05CD08 midazolam,N05CD08,Laboratorios Liconsa S.A.,"Av. de Miralcampo, 7
19200 Azuqueca de Henares
Guadalajara",Spain,https://assets.hpra.ie/products/Human/36313/a6392ea5-6165-433f-b6ca-e478eadb81cc.pdf
37645,Epistatus 7.5 mg oromucosal solution,PA20595/002/004,SERB S.A.,N05CD08 midazolam,N05CD08,"MoNo chem-pharm Produkte GmbH | Torbay and South Devon NHS Foundation Trust
Torbay Pharmaceuticals","Leystraβe 129, 1200 Vienna | Wilkins Drive
Paignton TQ4 7FG",Austria | United Kingdom,https://assets.hpra.ie/products/Human/37645/8e83b185-b7e6-41ca-bbab-75f4103d527f.pdf
19274,Thymoglobuline 25 mg powder for solution for infusion,PA0611/003/001,Sanofi B.V.,"L04AA Selective immunosuppressants, L04AA04 antithymocyte immunoglobulin (rabbit)",L04AA04,Sanofi Winthrop Industrie | Genzyme Ireland Ltd,"23 boulevard Chambaud de la Bruyère
69007 Lyon | IDA Industrial Park
Old Kilmeaden Road
Waterford",France | Ireland,https://assets.hpra.ie/products/Human/19274/99ddf442-b756-4f01-9e00-8bcb2030046d.pdf
36861,Epistatus 10 mg oromucosal solution,PA20595/002/001,SERB S.A.,N05CD08 midazolam,N05CD08,"MoNo chem-pharm Produkte GmbH | Torbay and South Devon NHS Foundation Trust
Torbay Pharmaceuticals","Leystraβe 129, 1200 Vienna | Wilkins Drive
Paignton TQ4 7FG",Austria | United Kingdom,https://assets.hpra.ie/products/Human/36861/01fa6a39-7bc9-46cd-8ebc-e36265422c84.pdf
37644,Epistatus 5 mg oromucosal solution,PA20595/002/003,SERB S.A.,N05CD08 midazolam,N05CD08,"MoNo chem-pharm Produkte GmbH | Torbay and South Devon NHS Foundation Trust
Torbay Pharmaceuticals","Leystraβe 129, 1200 Vienna | Wilkins Drive
Paignton TQ4 7FG",Austria | United Kingdom,https://assets.hpra.ie/products/Human/37644/c1bc7b07-39be-4761-bd44-d88341347a90.pdf
36315,Midazolam Rowa 10 mg oromucosal solution,PA0074/099/004,"Rowa Pharmaceuticals Limited,",N05CD08 midazolam,N05CD08,Laboratorios Liconsa S.A.,"Av. de Miralcampo, 7
19200 Azuqueca de Henares
Guadalajara",Spain,https://assets.hpra.ie/products/Human/36315/a0b42ebe-c4bd-4475-a3ae-4a29d85e276b.pdf
30408,Atracurium besilate 10 mg / ml solution for injection / infusion,PA2165/001/001,AS Kalceks,"M03AC Other quaternary ammonium compounds, M03AC04 atracurium",M03AC04,Akciju sabiedrība “Kalceks”,"Krustpils iela 71E, Rīga, LV-1057",Latvia,https://assets.hpra.ie/products/Human/30408/da6c74aa-6b7e-4b50-8d34-89b6eb1a91d0.pdf
26020,Esmeron 10 mg / ml solution for injection / infusion,PA1286/058/001,Merck Sharp & Dohme Ireland (Human Health) Limited,"M03AC Other quaternary ammonium compounds, M03AC09 rocuronium bromide",M03AC09,Merck Sharp & Dohme B.V.,"Waarderweg 39, 2031 BN Haarlem",Netherlands,https://assets.hpra.ie/products/Human/26020/077c7373-6cb5-4af1-8e9a-6f09cac268c0.pdf
21962,Zavedos 1 mg / ml solution for injection,PA0822/142/005,Pfizer Healthcare Ireland Unlimited Company,"L01DB Anthracyclines and related substances, L01DB06 idarubicin",L01DB06,Pfizer Service Company BV,"Hoge Wei, 10, B-1930 Zaventem",Belgium,https://assets.hpra.ie/products/Human/21962/8238fd2f-e743-4128-bb5f-b603b33f470c.pdf
37608,Epistatus 2.5 mg oromucosal solution,PA20595/002/002,SERB S.A.,N05CD08 midazolam,N05CD08,"MoNo chem-pharm Produkte GmbH | Torbay and South Devon NHS Foundation Trust
Torbay Pharmaceuticals","Leystraβe 129, 1200 Vienna | Wilkins Drive
Paignton TQ4 7FG",Austria | United Kingdom,https://assets.hpra.ie/products/Human/37608/8ff26fca-6dd7-4e79-8ded-822914d59a5c.pdf
36314,Midazolam Rowa 7.5 mg oromucosal solution,PA0074/099/003,"Rowa Pharmaceuticals Limited,",N05CD08 midazolam,N05CD08,Laboratorios Liconsa S.A.,"Av. de Miralcampo, 7
19200 Azuqueca de Henares
Guadalajara",Spain,https://assets.hpra.ie/products/Human/36314/4bc2b0ef-a560-4090-bffb-252bf34e7bfc.pdf
36312,Midazolam Rowa 2.5 mg oromucosal solution,PA0074/099/001,"Rowa Pharmaceuticals Limited,",N05CD08 midazolam,N05CD08,Laboratorios Liconsa S.A.,"Av. de Miralcampo, 7
19200 Azuqueca de Henares
Guadalajara",Spain,https://assets.hpra.ie/products/Human/36312/391c0311-3567-4878-aaf7-4495c6147385.pdf
24482,Amoxicillin Delbert 500 mg powder for solution for injection or infusion,PA23217/001/001,Laboratoires DELBERT,"J01CA Penicillins with extended spectrum, J01CA04 amoxicillin",J01CA04,"MEDOCHEMIE Ltd (Factory B) | LABORATORIO REIG JOFRÉ, S.A.","48 Iapetou street,
Agios Athanassios Industrial
Area 4101 Agios Athanassios
Limassol | C/ Jarama 111 Polígono Industrial,
Toledo, 45007
Toledo",Cyprus | Spain,https://assets.hpra.ie/products/Human/24482/d1bc88b0-ea12-46d3-b339-312421ee4ba4.pdf
38476,Ceftriaxone 1 g powder for solution for injection / infusion,PA2165/017/001,AS Kalceks,"J01DD Third-generation cephalosporins, J01DD04 ceftriaxone",J01DD04,AS KALCEKS,"Krustpils iela 71E, Riga, LV-1057",Latvia,https://assets.hpra.ie/products/Human/38476/dfe6577b-9eea-40f6-8a5d-8cced05b6647.pdf
38501,Ceftriaxone 2 g powder for solution for injection / infusion,PA2165/017/002,AS Kalceks,"J01DD Third-generation cephalosporins, J01DD04 ceftriaxone",J01DD04,AS KALCEKS,"Krustpils iela 71E, Riga, LV-1058",Latvia,https://assets.hpra.ie/products/Human/38501/5151cc42-8f0e-4060-9716-c57f495ae266.pdf
27516,Gemcitabine 1 g Powder for Solution for Infusion,PA2315/092/002,Accord Healthcare Ireland Ltd.,"L01BC Pyrimidine analogues, L01BC05 gemcitabine",L01BC05,Accord Healthcare Polska Sp.z o.o.,"ul. Lutomierska 50, 95-200 Pabianice",Poland,https://assets.hpra.ie/products/Human/27516/02d9bc82-4a79-4c7d-9321-b5567bf7240c.pdf
27518,Gemcitabine 100 mg / ml Concentrate for Solution for Infusion,PA2315/092/004,Accord Healthcare Ireland Ltd.,"L01BC Pyrimidine analogues, L01BC05 gemcitabine",L01BC05,Accord Healthcare Polska Sp.z o.o. | Accord Healthcare B.V.,"ul. Lutomierska 50, 95-200 Pabianice | Winthontlaan 200,
3526 KV Utrecht,",Poland | Netherlands,https://assets.hpra.ie/products/Human/27518/748db2c0-87b5-43a6-ac68-5c46b4cfe34a.pdf
27517,Gemcitabine 2g Powder for Solution for Infusion,PA2315/092/003,Accord Healthcare Ireland Ltd.,"L01BC Pyrimidine analogues, L01BC05 gemcitabine",L01BC05,Accord Healthcare Polska Sp.z o.o.,"ul. Lutomierska 50, 95-200 Pabianice",Poland,https://assets.hpra.ie/products/Human/27517/9e426d48-6f9e-4f34-8af7-04492a6ae85f.pdf
27515,Gemcitabine 200 mg Powder for Solution for Infusion,PA2315/092/001,Accord Healthcare Ireland Ltd.,"L01BC Pyrimidine analogues, L01BC05 gemcitabine",L01BC05,Accord Healthcare Polska Sp.z o.o.,"ul. Lutomierska 50, 95-200 Pabianice",Poland,https://assets.hpra.ie/products/Human/27515/194fc50d-a340-4778-b097-f28606c17181.pdf
27720,Metoclopramide hydrochloride 10 mg tablets,PA2315/204/001,Accord Healthcare Ireland Ltd.,"A03FA Propulsives, A03FA01 metoclopramide",A03FA01,Accord Healthcare Polska Sp.z o.o.,"ul. Lutomierska 50, 95-200 Pabianice",Poland,https://assets.hpra.ie/products/Human/27720/841a9f24-f860-4f9e-9703-8d3a647b19e5.pdf
28680,Dantrium 100 mg Capsules,PA1336/004/002,Norgine B.V.,"M03CA Dantrolene and derivatives, M03CA01 dantrolene",M03CA01,Delpharm L’Aigle,"Zone Industrielle No1, Route De Crulai, 61300 L’Aigle",France,https://assets.hpra.ie/products/Human/28680/8937bc11-f466-4824-8327-7002cb691024.pdf
28483,Warfarin Teva 1 mg tablets,PA2050/001/002,Sun Pharmaceutical Industries Europe B.V.,"B01AA Vitamin K antagonists, B01AA03 warfarin",B01AA03,Sun Pharmaceutical Industries Europe B.V.,"Polarisavenue 87, 2132 JH Hoofddorp",Netherlands,https://assets.hpra.ie/products/Human/28483/e5027510-3f84-4ad0-ace2-e5e2ae153ee2.pdf
28487,Warfarin Teva 5 mg tablets,PA2050/001/006,Sun Pharmaceutical Industries Europe B.V.,"B01AA Vitamin K antagonists, B01AA03 warfarin",B01AA03,Sun Pharmaceutical Industries Europe B.V.,"Polarisavenue 87, 2132 JH Hoofddorp",Netherlands,https://assets.hpra.ie/products/Human/28487/afde69af-477d-465f-ac10-db5eebdfb87f.pdf
24426,Zinnat 500 mg film-coated tablets,PA23311/003/004,Sandoz Pharmaceuticals d.d.,"J01DC Second-generation cephalosporins, J01DC02 cefuroxime",J01DC02,Synthon Hispania S.L. | Synthon BV,"C/ Castelló no. 1, Pol. Las Salinas,
Sant Boi de Llobregat,
08830 Barcelona | Microweg 22
6545 CM Nijmegen",Spain | Netherlands,https://assets.hpra.ie/products/Human/24426/4c28dab9-18f0-405c-a1ca-8ade8ee00f22.pdf
44821,Prograf 1 mg hard capsules,PPA0465/435/002,PCO Manufacturing Ltd.,L04AD02 tacrolimus,L04AD02,Astellas Ireland Co. Ltd.,"Killorglin, County Kerry, V93FC86",Ireland,https://assets.hpra.ie/products/Human/44821/1e2cc106-fe2d-4b79-b156-c6af0ffa7d77.pdf
24425,Zinnat 250 mg film-coated tablets,PA23311/003/003,Sandoz Pharmaceuticals d.d.,"J01DC Second-generation cephalosporins, J01DC02 cefuroxime",J01DC02,Synthon Hispania S.L. | Synthon BV,"C/ Castelló no. 1, Pol. Las Salinas,
Sant Boi de Llobregat,
08830 Barcelona | Microweg 22
6545 CM Nijmegen",Spain | Netherlands,https://assets.hpra.ie/products/Human/24425/1ab36e54-5d6a-472b-80e1-c2bdef9b24cd.pdf
22605,Desferal 500mg Vials Powder for Solution for Injection or Powder for Concentrate for Solution for Infusion,PA25414/001/001,Mitem Pharma,"V03AC Iron chelating agents, V03AC01 deferoxamine",V03AC01,MITEM PHARMA,"2-12, RUE DU CHEMIN DES FEMMES, 91300 MASSY",France,https://assets.hpra.ie/products/Human/22605/7f2565ad-682c-4aba-9598-4a7a8d445db3.pdf
30608,Humulin S (Soluble) 100 IU / ml Solution for Injection in vial,PA2276/001/003,Eli Lilly Nederland B.V.,"A10AB Insulins and analogues for injection, fast-acting, A10AB01 insulin (human)",A10AB01,Lilly S.A.,"Avda. de la Industria 30, 28108 Alcobendas, Madrid",Spain,https://assets.hpra.ie/products/Human/30608/89d26222-eec8-4ed4-a7ed-054944a3328a.pdf
30616,Humulin M3 (Mixture 3) 100 IU / ml Suspension for Injection in vial,PA2276/003/003,Eli Lilly Nederland B.V.,"A10AD Insulins and analogues for injection, intermediate- or long-acting combined with fast-acting, A10AD01 insulin (human)",A10AD01,Lilly S.A.,"Avda. de la Industria 30, 28108 Alcobendas, Madrid",Spain,https://assets.hpra.ie/products/Human/30616/fc52bc10-cb5c-40b6-b832-2a3db1160395.pdf
30612,Humulin I (Isophane) 100 IU / ml Suspension for Injection in vial,PA2276/002/003,Eli Lilly Nederland B.V.,"A10AC Insulins and analogues for injection, intermediate-acting, A10AC01 insulin (human)",A10AC01,Lilly S.A.,"Avda. de la Industria 30, 28108 Alcobendas, Madrid",Spain,https://assets.hpra.ie/products/Human/30612/2511067b-5580-499e-a3fe-c9e6b68a9ff1.pdf
30617,Humulin M3 (Mixture 3) 100 IU / ml Suspension for Injection in cartridge,PA2276/003/004,Eli Lilly Nederland B.V.,"A10AD Insulins and analogues for injection, intermediate- or long-acting combined with fast-acting, A10AD01 insulin (human)",A10AD01,Lilly France S.A.S.,"Rue du Colonel Lilly, 67640 Fegersheim",France,https://assets.hpra.ie/products/Human/30617/ad51b6cf-b977-445a-b446-c13838f861b3.pdf
30613,Humulin I (Isophane) 100 IU / ml Suspension for Injection in cartridge,PA2276/002/004,Eli Lilly Nederland B.V.,"A10AC Insulins and analogues for injection, intermediate-acting, A10AC01 insulin (human)",A10AC01,"Lilly France S.A.S. | Eli Lilly Italia, S.p.A.","Rue du Colonel Lilly, 67640 Fegersheim | Via A. Gramsci, 731-733, 50019 Sesto Fiorentino",France | Italy,https://assets.hpra.ie/products/Human/30613/25f6602b-2a7f-4792-a57f-944ff5dad646.pdf
30570,Sodium Thiosulfate Hope Pharmaceuticals 250 mg / mL Solution for Injection,PA22874/002/001,Hope Pharmaceuticals Ltd,"V03AB Antidotes, V03AB06 thiosulfate",V03AB06,HiTech Health,Blackrock A94 R5Y4,Ireland,https://assets.hpra.ie/products/Human/30570/6ab0b6c1-393e-4b41-9c8a-0ce06283a061.pdf
30621,Humulin I KwikPen (Isophane) 100 IU / ml Suspension for Injection,PA2276/005/002,Eli Lilly Nederland B.V.,"A10AC Insulins and analogues for injection, intermediate-acting, A10AC01 insulin (human)",A10AC01,Lilly France S.A.S.,"Rue du Colonel Lilly, 67640 Fegersheim",France,https://assets.hpra.ie/products/Human/30621/d2e64042-f537-40cb-bc0d-1a8b8241105a.pdf
30623,Humulin M3 KwikPen (mixture 3) 100 IU / ml Suspension for Injection,PA2276/006/002,Eli Lilly Nederland B.V.,"A10AD Insulins and analogues for injection, intermediate- or long-acting combined with fast-acting, A10AD01 insulin (human)",A10AD01,Lilly France S.A.S.,"Rue du Colonel Lilly, 67640 Fegersheim",France,https://assets.hpra.ie/products/Human/30623/a1bc75f6-7b27-4c3c-a908-4a45648983ab.pdf
39120,Trimethoprim 10 mg / ml Oral Suspension,PA1418/005/001,Athlone Pharmaceuticals Limited,J01EA01 trimethoprim,J01EA01,Athlone Pharmaceuticals Ltd,"Maple House,
South County Business Park,
Dublin 18",Ireland,https://assets.hpra.ie/products/Human/39120/008c1938-4dc7-4e9b-b173-9cd6b07e81bd.pdf
42444,Midazolam 5 mg / ml solution for injection / infusion,PA1968/017/003,Laboratoire Aguettant,N05CD08 midazolam,N05CD08,LABORATOIRE AGUETTANT,"1, rue Alexander Fleming 69007 Lyon",France,https://assets.hpra.ie/products/Human/42444/8214ec56-721b-4148-a9ec-ee74270dce08.pdf
26420,Flucloxacillin 500mg Powder for Solution for Injection or Infusion,PA0281/228/002,Pinewood Laboratories Limited,"J01CF Beta-lactamase resistant penicillins, J01CF05 flucloxacillin",J01CF05,CP Pharmaceuticals Ltd,"Ash Road North, Wrexham, LL13 9UF",United Kingdom,https://assets.hpra.ie/products/Human/26420/9b19d5e4-6c69-4dd5-9b25-008072a3d64e.pdf
42375,Midazolam 1 mg / ml solution for injection / infusion,PA1968/017/002,Laboratoire Aguettant,N05CD08 midazolam,N05CD08,LABORATOIRE AGUETTANT,"1, rue Alexander Fleming 69007 Lyon",France,https://assets.hpra.ie/products/Human/42375/a5270aa7-7a58-4bd0-892f-550d054075a4.pdf
31829,Epanutin 100 mg Hard Capsules,PPA0465/244/001,PCO Manufacturing Ltd.,"N03AB Hydantoin derivatives, N03AB02 phenytoin",N03AB02,Pfizer Manufacturing GmBH,"Betriebsstätte, Freiburg, Mooswaldallee 1, D-79090
Freiburg",Germany,https://assets.hpra.ie/products/Human/31829/f07482a3-5733-4220-b0c7-b53724e8415d.pdf
26419,Flucloxacillin 250mg Powder for Solution for Injection or Infusion,PA0281/228/001,Pinewood Laboratories Limited,"J01CF Beta-lactamase resistant penicillins, J01CF05 flucloxacillin",J01CF05,CP Pharmaceuticals Ltd,"Ash Road North, Wrexham, LL13 9UF",United Kingdom,https://assets.hpra.ie/products/Human/26419/f113588e-f1cd-4866-a22a-05231c00ba77.pdf
26421,Flucloxacillin 1g Powder for Solution for Injection or Infusion,PA0281/228/003,Pinewood Laboratories Limited,"J01CF Beta-lactamase resistant penicillins, J01CF05 flucloxacillin",J01CF05,CP Pharmaceuticals Ltd,"Ash Road North, Wrexham, LL13 9UF",United Kingdom,https://assets.hpra.ie/products/Human/26421/d33f93bb-82b7-448d-90e4-a78eeb8d78df.pdf
30477,"Octaplex 1000 IU coagulation factor IX per vial, powder and solvent for solution for infusionHuman Prothrombin Complex",PA2219/005/002,Octapharma (IP),"B02BD Blood coagulation factors, B02BD01 coagulation factor IX, II, VII and X in combination",B02BD01,Octapharma Pharmazeutika Produktionsges.m.b.H. | Octapharma Lingolsheim S.A.S.,"Oberlaaer Str. 235
A-1100 Vienna | 72 Rue du Maréchal Foch
67380 Lingolsheim",Austria | France,https://assets.hpra.ie/products/Human/30477/c4979209-4ae7-419f-9101-4624b376b500.pdf
21909,"Dalacin C Phosphate 150 mg / ml Concentrate for Solution for injection / infusion, 2ml",PA0822/120/002,Pfizer Healthcare Ireland Unlimited Company,"J01FF Lincosamides, J01FF01 clindamycin",J01FF01,Pfizer Manufacturing Belgium NV,"Rijksweg 12,
2870 Puurs-Sint-Amands",Belgium,https://assets.hpra.ie/products/Human/21909/30706eb0-f3c4-464e-baea-95fc84ce5563.pdf
21910,"Dalacin C Phosphate 150 mg / ml Concentrate for Solution for injection / infusion, 4ml",PA0822/120/003,Pfizer Healthcare Ireland Unlimited Company,"J01FF Lincosamides, J01FF01 clindamycin",J01FF01,Pfizer Manufacturing Belgium NV,"Rijksweg 12,
2870 Puurs-Sint-Amands",Belgium,https://assets.hpra.ie/products/Human/21910/31a53b5f-a979-4071-ad4b-c79e04e694f4.pdf
21908,Dalacin C 150 mg Hard Capsules,PA0822/120/001,Pfizer Healthcare Ireland Unlimited Company,"J01FF Lincosamides, J01FF01 clindamycin",J01FF01,Pfizer Manufacturing Belgium NV,"Rijksweg 12,
2870 Puurs-Sint-Amands",Belgium,https://assets.hpra.ie/products/Human/21908/49f76a95-e659-4f40-aa08-d39f58d3bc45.pdf
28883,Trandate 200mg Film-coated Tablets,PA1638/006/003,RPH Pharmaceuticals AB,"C07AG Alpha and beta blocking agents, C07AG01 labetalol",C07AG01,Recipharm Uppsala AB,"Björkgatan 30
SE-751 82
Uppsala",Sweden,https://assets.hpra.ie/products/Human/28883/cd7797cb-ae77-4fc7-823a-8213a84d562f.pdf
37292,Clarithromycin 500 mg powder for concentrate for solution for infusion,PA2237/003/001,hameln pharma gmbh,J01FA09 clarithromycin,J01FA09,ANFARM HELLAS S.A. | hameln rds s.r.o.,"61st km NAT.RD. Athens-Lamia, Schimatari Viotias 32009 | Horná 36, 900 01 Modra",Greece | Slovakia,https://assets.hpra.ie/products/Human/37292/8c4b687f-d1b6-47dd-9829-a0610d8fe88a.pdf
30485,"Panzyga, 100 mg / ml solution for infusion",PA2219/010/001,Octapharma (IP),"J06BA Immunoglobulins, normal human, J06BA02 immunoglobulins, normal human, for intravascular adm.",J06BA02,Octapharma | Octapharma Pharmazeutika Produktionsges.m.b.H.,"72 rue du Maréchal Foch, 67380 Lingolsheim | Oberlaaer Strasse 235, 1100 Vienna",France | Austria,https://assets.hpra.ie/products/Human/30485/295c47b0-7666-48b8-9c32-395cafa09f6d.pdf
42064,Metronidazole 5 mg / mL solution for infusion,PA1122/041/001,Noridem Enterprises Limited,J01XD01 metronidazole,J01XD01,DEMO S.A. PHARMACEUTICAL INDUSTRY,"21st Km National Road Athens–Lamia,
14568 Krioneri, Attiki",Greece,https://assets.hpra.ie/products/Human/42064/cabae132-5a5c-4ac6-961d-1bdd2f39b44b.pdf
30882,AmBisome Liposomal Amphotericin B 50 mg Powder for Concentrate for Dispersion for Infusion,PA2322/001/001,Gilead Sciences Ireland UC,"J02AA Antibiotics, J02AA01 amphotericin B",J02AA01,Gilead Sciences Ireland UC,"IDA Business & Technology Park,
Carrigtohill,
County Cork",Ireland,https://assets.hpra.ie/products/Human/30882/6c8ae019-11fc-4754-be2a-4f6745c38df2.pdf
36038,Dexmedetomidine 100 micrograms / ml concentrate for solution for infusion,PA2165/010/001,AS Kalceks,N05CM18 dexmedetomidine,N05CM18,AS KALCEKS,"Krustpils iela 71E, Rīga, LV-1057",Latvia,https://assets.hpra.ie/products/Human/36038/47798910-8982-48fc-aebc-d562b70947a2.pdf
35121,Cisatracurium 2 mg / ml solution for injection / infusion,PA2165/008/001,AS Kalceks,M03AC11 cisatracurium,M03AC11,AS KALCEKS,"Krustpils iela 71E, Rīga, LV-1058",Latvia,https://assets.hpra.ie/products/Human/35121/3e07643b-8c53-4776-83f2-7e911cc2e045.pdf
39237,Copaxone 40 mg / ml solution for injection in pre-filled syringe,PPA0465/432/002,PCO Manufacturing Ltd.,"L03AX Other immunostimulants, L03AX13 glatiramer acetate",L03AX13,"Teva Pharmaceuticals Europe B.V. | Actavis Group PTC ehf. | Norton Healthcare
Limited T/A IVAX Pharmaceuticals UK (Teva Runcorn) | Merckle GmbH","Swensweg 5, 2031 GA Haarlem | Dalshraun 1, 220, Hafnarfjörður | Aston Lane North, Whitehouse Vale
Industrial Estate Runcorn, Cheshire, WA7 3FA | Graf-Arco-
Str. 3, 89079 Ulm",Netherlands | Iceland | United Kingdom | Germany,https://assets.hpra.ie/products/Human/39237/32527bd0-baf1-4509-ac00-e0e2bdb311fa.pdf
29804,Murexal 10 mg / mL solution for injection in pre-filled syringe,PA1968/010/001,Laboratoire Aguettant,"M03AB Choline derivatives, M03AB01 suxamethonium",M03AB01,Laboratoire AGUETTANT,"1, rue Alexander Fleming
69007 LYON",France,https://assets.hpra.ie/products/Human/29804/3a10207e-cf49-4d0c-8b84-e7c067588019.pdf
42069,Epipen Evo Junior 150 microgram solution for injection in pre-filled pen,PA23355/029/002,Viatris Healthcare Limited,C01CA24 epinephrine,C01CA24,Meda Pharma GmbH & Co.KG,"Benzstrasse 1, Bad Homburg, 61352",Germany,https://assets.hpra.ie/products/Human/42069/398de243-9612-4eb9-a36c-2da33cb969c2.pdf
41969,Epipen Evo 300 microgram solution for injection in pre-filled pen,PA23355/029/001,Viatris Healthcare Limited,C01CA24 epinephrine,C01CA24,Meda Pharma GmbH & Co.KG ,"Benzstrasse 1, Bad Homburg, 61352 ",Germany,https://assets.hpra.ie/products/Human/41969/783590ad-c234-4ef0-b05f-f7ab5a774224.pdf
16577,Ipratropium Steri-Neb 250 micrograms / ml Nebuliser solution,PA1986/083/001,Teva B.V.,"R03BB Anticholinergics, R03BB01 ipratropium bromide",R03BB01,Merckle GmbH,"Ludwig-Merckle-Strasse 3, D-89143 Blaubeuren",Germany,https://assets.hpra.ie/products/Human/16577/c21a134c-fe61-41d2-b2eb-ee21f990029b.pdf
26311,EpiPen Junior 150 micrograms solution for injection in pre-filled pen,PA23355/011/001,Viatris Healthcare Limited,"C01CA Adrenergic and dopaminergic agents, C01CA24 epinephrine",C01CA24,MEDA Pharma GmbH & Co. KG,"Benzstrasse 1, D-61352 Bad Homburg",Germany,https://assets.hpra.ie/products/Human/26311/afdba236-aaa6-40b2-97c0-e9103969dd3f.pdf
23039,Hartmann's Solution Compound Sodium Lactate Intravenous Infusion BP,PA1968/020/001,Laboratoire Aguettant,"B05BB Solutions affecting the electrolyte balance, B05BB01 electrolytes",B05BB01,AGUETTANT MOUVAUX,"Rue Michel Raillard, 59420 Mouvaux",France,https://assets.hpra.ie/products/Human/23039/e949a7e3-a532-4b25-8047-b484e27c4a28.pdf
23043,Paracetamol 10 mg / ml Solution for Infusion,PA1968/021/001,Laboratoire Aguettant,"N02BE Anilides, N02BE01 paracetamol",N02BE01,AGUETTANT MOUVAUX,"Rue Michel Raillard, 59420 MOUVAUX",France,https://assets.hpra.ie/products/Human/23043/20e12f8a-17d8-4505-9d2d-d0639ebfc161.pdf
15730,Endoxana Coated Tablets 50 mg,PA2299/027/003,Baxter Holding B.V.,"L01AA Nitrogen mustard analogues, L01AA01 cyclophosphamide",L01AA01,Simtra Deutschland GmbH,"Kantstrasse 2, 33790 Halle-Kunsebeck",Germany,https://assets.hpra.ie/products/Human/15730/eb77a3d6-5db9-408f-8060-06f4a8d2172a.pdf
15728,Endoxana Injection 500 mg Powder for Solution for Injection,PA2299/027/001,Baxter Holding B.V.,"L01AA Nitrogen mustard analogues, L01AA01 cyclophosphamide",L01AA01,Simtra Deutschland GmbH,"Kantstrasse 2, 33790, Halle/Westfalen",Germany,https://assets.hpra.ie/products/Human/15728/fade3efb-ce08-46ab-81cb-1e267dd3b501.pdf
30724,Uromitexan Tablets 600mg,PA2299/024/003,Baxter Holding B.V.,"V03AF Detoxifying agents for antineoplastic treatment, V03AF01 mesna",V03AF01,Simtra Deutschland GmbH,"Kantstrasse 2, 33790, Halle/Westfalen",Germany,https://assets.hpra.ie/products/Human/30724/73da011c-de51-4d67-85e9-c928b8217109.pdf
17942,Claforan Powder for Solution for Injection 500mg,PA1142/041/001,Amdipharm Limited,"J01DD Third-generation cephalosporins, J01DD01 cefotaxime",J01DD01,"S.C. Zentiva S.A. | Laboratórios Atral, S.A.","50 Theodor Pallady Blvd.
District 3 - 032266 Bucharest | Rua da Estação, n.ºs 1 e 1A
2600-726 Castanheira do Ribatejo",Romania | Portugal,https://assets.hpra.ie/products/Human/17942/9945b7fe-4b82-4284-ad69-150e96b916b2.pdf
39206,Clopidogrel MSN 75 mg film-coated tablets,PA23250/005/001,MSN Labs Europe Limited,B01AC04 clopidogrel,B01AC04,Pharmadox Healthcare Limited | MSN Labs Europe Limited,"KW20A Kordin Industrial Park, Paola, PLA3000 | KW20A Corradino Park, Paola, PLA3000",Malta | Malta,https://assets.hpra.ie/products/Human/39206/733f5c7e-90fe-4aad-b00a-cd4fcfe91c9a.pdf
25719,Prograf 5 mg / ml concentrate for solution for infusion,PA1241/014/004,Astellas Pharma Co. Limited,"L04AD Calcineurin inhibitors, L04AD02 tacrolimus",L04AD02,Astellas Ireland Co. Ltd.,"Killorglin, County Kerry, V93FC86",Ireland,https://assets.hpra.ie/products/Human/25719/10ee6901-bf3b-42fe-9768-747607ec2ceb.pdf
25718,Prograf 5 mg hard capsules,PA1241/014/003,Astellas Pharma Co. Limited,"L04AD Calcineurin inhibitors, L04AD02 tacrolimus",L04AD02,Astellas Ireland Co. Ltd.,"Killorglin, County Kerry, V93FC86",Ireland,https://assets.hpra.ie/products/Human/25718/d3659035-2e4f-4595-a669-ba003a5d065a.pdf
25717,Prograf 1 mg hard capsules,PA1241/014/002,Astellas Pharma Co. Limited,"L04AD Calcineurin inhibitors, L04AD02 tacrolimus",L04AD02,Astellas Ireland Co. Ltd.,"Killorglin, County Kerry, V93FC86",Ireland,https://assets.hpra.ie/products/Human/25717/64ee77dd-683a-4632-a9e1-32d0e016a8c1.pdf
25716,Prograf 0.5 mg hard capsules,PA1241/014/001,Astellas Pharma Co. Limited,"L04AD Calcineurin inhibitors, L04AD02 tacrolimus",L04AD02,Astellas Ireland Co. Ltd.,"Killorglin, County Kerry, V93FC86",Ireland,https://assets.hpra.ie/products/Human/25716/481f44f0-e788-4797-9515-c39707c7c7ef.pdf
20850,Carboplatin-Teva 10 mg / ml Concentrate for Solution for Infusion,PA0749/004/001,Teva Pharma B.V.,"L01XA Platinum compounds, L01XA02 carboplatin",L01XA02,Pharmachemie B.V.,"Swensweg 5,
P.O. Box 552,
2003 RN Haarlem",Netherlands,https://assets.hpra.ie/products/Human/20850/b0315a58-5bbd-4f39-bdab-9c21d8c5e390.pdf
39203,Prothromplex TOTAL 500 IU powder and solvent for solution for injection,PA2004/005/002,Baxalta Innovations GmbH,"B02BD01 coagulation factor IX, II, VII and X in combination",B02BD01,Takeda Manufacturing Austria AG,"Industriestrasse 67, 1221 Vienna",Austria,https://assets.hpra.ie/products/Human/39203/86f1cd6f-b567-4487-956a-40deb45b8d48.pdf
22078,Cisplatin 1 mg / ml Concentrate for Solution for Infusion,PA0822/199/001,Pfizer Healthcare Ireland Unlimited Company,"L01XA Platinum compounds, L01XA01 cisplatin",L01XA01,Pfizer Service Company BV,"Hoge Wei 10, 1930 Zaventem",Belgium,https://assets.hpra.ie/products/Human/22078/73d62614-fcf8-435a-9a1c-128bf75043a9.pdf
30356,"Tetravac, suspension for injection in prefilled syringe Diphtheria, tetanus, pertussis (acellular, component) and poliomyelitis (inactivated) vaccine, (adsorbed).",PA23458/007/001,Sanofi Winthrop Industrie,"J07CA Bacterial and viral vaccines, combined, J07CA02 diphtheria-pertussis-poliomyelitis-tetanus",J07CA02,Sanofi Winthrop Industrie,"Voie de L'Institut, Parc Industrie! d'Incarville B.P 101, 27100 Val de Reuil",France,https://assets.hpra.ie/products/Human/30356/78960363-4a24-4b5f-82ac-b12341bd08c4.pdf
30349,"AVAXIM, suspension for injection in a pre-filled syringe Hepatitis A vaccine (inactivated, adsorbed)",PA23458/003/001,Sanofi Winthrop Industrie,"J07BC Hepatitis vaccines, J07BC02 hepatitis A, inactivated, whole virus",J07BC02,Sanofi Winthrop Industrie | Sanofi Winthrop Industrie | Sanofi-Aventis Zrt. Bdg. DC5,1541 avenue Marcel Merieux - 69280 Marcy l'Etoile | Voie de l'Institut - Parc Industriel d'Incarville B.P 101 - 27100 Val de Reuil | Campona Utca 1. Budapest XXII - 1225 Budapest,France | France | Hungary,https://assets.hpra.ie/products/Human/30349/939978fa-bf2d-4a91-9a3d-5a48c55ccbca.pdf
30354,"REVAXIS Suspension for injection in pre-filled syringe Diphtheria, tetanus and poliomyelitis (inactivated) vaccine (adsorbed, reduced antigen(s) content)",PA23458/005/001,Sanofi Winthrop Industrie,J07CA01 diphtheria-poliomyelitis-tetanus,J07CA01,Sanofi Winthrop Industrie | Sanofi Winthrop Industrie | Sanofi-Aventis Zrt. Bdg. DC5,1541 avenue Marcel Merieux - 69280 Marcy l'Etoile | Voie de l'Institut - Parc Industriel d'Incarville B.P 101 - 27100 Val de Reuil | Campona Utca 1. Budapest XXII - 1225 Budapest,France | France | Hungary,https://assets.hpra.ie/products/Human/30354/d3927eba-396d-4a1a-8264-f5574c419f1a.pdf
39990,"Verorab, powder and solvent for suspension for injection.                                                                           Rabies vaccine, inactivated.",PA23458/011/001,Sanofi Winthrop Industrie,"J07BG01 rabies, inactivated, whole virus",J07BG01,Sanofi Winthrop Industrie | Sanofi Winthrop Industrie | Sanofi-Aventis Zrt. Bdg. DC5,1541 avenue Marcel Merieux - 69280 Marcy l'Etoile | Voie de l'Institut - Parc Industriel d'Incarville B.P 101 - 27100 Val de Reuil | Campona Utca 1. Budapest XXII - 1225 Budapest,France | France | Hungary,https://assets.hpra.ie/products/Human/39990/dc30141f-164b-4f0d-9f19-081b196dd149.pdf
25184,Erythrocin IV Lactobionate 1 g Powder for Concentrate for Solution for Infusion,PA1142/008/001,Amdipharm Limited,"J01FA Macrolides, J01FA01 erythromycin",J01FA01,Delpharm Saint Remy,"Rue de l’Isle, Saint Remy Sur Avre, 28380",France,https://assets.hpra.ie/products/Human/25184/ae13327d-ddfa-4eed-86b3-15101f844c7e.pdf
30760,Hypnovel 10 mg / 5 ml Solution for Injection,PA2239/007/002,CHEPLAPHARM Arzneimittel GmbH,"N05CD Benzodiazepine derivatives, N05CD08 midazolam",N05CD08,CENEXI,"52, rue M. et J. Gaucher, 94120 Fontenay-sous-Bois",France,https://assets.hpra.ie/products/Human/30760/c3d0e0f4-75ff-40c4-aaf5-1af0678df685.pdf
28767,Syntocinon Ampoules 10 IU / ml solution for injection / infusion,PA2206/003/002,Alfasigma S.p.A,"H01BB Oxytocin and analogues, H01BB02 oxytocin",H01BB02,Alfasigma S.p.A.,"Via Pontina Km 30.400, 00071 – Pomezia (Rome)",Italy,https://assets.hpra.ie/products/Human/28767/c147ec7c-af3c-4b03-b21f-b30290e05da0.pdf
28881,Trandate 5 mg / ml Solution for Injection,PA1638/006/001,RPH Pharmaceuticals AB,"C07AG Alpha and beta blocking agents, C07AG01 labetalol",C07AG01,Mitim S.r.l.,"Via G.B. Cacciamali, 34/36/38, 25125 Brescia",Italy,https://assets.hpra.ie/products/Human/28881/f5074468-479f-4cf3-8894-aec2bb452f90.pdf
29932,Flecainide 50mg Tablets,PA1986/050/001,Teva B.V.,"C01BC Antiarrhythmics, class Ic, C01BC04 flecainide",C01BC04,McDermott Laboratories Ltd. t/a Gerard Laboratories | Generics [UK] Ltd | Mylan Hungary Kft,"Baldoyle Industrial Estate, Grange Road, Dublin 13 | Station Close, Potters Bar, Herts EN6 1TL | Mylan utca 1",Ireland | United Kingdom | Hungary,https://assets.hpra.ie/products/Human/29932/fc1bb8eb-d3e8-4958-b6ac-eec8eaf3f7e5.pdf
20867,Co-Amoxiclav TEVA 1000 mg / 200 mg Powder for Solution for Injection / Infusion,PA0749/011/002,Teva Pharma B.V.,"J01CR Combinations of penicillins, incl. beta-lactamase inhibitors, J01CR02 amoxicillin and enzyme inhibitor",J01CR02,Pharmachemie B.V. | Laboratorio Reig Jofré S.A.,"Swensweg 5, 2031 GA Haarlem | C/ Jarama 111 Polígono Industrial, Toledo 45007, Toledo",Netherlands | Spain,https://assets.hpra.ie/products/Human/20867/4173dae7-5bc7-4b05-b0a2-8cd5a0fdb3c0.pdf
28766,Syntocinon Ampoules 5 IU / ml solution for injection / infusion,PA2206/003/001,Alfasigma S.p.A,"H01BB Oxytocin and analogues, H01BB02 oxytocin",H01BB02,Alfasigma S.p.A.,"Via Pontina Km 30.400, 00071 – Pomezia (Rome)",Italy,https://assets.hpra.ie/products/Human/28766/7013ead2-66f3-4f6c-a20e-aabd891e58c4.pdf
41902,Esomeprazole Pinewood 40 mg hard gastro-resistant capsules,PA0281/276/002,Pinewood Laboratories Limited,A02BC05 esomeprazole,A02BC05,"LABORATORIOS LICONSA, S.A.","Avda. Miralcampo, Nº 7, Polígono Industrial Miralcampo
19200 Azuqueca de Henares (Guadalajara)",Spain,https://assets.hpra.ie/products/Human/41902/8a32e077-fc89-41a2-9fc6-6fa7d5bbf03d.pdf
41882,Esomeprazole Pinewood 20 mg hard gastro-resistant capsules,PA0281/276/001,Pinewood Laboratories Limited,A02BC05 esomeprazole,A02BC05,"LABORATORIOS LICONSA, S.A.","Avda. Miralcampo, Nº 7, Polígono Industrial Miralcampo
19200 Azuqueca de Henares (Guadalajara)",Spain,https://assets.hpra.ie/products/Human/41882/12a6174b-08cb-4385-b0c7-8171cc8081af.pdf
28879,Neo-Cytamen 1000 micrograms / ml Solution for Injection,PA1638/004/001,RPH Pharmaceuticals AB,"B03BA Vitamin B12 (cyanocobalamin and analogues), B03BA03 hydroxocobalamin",B03BA03,Biologici Italia Laboratories S.r.l.,"Via, Filippo Serpero 2 – 20060 Masate (MI)",Italy,https://assets.hpra.ie/products/Human/28879/cd4478a9-b646-484b-ab57-e4bdc16ce65c.pdf
38444,Plerixafor 20 mg / ml solution for injection,PA23250/001/001,MSN Labs Europe Limited,L03AX16 plerixafor,L03AX16,Pharmadox Healthcare Limited | MSN Labs Europe Limited,"KW20A Kordin Industrial Park, Paola, PLA3000 | KW20A Corradino Park, Paola, PLA3000",Malta | Malta,https://assets.hpra.ie/products/Human/38444/166419be-2ef1-46ca-9770-a2a8272a6936.pdf
24948,Ciprofloxacin 2 mg / ml Solution for infusion,PA1122/005/001,Noridem Enterprises Limited,"J01MA Fluoroquinolones, J01MA02 ciprofloxacin",J01MA02,DEMO S.A. PHARMACEUTICAL INDUSTRY,", 21st km National Road Athens-Lamia, 14568",Greece,https://assets.hpra.ie/products/Human/24948/7a440e83-c132-4fed-88b4-403285c9e58d.pdf
30208,Clarithromycin 500 mg film-coated tablets,PA2050/002/002,Sun Pharmaceutical Industries Europe B.V.,"J01FA Macrolides, J01FA09 clarithromycin",J01FA09,Terapia S.A. | Sun Pharmaceutical Industries Europe B.V.,"124 Fabricii Street, 400 632 Cluj-Napoca | Polarisavenue 87, 2132 JH, Hoofddorp",Romania | Netherlands,https://assets.hpra.ie/products/Human/30208/253e574a-91ed-431a-8f6c-b37538d2a11a.pdf
30207,Clarithromycin 250 mg film-coated tablets,PA2050/002/001,Sun Pharmaceutical Industries Europe B.V.,"J01FA Macrolides, J01FA09 clarithromycin",J01FA09,Terapia S.A. | Sun Pharmaceutical Industries Europe B.V.,"124 Fabricii Street, 400 632 Cluj-Napoca | Polarisavenue 87, 2132 JH, Hoofddorp",Romania | Netherlands,https://assets.hpra.ie/products/Human/30207/fccb3b4b-911c-4956-8705-743166a4c2c6.pdf
43347,Eptifibatide Jed 2 mg / ml solution for injection,PA23183/009/002,Jed Pharma Limited,B01AC16 eptifibatide,B01AC16,Quercus Labo,"Wijmenstraat 21p, 9030 Mariakerke",Belgium,https://assets.hpra.ie/products/Human/43347/682bf3dc-ea73-4377-baf3-bb1284ecdad8.pdf
43292,Eptifibatide Jed 0.75 mg / ml solution for infusion,PA23183/009/001,Jed Pharma Limited,B01AC16 eptifibatide,B01AC16,Quercus Labo,"Wijmenstraat 21p, 9030 Mariakerke",Belgium,https://assets.hpra.ie/products/Human/43292/62456b22-ab57-408f-b863-75d8c9d655b1.pdf
41352,Esomeprazole Jubilant 40 mg gastro-resistant tablets,PA1111/002/002,Jubilant Pharmaceuticals nv,A02BC05 esomeprazole,A02BC05,PSI supply nv,"Axxes Business Park, Guldensporenpark 22 – Block C, 9820 Merelbeke",Belgium,https://assets.hpra.ie/products/Human/41352/9fdd4dc1-fcfc-4315-b2a4-d6d07a2eb840.pdf
41312,Esomeprazole Jubilant 20 mg gastro-resistant tablets,PA1111/002/001,Jubilant Pharmaceuticals nv,A02BC05 esomeprazole,A02BC05,PSI supply nv,"Axxes Business Park, Guldensporenpark 22 – Block C, 9820 Merelbeke",Belgium,https://assets.hpra.ie/products/Human/41312/60abd327-f4e0-4121-9a8b-13c438ccddbc.pdf
41814,Zovirax 200 mg / 5 mL Oral Suspension,PPA1463/199/003,"IMED Healthcare Ltd.,","J05AB Nucleosides and nucleotides excl. reverse transcriptase inhibitors, J05AB01 aciclovir",J05AB01,Aspen Bad Oldesloe GmbH,"Industriestraße 32-36, 23843 Bad Oldesloe",Germany,https://assets.hpra.ie/products/Human/41814/ce6e9302-e54b-40e8-a9db-a047a05a3034.pdf
41148,Esomeprazole Pinewood 40 mg gastro-resistant tablets,PA0281/273/002,Pinewood Laboratories Limited,A02BC05 esomeprazole,A02BC05,"LABORATORIOS LICONSA, S.A.","Avda. Miralcampo, N°7, Polígono Industrial Miralcampo
19200 Azuqueca de Henares (Guadalajara)",Spain ,https://assets.hpra.ie/products/Human/41148/3fbbbdd5-06d0-410c-9e6d-20e625d7ed8a.pdf
41090,Esomeprazole Pinewood 20 mg gastro-resistant tablets,PA0281/273/001,Pinewood Laboratories Limited,A02BC05 esomeprazole,A02BC05,"LABORATORIOS LICONSA, S.A.","Avda. Miralcampo, N°7, Polígono Industrial Miralcampo
19200 Azuqueca de Henares (Guadalajara)",Spain ,https://assets.hpra.ie/products/Human/41090/3b453d92-dbf5-4a4a-af5f-071d185cc24a.pdf
39410,Nexium 40 mg gastro-resistant tablets,PPA2306/025/002,Originalis B.V.,"A02BC Proton pump inhibitors, A02BC05 esomeprazole",A02BC05,AstraZeneca AB,"SE-151 85 Södertälje,",Sweden,https://assets.hpra.ie/products/Human/39410/326df86c-98ab-4174-a31f-90c9cfbd2141.pdf
39409,Nexium 20 mg gastro-resistant tablets,PPA2306/025/001,Originalis B.V.,"A02BC Proton pump inhibitors, A02BC05 esomeprazole",A02BC05,AstraZeneca AB,"SE-151 85 Södertälje,",Sweden,https://assets.hpra.ie/products/Human/39409/f831a5bc-2c8c-42d8-967f-654d179040cf.pdf
34100,Nexium 40 mg gastro-resistant tablets,PPA23080/003/002,Merit Pharmaceuticals Limited,A02BC05 esomeprazole,A02BC05,"AstraZeneca AB | Recipharm Monts | Grünenthal GmbH
","152-57, Södertälje | Monts | ZieglerstraBe 6, 52078 Aachen 
",Sweden |  France | Germany,https://assets.hpra.ie/products/Human/34100/f04dbce4-7477-422b-a4a4-893d43734092.pdf
31112,Zovirax 200 mg / 5 mL oral suspension,PPA0465/038/008,PCO Manufacturing Ltd.,J05AB01 aciclovir,J05AB01,Aspen Bad Oldesloe GmbH," Industriestrasse 32-36, 23843 Bad Oldesloe, G",Germany,https://assets.hpra.ie/products/Human/31112/9b28d2c3-6231-43f5-8b6a-8777f54fb933.pdf
34099,Nexium 20 mg gastro-resistant tablets,PPA23080/003/001,Merit Pharmaceuticals Limited,A02BC05 esomeprazole,A02BC05,"AstraZeneca AB | Recipharm Monts | Grünenthal GmbH
","152-57, Södertälje | Monts | ZieglerstraBe 6, 52078 Aachen 
",Sweden |  France | Germany,https://assets.hpra.ie/products/Human/34099/3f3ce0d3-58ec-4ea7-b37b-8f9c3ec6ca77.pdf
33212,Nexium 40 mg gastro-resistant tablets,PPA1463/002/002,"IMED Healthcare Ltd.,",A02BC05 esomeprazole,A02BC05,AstraZeneca AB | Grünenthal GmbH,"S-151 85, Södertälje | Zieglerstraβe 6, 52078
Aachen",Sweden |  Germany,https://assets.hpra.ie/products/Human/33212/d8796ee7-67aa-44e7-9b6f-2d7a6ce97a4c.pdf
33211,Nexium 20 mg gastro-resistant tablets,PPA1463/002/001,"IMED Healthcare Ltd.,",A02BC05 esomeprazole,A02BC05,AstraZeneca AB | Grünenthal GmbH,"S-151 85, Södertälje | Zieglerstraβe 6, 52078
Aachen",Sweden |  Germany,https://assets.hpra.ie/products/Human/33211/326eb8e7-2400-4d8c-a2e4-cbebcd60b3bc.pdf
30263,Esomeprazole 20 mg gastro-resistant tablets,PA22749/023/001,Brillpharma (Ireland) Limited,"A02BC Proton pump inhibitors, A02BC05 esomeprazole",A02BC05,Bristol Laboratories Limited | Bristol Laboratories Limited,"Unit 3, Canalside, Northbridge Road, Berkhamsted, Hertfordshire, HP4 1EG | Laporte Way, Luton, Bedfordshire, LU4 8WL",United Kingdom | United Kingdom,https://assets.hpra.ie/products/Human/30263/7ecdb9dc-a7a5-42c6-86fd-c903721751e8.pdf
29611,Aciclovir 200 mg / 5ml Oral Suspension,PA22697/001/001,Syri Pharma Limited t/a Thame Laboratories,"J05AB Nucleosides and nucleotides excl. reverse transcriptase inhibitors, J05AB01 aciclovir",J05AB01,Syri Limited t/a Thame Laboratories | Syri Limited t/a SyriMed | Pharmadox Healthcare Ltd. |  Delpharm Bladel B.V.,"Unit 4, Bradfield Road,
Ruislip, Middlesex,
HA4 0NU |
Unit 4, Bradfield Road,
Ruislip, Middlesex,
HA4 0NU | KW20A Kordin Industrial Park,
Paola PLA3000 |Industrieweg 1, 5531 AD,
Bladel,
",United Kingdom | United Kingdom | Malta | Netherlands,https://assets.hpra.ie/products/Human/29611/4a0453ed-4196-49cc-acf3-b6ca38b66416.pdf
29830,"Esomeprazole Aristo 40 mg gastro-resistant capsules, hard",PA1983/001/002,Aristo Pharma GmbH,"A02BC Proton pump inhibitors, A02BC05 esomeprazole",A02BC05,Medinsa (Laboratorios Medicamentos Internacionales S.A.),"c/ Solana, 26
28850 Torrejón de Ardoz (Madrid)",Spain,https://assets.hpra.ie/products/Human/29830/506def50-7cda-4c7e-a603-c9324ab05df5.pdf
30476,"Octaplex 500 IU coagulation factor IX per vial, powder and solvent for solution for infusionHuman Prothrombin Complex",PA2219/005/001,Octapharma (IP),"B02BD Blood coagulation factors, B02BD01 coagulation factor IX, II, VII and X in combination",B02BD01,Octapharma Pharmazeutika Produktionsges.m.b.H. | Octapharma Lingolsheim S.A.S.,"Oberlaaer Str. 235
A-1100 Vienna | 72 Rue du Maréchal Foch
67380 Lingolsheim",Austria | France,https://assets.hpra.ie/products/Human/30476/13157358-e1f2-4037-a92d-ae4c7f0be027.pdf
29829,"Esomeprazole Aristo 20 mg gastro-resistant capsules, hard",PA1983/001/001,Aristo Pharma GmbH,"A02BC Proton pump inhibitors, A02BC05 esomeprazole",A02BC05,Medinsa (Laboratorios Medicamentos Internacionales S.A.),"c/ Solana, 26
28850 Torrejón de Ardoz (Madrid)",Spain,https://assets.hpra.ie/products/Human/29829/a50d990f-51da-4d9c-a365-218daae9c55f.pdf
26634,Esomeprazole Krka 20 mg hard gastro-resistant capsules,PA1347/017/001,"KRKA, d.d., Novo mesto","A02BC Proton pump inhibitors, A02BC05 esomeprazole",A02BC05,"KRKA, d.d. | TAD Pharma GmbH | Lek Pharmaceuticals d.d.","Novo mesto, Šmarješka cesta 6, 8501 Novo mesto | Heinz-Lohmann- Straße 5, 27472 Cuxhaven | Verovškova 57, 1526 Ljubljana",Slovenia | Germany | Slovenia,https://assets.hpra.ie/products/Human/26634/4a58e22c-a4f9-4034-9ce9-489c401f4821.pdf
25634,Esomeprazole 40 mg gastro-resistant tablets,PA22749/007/002,Brillpharma (Ireland) Limited,"A02BC Proton pump inhibitors, A02BC05 esomeprazole",A02BC05,Bristol Laboratories Ltd. | Bristol Laboratories Limited,"Unit 3, Canalside, Northbridge Road, Berkhamsted, Hertfordshire,HP4 1EG | Laporte Way, Luton bedfordshire, LU4 8WL",United Kingdom | United Kingdom,https://assets.hpra.ie/products/Human/25634/61f2601a-2f83-4ab8-b83b-fe6f4676ba13.pdf
26635,Esomeprazole Krka 40 mg hard gastro-resistant capsules,PA1347/017/002,"KRKA, d.d., Novo mesto","A02BC Proton pump inhibitors, A02BC05 esomeprazole",A02BC05,"KRKA, d.d. | TAD Pharma GmbH | Lek Pharmaceuticals d.d.","Novo mesto, Šmarješka cesta 6, 8501 Novo mesto | Heinz-Lohmann- Straße 5, 27472 Cuxhaven | Verovškova 57, 1526 Ljubljana",Slovenia | Germany | Slovenia,https://assets.hpra.ie/products/Human/26635/2a492f49-c272-4269-a413-a04ed02bc9aa.pdf
25633,Esomeprazole 20 mg gastro-resistant tablets,PA22749/007/001,Brillpharma (Ireland) Limited,"A02BC Proton pump inhibitors, A02BC05 esomeprazole",A02BC05,Bristol Laboratories Ltd. | Bristol Laboratories Limited,"Unit 3, Canalside,
Northbridge Road,
Berkhamsted, Hertfordshire,
HP4 1EG | Laporte Way,
Luton bedfordshire, LU4 8WL",United Kingdom | United Kingdom,https://assets.hpra.ie/products/Human/25633/f19c68e7-5502-49a0-9f19-4b3d325170c0.pdf
23642,Paracetamol Tablets 500 mg from the makers of Disprin,PA0979/022/001,Reckitt Benckiser Ireland Limited,"N02BE Anilides, N02BE01 paracetamol",N02BE01,Reckitt Benckiser Healthcare (UK) Ltd. | Clonmel Healthcare Ltd. | Sofarimex,"Dansom Lane,
Hull HU8 7DS | Waterford Road,
Clonmel,
Co. Tipperary | Av.das Indústrias,
Alto do Colaride/Agualva,
2735-213 Cacém",United Kingdom | Ireland | Portugal,https://assets.hpra.ie/products/Human/23642/9b11c451-c94a-4a30-9bff-d6fd5266b32e.pdf
23901,Nexium 40 mg gastro-resistant tablets,PA2242/013/003,Grunenthal Pharma Limited.,"A02BC Proton pump inhibitors, A02BC05 esomeprazole",A02BC05,AstraZeneca AB | Grünenthal GmbH,"152-57, Södertälje, Sweden; Recipharm Monts, Monts | Zieglerstraße 6, 52078 Aachen",France | Germany,https://assets.hpra.ie/products/Human/23901/b8dc3d68-06b1-4635-a103-fd744bfc1a87.pdf
23900,Nexium 20 mg gastro-resistant tablets,PA2242/013/002,Grunenthal Pharma Limited.,"A02BC Proton pump inhibitors, A02BC05 esomeprazole",A02BC05,AstraZeneca AB | Grünenthal GmbH,"152-57, Södertälje, Sweden; Recipharm Monts, Monts | Zieglerstraße 6, 52078 Aachen",France | Germany,https://assets.hpra.ie/products/Human/23900/a0ee4125-795a-4b4a-8943-01e71b0fcfd5.pdf
20239,Emazole 40 mg gastro-resistant tablets,PA0711/158/002,"Rowex Limited,","A02BC Proton pump inhibitors, A02BC05 esomeprazole",A02BC05,Salutas Pharma GmbH | Lek Pharmaceuticals d.d. | Lek S.A. | S.C. Sandoz S.R.L.,"Otto-von-Guericke-Allee 1, 39179 Barleben | Verovškova 57, 1526 Ljubljana | ul. Domaniewska 50 C, 02-672 Warszawa | 4 and 7A Livezeni Street, 540472, Targu Mures, Mures County",Germany | Slovenia | Poland | Romania,https://assets.hpra.ie/products/Human/20239/a8c07d46-0d5b-428c-a134-b5472f92b401.pdf
20238,Emazole 20 mg gastro-resistant tablets,PA0711/158/001,"Rowex Limited,","A02BC Proton pump inhibitors, A02BC05 esomeprazole",A02BC05,Salutas Pharma GmbH | Lek Pharmaceuticals d.d. | Lek S.A. | S.C. Sandoz S.R.L.,"Otto-von-Guericke-Allee 1, 39179 Barleben | Verovškova 57, 1526 Ljubljana | ul. Domaniewska 50 C, 02-672 Warszawa | 4 and 7A Livezeni Street, 540472, Targu Mures, Mures County",Germany | Slovenia | Poland | Romania,https://assets.hpra.ie/products/Human/20238/fc24b26e-ffb3-48ac-9d15-32fa2d29a898.pdf
19729,Doxycycline Bluefish 100 mg Capsules,PA1436/030/001,Bluefish Pharmaceuticals AB,"J01AA Tetracyclines, J01AA02 doxycycline",J01AA02,Chanelle Medical Unlimited Company,"Loughrea, Co. Galway",Ireland,https://assets.hpra.ie/products/Human/19729/c3c690b2-b02d-4d96-a782-ec547434873f.pdf
19730,Doxycycline Pinewood 100 mg Capsules,PA0281/161/001,Pinewood Laboratories Limited,"J01AA Tetracyclines, J01AA02 doxycycline",J01AA02,"Chanelle Medical Unlimited Company, Loughrea, Co Galway, Ire",,Ireland,https://assets.hpra.ie/products/Human/19730/f02d9a40-449d-4ab9-a9db-3efa42970ae1.pdf
16514,Doxycycline Teva 100mg Hard Capsules,PA1986/081/001,Teva B.V.,"J01AA Tetracyclines, J01AA02 doxycycline",J01AA02,Teva Pharmaceutical Works Private Limited Company | Merckle GmbH,"Pallagi út 13,
4042 Debrecen | Ludwig-Merckle-Strasse 3,
D-89143 Blaubeuren",Hungary | Germany,https://assets.hpra.ie/products/Human/16514/2c5d1674-ebbd-4e15-8a5a-6f59c2dad9ba.pdf
16472,ESCADRA 40 mg hard gastro-resistant capsules,PA1347/123/002,"KRKA, d.d., Novo mesto","A02BC Proton pump inhibitors, A02BC05 esomeprazole",A02BC05,"KRKA, d.d.","Novo mesto, Šmarješka cesta 6, 8501 Novo mesto",Slovenia,https://assets.hpra.ie/products/Human/16472/bc7d6658-6f48-49e4-a666-465fb0efbe0c.pdf
16471,ESCADRA 20 mg hard gastro-resistant capsules,PA1347/123/001,"KRKA, d.d., Novo mesto","A02BC Proton pump inhibitors, A02BC05 esomeprazole",A02BC05,"KRKA, d.d.","Novo mesto, Šmarješka cesta 6, 8501 Novo mesto",Slovenia,https://assets.hpra.ie/products/Human/16471/66b3c604-a68a-4ab7-936b-dd1d6ec68d52.pdf
15140,"Esomeprazole Clonmel 40 mg gastro-resistant capsules, hard",PA0126/208/002,Clonmel Healthcare Ltd,"A02BC Proton pump inhibitors, A02BC05 esomeprazole",A02BC05,Ethypharm | Ethypharm | STADA Arzneimittel AG | Lamp San Prospero S.p.A. | DELPHARM REIMS | STADA Arzneimittel GmbH | STADA M&D SRL,"Z.I. de Saint-Arnoult, 28170 - Châteauneuf-en-Thymerais | Chemin de la Poudrière, 76120 - Grand-Quevilly | Stadastrasse 2-18, 61118 Bad Vilbel | Via della Pace, 25/A, 41030 San Prospero (Modena) | 10 rue Colonel Charbonneaux, 51100 Reims | Muthgasse 36, 1190 Wien | Str. Trascăului, nr 10, RO-401135, Turda",France | France | Germany | Italy | France | Austria | Romania,https://assets.hpra.ie/products/Human/15140/d773eb56-edfb-4059-9d72-230958cc15a1.pdf
15139,"Esomeprazole Clonmel 20 mg gastro-resistant capsules, hard",PA0126/208/001,Clonmel Healthcare Ltd,"A02BC Proton pump inhibitors, A02BC05 esomeprazole",A02BC05,Ethypharm | Ethypharm | STADA Arzneimittel AG | Lamp San Prospero S.p.A. | DELPHARM REIMS | STADA Arzneimittel GmbH | STADA M&D SRL,"Z.I. de Saint-Arnoult, 28170 - Châteauneuf-en-Thymerais | Chemin de la Poudrière, 76120 - Grand-Quevilly | Stadastrasse 2-18, 61118 Bad Vilbel | Via della Pace, 25/A, 41030 San Prospero (Modena) | 10 rue Colonel Charbonneaux, 51100 Reims | Muthgasse 36, 1190 Wien | Str. Trascăului, nr 10, RO-401135, Turda",France | France | Germany | Italy | France | Austria | Romania,https://assets.hpra.ie/products/Human/15139/324a128a-6189-41f0-8f47-55c1836bb9a6.pdf
20715,Bramitob 300mg / 4ml Nebuliser Solution,PA0584/007/001,Chiesi Farmaceutici S.p.A.,"J01GB Other aminoglycosides, J01GB01 tobramycin",J01GB01,"Chiesi Farmaceutici S.p.A. | Genetic
S.p.A.","96,Via S. Leonardo, 43122 Parma | Contrada Canfora, 84084 Fisciano",Italy | Italy,https://assets.hpra.ie/products/Human/20715/314c7bc6-8162-4309-a6a5-3f9aff21066c.pdf
29528,Amoxicillin Centrient 500 mg hard capsules,PA1832/001/002,Centrient Pharmaceuticals Netherlands B.V,"J01CA Penicillins with extended spectrum, J01CA04 amoxicillin",J01CA04,Gaelic Laboratories Limited | HAUPT Pharma Latina S.r.L.,"Unit 2, Waterford Road,
Clonmel, E91 A364 | Strada Statale 156 Monti Lepini Km. 47,600
04100 Borgo S. Michele (Latina)",Ireland | Italy,https://assets.hpra.ie/products/Human/29528/41089d8f-6ec9-45a0-b928-cd2885a4e618.pdf
19893,Tamox 10 mg Film-coated tablets,PA0711/022/001,"Rowex Limited,","L02BA Anti-estrogens, L02BA01 tamoxifen",L02BA01,Rowa Pharmaceuticals Ltd. | Salutas Pharma GmbH,"Bantry, Co. Cork | Otto-von-Guericke Allee 1, 39179 Barleben",Ireland | Germany,https://assets.hpra.ie/products/Human/19893/23704c30-f07a-4d12-b15e-c2b5730fe9ac.pdf
19894,Tamox 20 mg film-coated tablets,PA0711/022/002,"Rowex Limited,","L02BA Anti-estrogens, L02BA01 tamoxifen",L02BA01,Rowa Pharmaceuticals Ltd. | Salutas Pharma GmbH,"Bantry, Co. Cork | Otto-von-Guericke Allee 1, 39179 Barleben",Ireland | Germany,https://assets.hpra.ie/products/Human/19894/f83cbd98-9f70-40ed-b81b-b2690c2128bc.pdf
21951,Solu-Cortef Powder for Solution for Injection or Infusion 100mg,PA0822/137/001,Pfizer Healthcare Ireland Unlimited Company,"H02AB Glucocorticoids, H02AB09 hydrocortisone",H02AB09,Pharmacia NV/SA ,"Rijksweg 12, B-2870, Puurs",Belgium,https://assets.hpra.ie/products/Human/21951/1de3d095-e21d-400a-94ad-31a3b6579e81.pdf
20102,Piperin 4 g / 0.5 g Powder for Solution for Infusion,PA0711/113/002,"Rowex Limited,","J01CR Combinations of penicillins, incl. beta-lactamase inhibitors, J01CR05 piperacillin and enzyme inhibitor",J01CR05,Sandoz GmbH.,"Biochemiestrasse 10, 6250 Kundl",Austria,https://assets.hpra.ie/products/Human/20102/a814000d-ae51-4f7e-acb6-922644f91e0e.pdf
18496,Ionolyte solution for infusion,PA2059/042/001,Fresenius Kabi Deutschland GmbH,"B05BB Solutions affecting the electrolyte balance, B05BB01 electrolytes",B05BB01,Fresenius Kabi Deutschland GmbH | Fresenius Kabi France,"Freseniusstraße, 61169 Friedberg | 6, rue du rempart, F - 27400 Louviers",Germany | France,https://assets.hpra.ie/products/Human/18496/88e56528-28c3-43da-91bd-fdc0c9ee07e2.pdf
30594,Deximune 50 mg soft capsules,PA2261/001/002,Dexcel Pharma GmbH,"L04AD Calcineurin inhibitors, L04AD01 ciclosporin",L04AD01,Dexcel® Pharma GmbH,"Carl-Zeiss-Straße 2, 63755 Alzenau",Germany,https://assets.hpra.ie/products/Human/30594/42ebfdd8-d430-4005-80fb-d036255b2674.pdf
30595,Deximune 100 mg  Soft Capsules,PA2261/001/003,Dexcel Pharma GmbH,"L04AD Calcineurin inhibitors, L04AD01 ciclosporin",L04AD01,Dexcel® Pharma GmbH,"Carl-Zeiss-Straße 2, 63755 Alzenau",Germany,https://assets.hpra.ie/products/Human/30595/3c6459da-0bd4-4275-b248-02d3eaa6cea2.pdf
30593,Deximune 25 mg Soft Capsules,PA2261/001/001,Dexcel Pharma GmbH,"L04AD Calcineurin inhibitors, L04AD01 ciclosporin",L04AD01,Dexcel® Pharma GmbH,"Carl-Zeiss-Straße 2, 63755 Alzenau",Germany,https://assets.hpra.ie/products/Human/30593/41b7c2bb-f011-4b4f-9e81-8d0f4f019f75.pdf
26287,Efudix 5 % w / w Cream,PA23355/026/001,Viatris Healthcare Limited,"L01BC Pyrimidine analogues, L01BC02 fluorouracil",L01BC02,ICN Polfa Rzeszów S.A.,"ul. Przemysłowa 2, 35-105 Rzeszów",Poland,https://assets.hpra.ie/products/Human/26287/df51ea98-4781-475a-b1d8-a37a045529ee.pdf
37740,Doxycycline 50 mg hard capsules,PA1418/010/001,Athlone Pharmaceuticals Limited,J01AA02 doxycycline,J01AA02,Athlone Pharmaceuticals Limited,"Maple House,
South County Business Park,
Dublin 18",Ireland,https://assets.hpra.ie/products/Human/37740/452bd36b-f2b9-4be9-94bb-c55c742cf74e.pdf
24942,Paracetamol Banner 500 mg soft capsules,PA1121/003/001,Banner Pharmacaps Europe B.V.,"N02BE Anilides, N02BE01 paracetamol",N02BE01,Patheon Softgels B.V.,"De Posthoornstraat 7
5048 AS Tilburg",Netherlands,https://assets.hpra.ie/products/Human/24942/aa70fceb-8003-4209-861a-55e1cb4c15e8.pdf
24461,"Havrix Junior Monodose Vaccine. Hepatitis A Vaccine (Inactivated, Adsorbed). 720 ELISA units /  0.5ml Suspension for injection in a pre-filled syringe",PA1077/026/001,GlaxoSmithKline (Ireland) Limited,"J07BC Hepatitis vaccines, J07BC02 hepatitis A, inactivated, whole virus",J07BC02,GlaxoSmithKline Biologicals,"89, rue de l’Institut, 1330 Rixensart",Belgium,https://assets.hpra.ie/products/Human/24461/48aad7e8-3ad4-40dc-9df2-669aa13e3bec.pdf
20638,Paracetamol 10mg / ml solution for infusion,PA0736/035/001,B. Braun Melsungen AG,"N02BE Anilides, N02BE01 paracetamol",N02BE01,B. Braun Medical SA,"Carretera de Terrassa 121
08191 Rubí (Barcelona)",Spain,https://assets.hpra.ie/products/Human/20638/c8a8a626-0816-4c1d-941f-f62b66c0e37f.pdf
42752,Diazepam Macure 5 mg / ml emulsion for injection,PA23199/003/001,Macure Pharma ApS,N05BA01 diazepam,N05BA01,B. Braun Melsungen AG,"Mistelweg 2
12357 Berlin",Germany,https://assets.hpra.ie/products/Human/42752/8c11015a-4b8e-4f31-a213-80d9bbbdadcf.pdf
30271,"Fomepizole SERB 5 mg / mL, concentrate for solution for infusion.",PA20595/001/001,SERB S.A.,"V03AB Antidotes, V03AB34 fomepizole",V03AB34,"Etablissement Pharmaceutique de l’AP-HP
(Assistance Publique-Hôpitaux de Paris) AGEPS | CENEXI","7, rue du Fer à Moulin - BP 09
75221 PARIS Cedex 05 | 52 rue Marcel et Jacques Gaucher
94120 Fontenay-sous-Bois",France | France,https://assets.hpra.ie/products/Human/30271/5bde4a26-412f-4300-876e-874856eea961.pdf
43463,Ceftriaxone 1g powder for solution for injection / infusion,PA1122/054/001,Noridem Enterprises Limited,J01DD04 ceftriaxone,J01DD04,DEMO S.A. PHARMACEUTICAL INDUSTRY,"21st Km National Road Athens–Lamia,
14568 Krioneri, Attiki",Greece,https://assets.hpra.ie/products/Human/43463/531c5cb9-28e6-4eb7-8f66-78e21c787efd.pdf
30223,Adenosine 3 mg / ml solution for injection in pre-filled syringe,PA2059/004/001,Fresenius Kabi Deutschland GmbH,"C01EB Other cardiac preparations, C01EB10 adenosine",C01EB10,Fresenius Kabi Austria GmbH,"Hafnerstrasse 36,
8055 Graz",Austria,https://assets.hpra.ie/products/Human/30223/72be6904-7d38-4348-be23-0fe672bb1c7c.pdf
28452,Crystapen 600 mg Powder for Solution for Injection or Infusion,PA0126/313/001,Clonmel Healthcare Ltd,"J01CE Beta-lactamase sensitive penicillins, J01CE01 benzylpenicillin",J01CE01,Sandoz GmbH | Genus Pharmaceuticals,"A-6250 Kundl, Tirol | Linthwaite, Huddersfield, HD? 5QH",Austria | United Kingdom,https://assets.hpra.ie/products/Human/28452/0ca4d2ae-2d7a-42bc-9a46-2fd595a3755f.pdf
28720,Puri-Nethol 50 mg Tablets,PA1691/009/001,Aspen Pharma Trading Limited,"L01BB Purine analogues, L01BB02 mercaptopurine",L01BB02,EXCELLA GmbH & Co. KG | Aspen Bad Oldesloe GmbH,"Nürnberger Strasse 12, 90537 Feucht | Industriestrasse 32-36, 23843 Bad Oldesloe",Germany | Germany,https://assets.hpra.ie/products/Human/28720/561bb71e-486c-49c6-a3b3-ed86f9d7aeae.pdf
28232,Cefuroxime Aurobindo 500mg Film-coated tablets,PA1445/022/002,Aurobindo Pharma (Malta) Limited,J01DC02 cefuroxime,J01DC02,APL Swift Services (Malta) Limited,"HF26, Hal Far Industrial Estate, Hal Far, Birzebbugia, BBG 3000",Malta,https://assets.hpra.ie/products/Human/28232/de11afae-66d2-422d-b531-38754fb2013d.pdf
28231,Cefuroxime Aurobindo 250mg Film-coated tablets,PA1445/022/001,Aurobindo Pharma (Malta) Limited,J01DC02 cefuroxime,J01DC02,APL Swift Services (Malta) Limited,"HF26, Hal Far Industrial Estate, Hal Far, Birzebbugia, BBG 3000",Malta,https://assets.hpra.ie/products/Human/28231/1f02b9d0-fefa-42ce-9dfc-688030b48ca3.pdf
20072,Ceftal 500 mg Coated Tablets,PA0711/101/003,"Rowex Limited,","J01DC Second-generation cephalosporins, J01DC02 cefuroxime",J01DC02,Sandoz GmbH,"Biochemiestrasse 10, 6250 Kundl",Austria,https://assets.hpra.ie/products/Human/20072/9b78e72b-5a07-41ec-9cf7-db7300008432.pdf
20071,Ceftal 250mg coated tablets,PA0711/101/002,"Rowex Limited,","J01DC Second-generation cephalosporins, J01DC02 cefuroxime",J01DC02,Sandoz GmbH,"Biochemiestrasse 10, 6250 Kundl",Austria,https://assets.hpra.ie/products/Human/20071/0f41acfc-7ee2-42d1-82ff-20e489c0f677.pdf
21645,Epanutin Infatabs 50mg Chewable Tablets,PA23355/050/005,Viatris Healthcare Limited,"N03AB Hydantoin derivatives, N03AB02 phenytoin",N03AB02,Viatris International Supply Point | Mylan Hungary Kft.,"Terhulpsesteenweg 6a
Hoeilaart, 1560 | Mylan utca 1, Komárom 2900 ",Belgium | Hungary,https://assets.hpra.ie/products/Human/21645/5c8b32e0-2a18-4d72-be7e-84553b966c8f.pdf
27883,"Gamunex 10%, 100 mg / ml, solution for infusion",PA1405/001/001,Grifols Deutschland GmbH,"J06BA Immunoglobulins, normal human, J06BA02 immunoglobulins, normal human, for intravascular adm.",J06BA02,Instituto Grifols S.A.,"Can Guasc 2, Parets del Vallès
08150 Barcelona",Spain,https://assets.hpra.ie/products/Human/27883/137c064e-5821-4b3d-91c0-dd574a7d61aa.pdf
22659,Tegretol 100mg / 5ml Oral Suspension,PA0896/030/001,Novartis Ireland Limited,"N03AF Carboxamide derivatives, N03AF01 carbamazepine",N03AF01,Novartis Farmacéutica SA,"Gran Via de les Corts Catalanes, 764
08013 Barcelona",Spain,https://assets.hpra.ie/products/Human/22659/4df6b444-8dcb-4739-b25b-165cf0a06e17.pdf
29210,"Diprivan 1% w / v emulsion for injection or infusion, pre-filled syringe",PA1691/022/001,Aspen Pharma Trading Limited,"N01AX Other general anesthetics, N01AX10 propofol",N01AX10,Cordon Pharma S.P.A,"Viale dell'Industria 3, 20867 Caponago",Italy,https://assets.hpra.ie/products/Human/29210/46461108-39a1-44e3-ba21-72cea2b097a8.pdf
40371,Cyclophosphamide Seacross 500 mg powder for solution for injection / infusion,PA22766/013/002,Seacross Pharma (Europe) Limited,L01AA01 cyclophosphamide,L01AA01,Seacross Pharma (Europe) Ltd.,"POD 13, The Old Station House, 15A Main Street, Blackrock, Dublin, A94 T8P8",Ireland,https://assets.hpra.ie/products/Human/40371/b278d511-e693-4749-b62d-5d9a38ed1afc.pdf
40373,Cyclophosphamide Seacross 2000 mg powder for solution for injection / infusion,PA22766/013/004,Seacross Pharma (Europe) Limited,L01AA01 cyclophosphamide,L01AA01,Seacross Pharma (Europe) Ltd.,"POD 13, The Old Station House, 15A Main Street, Blackrock, Dublin, A94 T8P8",Ireland,https://assets.hpra.ie/products/Human/40373/c2474dc0-b1fa-47c3-862b-9c3f1440fda4.pdf
29621,Rocuronium Bromide 10 mg / ml solution for Injection / Infusion,PA1862/001/001,Ibigen Srl,"M03AC Other quaternary ammonium compounds, M03AC09 rocuronium bromide",M03AC09,Solupharm Pharmazeutische Erzeugnisse GmbH,"Industriestrasse 3,
34212 Melsungen",Germany,https://assets.hpra.ie/products/Human/29621/dad55b08-a02c-41ec-b499-6e36f751668d.pdf
36357,Paracetamol 10 mg / ml solution for infusion,PA2299/049/001,Baxter Holding B.V.,N02BE01 paracetamol,N02BE01,Bieffe Medital S.P.A,"Via Nuova Provinciale, 23034-Grosotto (SO)",Italy,https://assets.hpra.ie/products/Human/36357/13a4f073-097f-4410-aa54-44387705ca92.pdf
24448,"Boostrix suspension for injection in pre-filled syringe Diphtheria, tetanus and pertussis (acellular, component) vaccine (adsorbed, reduced antigen(s) content)",PA1077/020/001,GlaxoSmithKline (Ireland) Limited,"J07AJ52 pertussis, purified antigen, combinations with toxoids",J07AJ52,GlaxoSmithKline Biologicals s.a.,"Rue de l’Institut 89, B-1330 Rixensart",Belgium,https://assets.hpra.ie/products/Human/24448/5f91aa7f-ba8e-45a2-b8ab-d185fd6a02e1.pdf
24680,"IPV Infanrix suspension for injection in pre-filled syringe Diphtheria, tetanus, pertussis (acellular, component) and poliomyelitis (inactivated) vaccine (adsorbed)",PA1077/108/001,GlaxoSmithKline (Ireland) Limited,J07CA02 diphtheria-pertussis-poliomyelitis-tetanus,J07CA02,GlaxoSmithKline S.A.,"89, rue de l’Institute - 1330 Rixensart",Belgium,https://assets.hpra.ie/products/Human/24680/2def18d2-d2a5-4c58-8cdc-6cff3a93d7f8.pdf
24656,"IPV-Boostrix– Suspension for injection in a pre-filled syringeDiphtheria, tetanus, pertussis (acellular, component) and poliomyelitis (inactivated) vaccine (adsorbed, reduced antigen(s) content)",PA1077/101/001,GlaxoSmithKline (Ireland) Limited,J07CA02 diphtheria-pertussis-poliomyelitis-tetanus,J07CA02,GlaxoSmithKline Biologicals S.A.,"Rue de l’Institut 89, 1330 Rixensart",Belgium,https://assets.hpra.ie/products/Human/24656/e19f3942-be24-4203-ab00-85a6d2623786.pdf
22080,Cytarabine 100 mg / ml Solution for Injection,PA0822/200/002,Pfizer Healthcare Ireland Unlimited Company,"L01BC Pyrimidine analogues, L01BC01 cytarabine",L01BC01,Pfizer Service Company BV,"Hermeslaan 11, 1932 Zaventem",Belgium,https://assets.hpra.ie/products/Human/22080/859e9ffe-c2d7-4b88-854e-080dea87c94d.pdf
38722,Dabigatran etexilate Rowa 150 mg hard capsules,PA0074/095/002,"Rowa Pharmaceuticals Limited,",B01AE07 dabigatran etexilate,B01AE07,"Laboratorios Liconsa, S.A.","Avda. Miralcampo, Nº 7,
Polígono Industrial Miralcampo
19200 Azuqueca de Henares
Guadalajara",Spain,https://assets.hpra.ie/products/Human/38722/021bba14-f5ce-4d60-80a1-7a4fe46986ed.pdf
38680,Dabigatran etexilate Rowa 110 mg hard capsules,PA0074/095/001,"Rowa Pharmaceuticals Limited,",B01AE07 dabigatran etexilate,B01AE07,"Laboratorios Liconsa, S.A.","Avda. Miralcampo, Nº 7,
Polígono Industrial Miralcampo
19200 Azuqueca de Henares
Guadalajara",Spain,https://assets.hpra.ie/products/Human/38680/c38426a0-f330-4065-b3c7-89b5a9707898.pdf
22079,Cytarabine 20 mg / ml Solution for Injection or Infusion,PA0822/200/001,Pfizer Healthcare Ireland Unlimited Company,"L01BC Pyrimidine analogues, L01BC01 cytarabine",L01BC01,Pfizer Service Company BV,Hermeslaan 11 1932 Zaventem,Belgium,https://assets.hpra.ie/products/Human/22079/09f76fdd-4f92-4fec-aede-30e3f1c24ebb.pdf
27678,Methofill 30 mg solution for injection in pre-filled injector,PA2315/060/011,Accord Healthcare Ireland Ltd.,"L01BA Folic acid analogues, L01BA01 methotrexate",L01BA01,Accord Healthcare Polska Sp.z o.o.,"ul. Lutomierska 50, 95-200 Pabianice",Poland,https://assets.hpra.ie/products/Human/27678/76ae380c-ad71-4da4-a43c-f853a8f74d1e.pdf
27677,Methofill 27.5 mg solution for injection in pre-filled injector,PA2315/060/010,Accord Healthcare Ireland Ltd.,"L01BA Folic acid analogues, L01BA01 methotrexate",L01BA01,Accord Healthcare Polska Sp.z o.o.,"ul. Lutomierska 50, 95-200 Pabianice",Poland,https://assets.hpra.ie/products/Human/27677/2e08dab2-42f5-4327-afc3-b74ca07f567c.pdf
27713,Methotrexate 10 mg tablets,PA2315/062/002,Accord Healthcare Ireland Ltd.,L04AX03 methotrexate,L04AX03,Accord Healthcare B.V. | Accord Healthcare Polska Sp.z o.o.,"Winthontlaan 200,
3526 KV Utrecht | ul. Lutomierska 50,95-200 Pabianice",Netherlands | Poland,https://assets.hpra.ie/products/Human/27713/3cdd3ea6-0479-4255-81dc-ee523bbafca0.pdf
27712,Methotrexate 2.5 mg tablets,PA2315/062/001,Accord Healthcare Ireland Ltd.,L04AX03 methotrexate,L04AX03,Accord Healthcare B.V. | Accord Healthcare Polska Sp.z o.o.,"Winthontlaan 200,
3526 KV Utrecht | ul. Lutomierska 50,95-200 Pabianice",Netherlands | Poland,https://assets.hpra.ie/products/Human/27712/3c64adde-1528-4c22-bf3d-c27023bab0ed.pdf
27676,Methofill 25 mg solution for injection in pre-filled injector,PA2315/060/009,Accord Healthcare Ireland Ltd.,"L01BA Folic acid analogues, L01BA01 methotrexate",L01BA01,Accord Healthcare Polska Sp.z o.o.,"ul. Lutomierska 50, 95-200 Pabianice",Poland,https://assets.hpra.ie/products/Human/27676/be45995e-2b11-4c63-91ac-06e506826e46.pdf
27675,Methofill 22.5 mg solution for injection in pre-filled injector,PA2315/060/008,Accord Healthcare Ireland Ltd.,"L01BA Folic acid analogues, L01BA01 methotrexate",L01BA01,Accord Healthcare Polska Sp.z o.o.,"ul. Lutomierska 50, 95-200 Pabianice",Poland,https://assets.hpra.ie/products/Human/27675/646ef59d-a666-480e-8f3c-c2418afecc22.pdf
27672,Methofill 15 mg solution for injection in pre-filled injector,PA2315/060/005,Accord Healthcare Ireland Ltd.,"L01BA Folic acid analogues, L01BA01 methotrexate",L01BA01,Accord Healthcare Polska Sp.z o.o.,"ul. Lutomierska 50, 95-200 Pabianice",Poland,https://assets.hpra.ie/products/Human/27672/b8d7ce79-d7ad-4f1e-b3a8-2952f7b46953.pdf
27674,Methofill 20 mg solution for injection in pre-filled injector,PA2315/060/007,Accord Healthcare Ireland Ltd.,"L01BA Folic acid analogues, L01BA01 methotrexate",L01BA01,Accord Healthcare Polska Sp.z o.o.,"ul. Lutomierska 50, 95-200 Pabianice",Poland,https://assets.hpra.ie/products/Human/27674/4ea45108-9d4f-4017-87e7-fa8935967fd8.pdf
27673,Methofill 17.5 mg solution for injection in pre-filled injector,PA2315/060/006,Accord Healthcare Ireland Ltd.,"L01BA Folic acid analogues, L01BA01 methotrexate",L01BA01,Accord Healthcare Polska Sp.z o.o.,"ul. Lutomierska 50, 95-200 Pabianice",Poland,https://assets.hpra.ie/products/Human/27673/948d6130-d887-4281-968c-4d53aaeb60b2.pdf
27670,Methofill 10 mg solution for injection in pre-filled injector,PA2315/060/003,Accord Healthcare Ireland Ltd.,"L01BA Folic acid analogues, L01BA01 methotrexate",L01BA01,Accord Healthcare Polska Sp.z o.o.,"ul. Lutomierska 50, 95-200 Pabianice",Poland,https://assets.hpra.ie/products/Human/27670/9e25e0f7-97f2-4d98-9cb2-ff254bcf8e77.pdf
27671,Methofill 12.5 mg solution for injection in pre-filled injector,PA2315/060/004,Accord Healthcare Ireland Ltd.,"L01BA Folic acid analogues, L01BA01 methotrexate",L01BA01,Accord Healthcare Polska Sp.z o.o.,"ul. Lutomierska 50, 95-200 Pabianice",Poland,https://assets.hpra.ie/products/Human/27671/32ccea3a-417f-4909-b082-173028d66af2.pdf
27669,Methofill 7.5 mg solution for injection in pre-filled injector,PA2315/060/002,Accord Healthcare Ireland Ltd.,"L01BA Folic acid analogues, L01BA01 methotrexate",L01BA01,Accord Healthcare Polska Sp.z o.o.,"ul. Lutomierska 50, 95-200 Pabianice",Poland,https://assets.hpra.ie/products/Human/27669/24293289-cdf0-429d-b4f1-5036e89d2ed2.pdf
27628,Methotrexate 100 mg / ml concentrate for solution for infusion,PA2315/061/002,Accord Healthcare Ireland Ltd.,"L01BA Folic acid analogues, L01BA01 methotrexate",L01BA01,Accord Healthcare B.V. | Accord Healthcare Polska Sp.z o.o.,"Winthontlaan 200,
3526 KV Utrecht | ul. Lutomierska 50,95-200 Pabianice",Netherlands | Poland,https://assets.hpra.ie/products/Human/27628/15e757c0-4c29-4326-bde6-c14aa2a819b7.pdf
27627,Methotrexate 25 mg / ml Solution for Injection,PA2315/061/001,Accord Healthcare Ireland Ltd.,"L01BA Folic acid analogues, L01BA01 methotrexate",L01BA01,Accord Healthcare B.V. | Accord Healthcare Polska Sp.z o.o.,"Winthontlaan 200,
3526 KV Utrecht | ul. Lutomierska 50,95-200 Pabianice",Netherlands | Poland,https://assets.hpra.ie/products/Human/27627/4cbb784e-1a37-40fe-97f8-8689316ae82d.pdf
27668,Methofill 50 mg / mL solution for injection in pre-filled syringe,PA2315/060/001,Accord Healthcare Ireland Ltd.,"L04AX Other immunosuppressants, L04AX03 methotrexate",L04AX03,Accord Healthcare Polska Sp.z o.o.,"ul. Lutomierska 50, 95-200 Pabianice",Poland,https://assets.hpra.ie/products/Human/27668/29a4dd62-6a0e-4b3c-b701-a2321e0c0801.pdf
26329,Methotrexate 10 mg tablets,PA23142/005/001,Aspire Pharma (Malta) Limited,"L04AX Other immunosuppressants, L04AX03 methotrexate",L04AX03,VITEMA S.A.,"Alba Iulia Highway 156
550052 Sibiu
Sibiu County",Romania,https://assets.hpra.ie/products/Human/26329/e07921c1-c5a6-4631-86ef-e7f016781d14.pdf
26330,Methotrexate 2.5mg tablets,PA23142/005/002,Aspire Pharma (Malta) Limited,"L04AX Other immunosuppressants, L04AX03 methotrexate",L04AX03,VITEMA S.A.,"Alba Iulia Highway 156
550052 Sibiu
Sibiu County",Romania,https://assets.hpra.ie/products/Human/26330/9af4ac78-2acb-409f-aad5-348ceebc1988.pdf
26173,Methotrexate Orion 10 mg tablets,PA1327/019/002,Orion Corporation,"L01BA Folic acid analogues, L01BA01 methotrexate, L04AX Other immunosuppressants, L04AX03 methotrexate","L01BA01, L04AX03",Orion Corporation Orion Pharma | Orion Corporation Orion Pharma,"Orionintie 1
FI-02200 Espoo | Tengströminkatu 8
FI-20360 Turku",Finland | Finland,https://assets.hpra.ie/products/Human/26173/38e6381b-d8f2-412b-813a-fd8368f65487.pdf
26172,Methotrexate Orion 2.5 mg tablets,PA1327/019/001,Orion Corporation,"L01BA Folic acid analogues, L01BA01 methotrexate, L04AX Other immunosuppressants, L04AX03 methotrexate","L01BA01, L04AX03",Orion Corporation Orion Pharma | Orion Corporation Orion Pharma,"Orionintie 1
FI-02200 Espoo | Tengströminkatu 8
FI-20360 Turku",Finland | Finland,https://assets.hpra.ie/products/Human/26172/96204271-dda7-4b17-a757-1b5398db9d14.pdf
22734,Methotrexate 2.5 mg Tablets,PA25562/001/001,Abcur AB,"L04AX Other immunosuppressants, L04AX03 methotrexate",L04AX03,Abcur AB,"Bergaliden 11, 252 23 Helsingborg",Sweden,https://assets.hpra.ie/products/Human/22734/9e3a8335-0b4b-4af8-a3c5-abc6beb31582.pdf
22091,Methotrexate 1 g / 10 ml Injection,PA0822/206/006,Pfizer Healthcare Ireland Unlimited Company,"L01BA Folic acid analogues, L01BA01 methotrexate",L01BA01,Pfizer Service Company BV,"Hoge Wei 10, Zaventem 1930",Belgium,https://assets.hpra.ie/products/Human/22091/cff77e84-6b41-4d08-96a4-1b55dc189a75.pdf
22086,Methotrexate 5 mg / 2 ml Injection,PA0822/206/001,Pfizer Healthcare Ireland Unlimited Company,"L01BA Folic acid analogues, L01BA01 methotrexate",L01BA01,Pfizer Service Company BV,"Hoge Wei 10, Zaventem 1930",Belgium,https://assets.hpra.ie/products/Human/22086/fb390667-5423-4f4d-8edb-f98ffc72e930.pdf
21394,Actilyse 20 mg powder and solvent for solution for injection and infusion,PA0775/011/002,Boehringer Ingelheim International GmbH,"B01AD Enzymes, B01AD02 alteplase",B01AD02,Boehringer Ingelheim Pharma GmbH & Co. KG | Boehringer Ingelheim France,"Birkendorfer Strasse 65
88397 Biberach/Riss | 100-104 avenue de France
75013 Paris",Germany | France,https://assets.hpra.ie/products/Human/21394/678000f2-68f9-4316-ba71-0fe74d824e99.pdf
21395,Actilyse 50 mg powder and solvent for solution for injection and infusion,PA0775/011/003,Boehringer Ingelheim International GmbH,"B01AD Enzymes, B01AD02 alteplase",B01AD02,Boehringer Ingelheim Pharma GmbH & Co. KG | Boehringer Ingelheim France,"Birkendorfer Strasse 65
88397 Biberach/Riss | 100-104 avenue de France
75013 Paris",Germany | France,https://assets.hpra.ie/products/Human/21395/572cce9b-70b5-4823-989d-c21a01f560cf.pdf
21393,Actilyse 10 mg powder and solvent for solution for injection and infusion,PA0775/011/001,Boehringer Ingelheim International GmbH,"B01AD Enzymes, B01AD02 alteplase",B01AD02,Boehringer Ingelheim Pharma GmbH & Co. KG | Boehringer Ingelheim France,"Birkendorfer Strasse 65
88397 Biberach/Riss | 100-104 avenue de France
75013 Paris",Germany | France,
16335,Flucillin – Flucloxacillin Capsules 250 mg,PA0281/031/004,Pinewood Laboratories Ltd,"J01CF Beta-lactamase resistant penicillins, J01CF05 flucloxacillin",J01CF05,Pinewood Laboratories Ltd.,"Ballymacarbry, Clonmel, Co. Tipperary",Ireland,https://assets.hpra.ie/products/Human/16335/5284e899-03ee-4b2b-b3b1-46860808a387.pdf
27605,Olanzapine Accord 2.5 mg film-coated tablets,PA2315/112/001,Accord Healthcare Ireland Ltd.,"N05AH Diazepines, oxazepines, thiazepines and oxepines, N05AH03 olanzapine",N05AH03,Accord Healthcare B.V. | Accord Healthcare Limited | Accord Healthcare Polska Sp.z o.o.,"Winthontlaan 200,
3526 KV Utrecht | Sage house, 319, Pinner Road, North Harrow, Middlesex HA1 4HF | ul. Lutomierska 50,95-200 Pabianice ",Netherlands | United Kingdom | Poland,https://assets.hpra.ie/products/Human/27605/acc03150-56de-4df3-a741-d171a28c6b0e.pdf
35015,Esomeprazole Tillomed 40 mg powder for solution for injection / infusion,PA2321/002/001,"Laboratorios Tillomed Spain, S.L.U.",A02BC05 esomeprazole,A02BC05,Tillomed Malta Limited,"Malta Life Sciences Park,
LS2.01.06 Industrial Estate,
San Gwann, SGN 3000",Malta,https://assets.hpra.ie/products/Human/35015/80bc832f-fd79-44c8-9751-6df5b2f166f4.pdf
30282,Hydrocortisone 20 mg Tablets,PA22865/003/002,Renata Pharmaceuticals (Ireland) Limited,"H02AB Glucocorticoids, H02AB09 hydrocortisone",H02AB09,ALTERNO LABS d.o.o.,"Brnčičeva ulica 29, Ljubljana-Črnuče, 1231",Slovenia,https://assets.hpra.ie/products/Human/30282/260e2517-cdc3-45f6-bc04-3a5fcd6720a0.pdf
38664,Clindamycin 150 mg / ml Solution for injection / infusion,PA1122/033/001,Noridem Enterprises Limited,J01FF01 clindamycin,J01FF01,DEMO S.A. PHARMACEUTICAL INDUSTRY,"21st Km National Road Athens–Lamia,
14568 Krioneri, Attiki",Greece,https://assets.hpra.ie/products/Human/38664/5ad0bb1d-6192-487d-8528-5c072f3c65a0.pdf
30281,Hydrocortisone 10 mg Tablets,PA22865/003/001,Renata Pharmaceuticals (Ireland) Limited,"H02AB Glucocorticoids, H02AB09 hydrocortisone",H02AB09,ALTERNO LABS d.o.o.,"Brnčičeva ulica 29, Ljubljana-Črnuče, 1231",Slovenia,https://assets.hpra.ie/products/Human/30281/84f2713b-f7a6-4080-a6b8-cf9205e54f9d.pdf
28088,Carboplatin 10 mg / ml concentrate for solution for infusion,PA2059/032/001,Fresenius Kabi Deutschland GmbH,"L01XA Platinum compounds, L01XA02 carboplatin",L01XA02,Fresenius Kabi Deutschland GmbH,"Pfingstweide 53
61169 Friedberg",Germany,https://assets.hpra.ie/products/Human/28088/d2b5f14f-e768-4888-ac36-39be9154752d.pdf
23019,"Normosang 25 mg / ml, concentrate for solution for infusion",PA0928/001/001,Recordati Rare Diseases,"B06AB Other hem products, B06AB01 hematin",B06AB01,Recordati Rare Diseases | Recordati Rare Diseases,"Immeuble “Le Wilson”, 70 avenue du Général de Gaulle, F-92800 Puteaux | Eco River Parc, 30, rue des Peupliers, F-92000 Nanterre",France | France,https://assets.hpra.ie/products/Human/23019/933aeffc-7dc7-47cd-8c80-eb6c712095c2.pdf
22101,Diflucan 200 mg hard capsules,PA0822/211/003,Pfizer Healthcare Ireland Unlimited Company,"J02AC Triazole derivatives, J02AC01 fluconazole",J02AC01,Fareva Amboise,"Zone Industrielle, 29 route des Industries, 37530 Pocé-sur-Cisse",France,https://assets.hpra.ie/products/Human/22101/9d78d9fe-7d30-4974-9a56-dc9b6f32a793.pdf
22100,Diflucan 150 mg hard capsules,PA0822/211/002,Pfizer Healthcare Ireland Unlimited Company,"J02AC Triazole derivatives, J02AC01 fluconazole",J02AC01,Fareva Amboise,"Zone Industrielle, 29 route des Industries, 37530 Pocé-sur-Cisse",France,https://assets.hpra.ie/products/Human/22100/7d6d32f0-72c8-462d-8d7e-720b29180e4a.pdf
22099,Diflucan 50 mg hard capsules,PA0822/211/001,Pfizer Healthcare Ireland Unlimited Company,"J02AC Triazole derivatives, J02AC01 fluconazole",J02AC01,Fareva Amboise,"Zone Industrielle, 29 route des Industries, 37530 Pocé-sur-Cisse",France,https://assets.hpra.ie/products/Human/22099/7f41f6cb-ee93-442b-b0d8-0145fa12e2f2.pdf
24960,Piperacillin / Tazobactam 4 g / 0.5 g powder for solution for infusion,PA1122/012/002,Noridem Enterprises Limited,"J01CR Combinations of penicillins, incl. beta-lactamase inhibitors, J01CR05 piperacillin and enzyme inhibitor",J01CR05,DEMO S.A. PHARMACEUTICAL INDUSTRY,"21st Km National Road Athens–Lamia,
14568 Krioneri, Attiki",Greece,
24959,Piperacillin / Tazobactam 2g / 0.25g powder for solution for infusion,PA1122/012/001,Noridem Enterprises Limited,"J01CR Combinations of penicillins, incl. beta-lactamase inhibitors, J01CR05 piperacillin and enzyme inhibitor",J01CR05,DEMO S.A. PHARMACEUTICAL INDUSTRY,"21st Km National Road Athens–Lamia,
14568 Krioneri, Attiki",Greece,https://assets.hpra.ie/products/Human/24959/3d9153b4-8c8e-439f-9c42-c38834c8ffcf.pdf
22084,Glyceryl Trinitrate 5 mg / ml Sterile Concentrate,PA0822/204/001,Pfizer Healthcare Ireland Unlimited Company,"C01DA Organic nitrates, C01DA02 glyceryl trinitrate",C01DA02,Pfizer Service Company BV | Siegfried Hameln GmbH,"Hoge Wei 10, 1930 Zaventem | Langes Feld 13, 31789 Hameln",Belgium | Germany,https://assets.hpra.ie/products/Human/22084/9a294906-4f28-41eb-be31-2b69524a8922.pdf
25502,Vancomycin 500 mg Powder for concentrate for solution for infusion,PA1217/009/001,Hikma Farmacêutica (Portugal) S.A.,"J01XA Glycopeptide antibacterials, J01XA01 vancomycin",J01XA01,Hikma Italia S.pA. | Hikma Farmacêutica (Portugal) S.A.,"Viale Certosa, 10, 27100 Pavia | Estrada do Rio da Mó n.º 8, 8A e 8B – Fervença, 2705-906 Terrugem SNT",Italy | Portugal,https://assets.hpra.ie/products/Human/25502/e9887018-44af-4f37-8aa5-0d6307643f4a.pdf
19328,"Dacarbazine medac 500 mg, powder for solution for infusion",PA0623/003/003,medac Gesellschaft für klinische Spezialpräparate mbH,"L01AX Other alkylating agents, L01AX04 dacarbazine",L01AX04,"medac
Gesellschaft für klinische
Spezialpräparate mbH","Theaterstr. 6
22880 Wedel",Germany,https://assets.hpra.ie/products/Human/19328/49867d76-ba01-4816-9dbc-1c53bb119cd2.pdf
19329,"Dacarbazine medac 1000 mg, powder for solution for infusion",PA0623/003/004,medac Gesellschaft für klinische Spezialpräparate mbH,"L01AX Other alkylating agents, L01AX04 dacarbazine",L01AX04,"medac
Gesellschaft für klinische
Spezialpräparate mbH","Theaterstr. 6
22880 Wedel",Germany,https://assets.hpra.ie/products/Human/19329/fa4d2ea5-ad37-420d-868d-4da500b49a80.pdf
19327,"Dacarbazine medac 200 mg, powder for solution for injection / infusion",PA0623/003/002,medac Gesellschaft für klinische Spezialpräparate mbH,"L01AX Other alkylating agents, L01AX04 dacarbazine",L01AX04,"medac
Gesellschaft für klinische
Spezialpräparate mbH","Theaterstr. 6
22880 Wedel",Germany,https://assets.hpra.ie/products/Human/19327/c9815415-014b-460e-bc45-cf2d02584912.pdf
21642,Epanutin 50 mg Hard Capsules,PA23355/050/002,Viatris Healthcare Limited,"N03AB Hydantoin derivatives, N03AB02 phenytoin",N03AB02,Pfizer Manufacturing Deutschland GmbH,"Mooswaldallee 1, 79108 Freiburg Im Breisgau",Germany,https://assets.hpra.ie/products/Human/21642/f389e0c1-498d-4768-a9f7-e1aa04478e5b.pdf
21641,Epanutin 25 mg Hard Capsules,PA23355/050/001,Viatris Healthcare Limited,"N03AB Hydantoin derivatives, N03AB02 phenytoin",N03AB02,Pfizer Manufacturing Deutschland GmbH,"Mooswaldallee 1, 79108 Freiburg Im Breisgau",Germany,https://assets.hpra.ie/products/Human/21641/a71b99f2-eb7e-4e8c-984c-842615c4e4ae.pdf
43513,FIBRYGA 2 g powder and solvent for solution for injection / infusion,PA2219/011/002,Octapharma (IP),"B02BB01 fibrinogen, human",B02BB01,Octapharma AB,"Lars Forssells gata 23, 112 75 Stockholm",Sweden,https://assets.hpra.ie/products/Human/43513/807bf123-04e1-4970-9211-879e82b00c74.pdf
21644,Epanutin 300 mg Hard Capsules,PA23355/050/004,Viatris Healthcare Limited,"N03AB Hydantoin derivatives, N03AB02 phenytoin",N03AB02,Pfizer Manufacturing Deutschland GmbH,"Mooswaldallee 1, 79108 Freiburg Im Breisgau",Germany,https://assets.hpra.ie/products/Human/21644/9004294b-69ba-4080-86e1-4f84091a2f2e.pdf
21646,Epanutin Ready Mixed Parenteral 250 mg / 5 ml Solution for Injection or Infusion,PA23355/050/006,Viatris Healthcare Limited,"N03AB Hydantoin derivatives, N03AB02 phenytoin",N03AB02,Pfizer Manufacturing Belgium NV,"Rijksweg 12, 2870 Puurs-Sint-Amands",Belgium,https://assets.hpra.ie/products/Human/21646/022d820a-87c3-4ec0-807d-4eafb59ab3a6.pdf
21647,Epanutin 30 mg / 5ml Oral Suspension,PA23355/050/007,Viatris Healthcare Limited,"N03AB Hydantoin derivatives, N03AB02 phenytoin",N03AB02,Delpharm Orleans,"5 Avenue de Concyr
45071 Orleans
Cedex 02",France,https://assets.hpra.ie/products/Human/21647/57e80d97-90ac-4a34-a2a8-45109493f5a9.pdf
21643,Epanutin 100 mg Hard Capsules,PA23355/050/003,Viatris Healthcare Limited,"N03AB Hydantoin derivatives, N03AB02 phenytoin",N03AB02,Pfizer Manufacturing Deutschland GmbH,"Mooswaldallee 1, 79108 Freiburg Im Breisgau",Germany,https://assets.hpra.ie/products/Human/21643/17b3c170-e7eb-431a-a27d-2e5162cfdfac.pdf
14343,Furosemide 50mg in 5ml Solution for Injection,PA0073/059/005,Mercury Pharmaceuticals (Ireland) Ltd,"C03CA Sulfonamides, plain, C03CA01 furosemide",C03CA01,Cenexi,"52, rue Marcel et Jacques, Gaucher, 94120 Fontenay-Sous-Bois",France,https://assets.hpra.ie/products/Human/14343/2db8f3fa-d90d-4fc0-ab88-c7b39fb1601e.pdf
14342,Furosemide 20mg in 2ml Solution for Injection,PA0073/059/004,Mercury Pharmaceuticals (Ireland) Ltd,"C03CA Sulfonamides, plain, C03CA01 furosemide",C03CA01,B. Braun Melsungen AG,"Mistelweg 2, 12357, Berlin",Germany,https://assets.hpra.ie/products/Human/14342/7b6fb582-d284-4ef5-b0df-607019687626.pdf
29933,Flecainide 100mg Tablets,PA1986/050/002,Teva B.V.,"C01BC Antiarrhythmics, class Ic, C01BC04 flecainide",C01BC04,McDermott Laboratories Ltd. t/a Gerard Laboratories | Generics [UK] Ltd | Mylan Hungary Kft,"35/36 Baldoyle Industrial Estate, Grange Road, Dublin 13 | Station Close, Potters Bar, Herts EN6 1TL | Mylan utca 1",Ireland | United Kingdom | Hungary,https://assets.hpra.ie/products/Human/29933/2934e749-af2a-4195-ab08-c1e3fec746a1.pdf
22102,Diflucan 2 mg / ml solution for infusion,PA0822/211/004,Pfizer Healthcare Ireland Unlimited Company,"J02AC Triazole derivatives, J02AC01 fluconazole",J02AC01,Fareva Amboise,"Zone Industrielle, 29 route des Industries, 37530 Pocé-sur-Cisse",France,https://assets.hpra.ie/products/Human/22102/98585219-a684-4d14-ac9a-d85d7100c979.pdf
23899,Nexium 10 mg granules for gastro-resistant oral suspension in sachet,PA2242/013/001,Grunenthal Pharma Limited.,"A02BC Proton pump inhibitors, A02BC05 esomeprazole",A02BC05,AstraZeneca AB | Grünenthal GmbH,"S-152 57 Södertälje | Zieglerstraße 6, 52078 Aachen",Sweden | Germany,https://assets.hpra.ie/products/Human/23899/6b6ed34a-7752-4252-af52-cdce61946adb.pdf
21903,Cyklokapron 100 mg / mL solution for injection / infusion,PA0822/117/001,Pfizer Healthcare Ireland Unlimited Company,"B02AA Amino acids, B02AA02 tranexamic acid",B02AA02,Pfizer Manufacturing Belgium NV,"Rijksweg 12, B-2870 Puurs-Sint-Amands",Belgium,https://assets.hpra.ie/products/Human/21903/55d6f8a7-5cd5-442d-8991-9ca489e88df9.pdf
29622,Tranexamic Acid 100 mg / ml solution for injection / infusion,PA1862/002/001,Ibigen Srl,"B02AA Amino acids, B02AA02 tranexamic acid",B02AA02,Industria Farmaceutica Galenica Senese S.r.l.,"Via Cassia Nord, 351
53014 – Monteroni D’Arbia (SI)",Italy,https://assets.hpra.ie/products/Human/29622/35efd24c-60ec-435b-88db-ed7246c8df4e.pdf
28486,Warfarin Teva 3 mg tablets,PA2050/001/005,Sun Pharmaceutical Industries Europe B.V.,"B01AA Vitamin K antagonists, B01AA03 warfarin",B01AA03,Sun Pharmaceutical Industries Europe B.V.,"Polarisavenue 87, 2132 JH Hoofddorp",Netherlands,https://assets.hpra.ie/products/Human/28486/aa9c5967-2c00-4f73-b30c-78e41c1267c5.pdf
38142,Naloxone Accord,PA2315/254/001,Accord Healthcare Ireland Ltd.,V03AB15 naloxone,V03AB15,Accord Healthcare Polska Sp.z o.o. | Accord Healthcare B.V. | Laboratori Fundació Dau,"ul. Lutomierska 50,
95-200 Pabianice | Winthontlaan 200, 3526KV Utrecht | C/ C, 12-14 Pol. Ind.
Zona Franca, Barcelona, 08040",Poland | Netherlands | Spain,https://assets.hpra.ie/products/Human/38142/a5425fbc-c707-4f4e-9189-4081cc1afdae.pdf
40691,Fosfomycin Ascend 3 g granules for oral solution,PA23429/008/001,Ascend GmbH,J01XX01 fosfomycin,J01XX01,Ascend GmbH,"Sebastian-Kneipp- Straße 41, 60439 Frankfurt am Main",Germany,https://assets.hpra.ie/products/Human/40691/65e9b057-8e1e-41ef-af82-7f31674e04d8.pdf
14509,Rowalief 500 mg Film-coated tablets,PA0074/065/001,"Rowa Pharmaceuticals Limited,","N02BE Anilides, N02BE01 paracetamol",N02BE01,SANTA S.A. | Rowa Pharmaceuticals Ltd.,"Str. Panselelor nr. 25, nr. 27, nr. 29, Brasov, jud. Brasov, 500419 | Newtown, Bantry,
Co. Cork",Romania | Ireland,https://assets.hpra.ie/products/Human/14509/6f85a27c-4279-40fd-9f8f-fa0d4d32d996.pdf
14510,Rowalief Max 1000 mg film-coated tablets,PA0074/065/002,"Rowa Pharmaceuticals Limited,","N02BE Anilides, N02BE01 paracetamol",N02BE01,SANTA S.A. | Rowa Pharmaceuticals Ltd.,"Str. Panselelor nr. 25, nr. 27, nr. 29, Brasov, jud. Brasov, 500419 | Newtown, Bantry,
Co. Cork",Romania | Ireland,https://assets.hpra.ie/products/Human/14510/79e4949a-8d71-49f2-ba09-d5463fa9f758.pdf
27776,Paracetamol 10 mg / ml Solution for Infusion,PA2315/170/001,Accord Healthcare Ireland Ltd.,"N02BE Anilides, N02BE01 paracetamol",N02BE01,Industria Farmaceutica Galenica Senese S.r.l.,"Via Cassia Nord, 351, Monteroni d’Arbia (SI) 53014",Italy,https://assets.hpra.ie/products/Human/27776/09c0dcde-ca95-4b5e-8399-aa948cc184b5.pdf
27540,Fluorouracil 50 mg / ml Solution for Injection or Infusion,PA2315/091/001,Accord Healthcare Ireland Ltd.,"L01BC Pyrimidine analogues, L01BC02 fluorouracil",L01BC02,Accord Healthcare Polska Sp.z o.o. | Accord Healthcare Single Member S.A.,"ul. Lutomierska 50,95-200 Pabianice | 64th Km National Road Athens, 
Lamia, Schimatari, 32009
",Poland | Greece,https://assets.hpra.ie/products/Human/27540/d8e55464-893c-44ee-a307-5ffdc92af3c6.dot
25366,Paracetamol 500 mg Film-Coated Tablets,PA1186/009/001,Chefaro Ireland DAC,"N02BE Anilides, N02BE01 paracetamol",N02BE01,Perrigo Supply Chain International DAC,"he Sharp Building, Hogan Place, Dublin 2,
Dublin, D02 TY74",Ireland,https://assets.hpra.ie/products/Human/25366/e400e354-5512-4e18-b585-0b46d9951490.pdf
30759,Hypnovel 10 mg / 2 ml Solution for Injection,PA2239/007/001,CHEPLAPHARM Arzneimittel GmbH,"N05CD Benzodiazepine derivatives, N05CD08 midazolam",N05CD08,CENEXI,"52, rue M. et J. Gaucher, 94120 Fontenay-sous-Bois",France,https://assets.hpra.ie/products/Human/30759/19a54ee4-4fa1-4c68-9f14-59d4ea431fdf.pdf
,Nithiodote Solution for Injection,PA22874/003/001,Hope Pharmaceuticals Ltd,"V03AB Antidotes, V03AB06 thiosulfate, V03AB08 sodium nitrite",V03AB06,HiTech Health,Blackrock A94 R5Y4,Ireland,https://assets.hpra.ie/products/Human/30571/2b4d4e7c-14f7-475b-b241-a5b24e770bef.pdf
36833,Fentanyl 50 micrograms / ml solution for injection,PA2165/011/001,AS Kalceks,N01AH01 fentanyl,N01AH01,AS KALCEKS,"Krustpils iela 71E, Rīga, LV-1057",Latvia,https://assets.hpra.ie/products/Human/36833/31636de6-e21a-4bd7-8132-67c9a02f3e09.pdf
30410,Morphine sulfate 10 mg / ml Solution for Injection,PA2165/003/001,AS Kalceks,N02AA01 morphine,N02AA01,AS KALCEKS,"Krustpils iela 71E, Rīga, LV-1058",Latvia,https://assets.hpra.ie/products/Human/30410/f8847af1-61f7-4f8d-9318-40f4a1674a5b.pdf
30412,Morphine sulfate 30 mg / ml Solution for Injection,PA2165/003/003,AS Kalceks,N02AA01 morphine,N02AA01,AS KALCEKS,"Krustpils iela 71E, Rīga, LV-1059",Latvia,https://assets.hpra.ie/products/Human/30412/9bb3527f-a078-4578-a746-893662266028.pdf
19028,Posaconazole Viatris 100 mg gastro-resistant tablets,PA23266/030/001,Viatris Limited,"J02AC Triazole derivatives, J02AC04 posaconazole",J02AC04,MEDIS INTERNATIONAL a.s.,"Průmyslová 961/16, 747 23 Bolatice",Czech Republic,https://assets.hpra.ie/products/Human/19028/c7a5bd12-b7b6-4c31-98df-808982d3b841.pdf
42533,Furosemide Clonmel 40 mg tablets,PA0126/421/002,Clonmel Healthcare Ltd,C03CA01 furosemide,C03CA01,STADA Arzneimittel AG | Clonmel Healthcare Ltd | Centrafarm Services B.V.,"Stadastrasse 2-18, 61118 Bad Vilbel | Waterford Road, Clonmel, Co. Tipperary | Van de Reijtstraat 31 E, 4814NE Breda",Germany | Ireland | Netherlands,https://assets.hpra.ie/products/Human/42533/0c3d95a4-4c2b-46d6-a9ca-b1e93a7ab552.pdf
42504,Furosemide Clonmel 20 mg tablets,PA0126/421/001,Clonmel Healthcare Ltd,C03CA01 furosemide,C03CA01,STADA Arzneimittel AG | Clonmel Healthcare Ltd | Centrafarm Services B.V.,"Stadastrasse 2-18, 61118 Bad Vilbel | Waterford Road, Clonmel, Co. Tipperary | Van de Reijtstraat 31 E, 4814NE Breda",Germany | Ireland | Netherlands,https://assets.hpra.ie/products/Human/42504/3cbd596d-bb90-45c5-8aae-de9fa9852515.pdf
14829,Furosemide 40 mg Tablets,PA0126/008/002,Clonmel Healthcare Ltd,"C03CA Sulfonamides, plain, C03CA01 furosemide",C03CA01,Clonmel Healthcare Ltd,"Waterford Road, Clonmel, Co. Tipperary",Ireland,https://assets.hpra.ie/products/Human/14829/258f46da-7915-4ab3-b273-c954e8c80a93.pdf
27608,Olanzapine Accord 10 mg film-coated tablets,PA2315/112/004,Accord Healthcare Ireland Ltd.,"N05AH Diazepines, oxazepines, thiazepines and oxepines, N05AH03 olanzapine",N05AH03,Accord Healthcare B.V. | Accord Healthcare Limited | Accord Healthcare Polska Sp.z o.o.,"Winthontlaan 200,
3526 KV Utrecht | Sage house, 319, Pinner Road, North Harrow, Middlesex HA1 4HF | ul. Lutomierska 50,95-200 Pabianice ",Netherlands | United Kingdom | Poland,https://assets.hpra.ie/products/Human/27608/e51ece88-b600-49cc-bbcf-0d57be0e49af.pdf
26856,Hydrocortone 10 mg Tablets,PA1986/054/001,Teva B.V.,"H02AB Glucocorticoids, H02AB09 hydrocortisone",H02AB09,Tiofarma B.V.,"Hermanus Boerhaavestraat 1, 3261 LW Oud-Beijerland",Netherlands,https://assets.hpra.ie/products/Human/26856/893c87b2-41fe-46b6-ad99-0c4467b26974.pdf
23792,DDAVP / Desmopressin 4 micrograms / ml Solution for Injection,PA1009/001/002,Ferring Ireland Ltd,"H01BA Vasopressin and analogues, H01BA02 desmopressin",H01BA02,Ferring GmbH,"Wittland 11, D-24109 Kiel",Germany,https://assets.hpra.ie/products/Human/23792/d35b055e-a7fd-47bf-b616-24b51fbea697.pdf
26918,Embesin 20 IU / ml concentrate for solution for infusion,PA1353/005/001,Orpha-Devel Handels und Vertriebs GmbH,"H01BA Vasopressin and analogues, H01BA01 vasopressin",H01BA01,AOP Orphan Pharmaceuticals GmbH,"Leopold-Ungar-Platz 2
1190 Vienna",Austria,https://assets.hpra.ie/products/Human/26918/07c379bf-583c-4fe8-85da-7d3587dce437.pdf
39053,Hydrocortisone Hualan 15 mg tablets,PA23341/001/004,Hualan Pharmaceuticals Limited,H02AB09 hydrocortisone,H02AB09,Elara Pharmaservices Europe Limited | Elara Pharmaservices Europe Limited,"239 Blanchardstown Corporate Park, Ballycoolin, Dublin,
D15 KV21 | Regus Block 1, Blanchardstown Corporate Park 1,
Ballycoolen Road, Blanchardstown,
Dublin 15, D15 AKK1",Ireland | Ireland,https://assets.hpra.ie/products/Human/39053/4d304016-dd5d-445c-bcaf-983ecbf2871d.pdf
15078,Pipercin 4 g / 0.5 g powder for solution for infusion,PA0126/180/002,Clonmel Healthcare Ltd,"J01CR Combinations of penicillins, incl. beta-lactamase inhibitors, J01CR05 piperacillin and enzyme inhibitor",J01CR05,Mitim S.r.l.,Via cacciamali 36/38 25125 Bresia,Italy,https://assets.hpra.ie/products/Human/15078/7a8c9a85-b76b-4123-8c6d-0e7c4d4172b0.pdf
31986,Dalacin 2% Vaginal Cream,PPA0465/416/001,PCO Manufacturing Ltd.,"J01FF Lincosamides, J01FF01 clindamycin",J01FF01,"Pfizer Manufacturing Belgium N.V. | Pfizer Service Company BV | Pfizer
Service Company BVBA","Puurs | Hoge Wei 10, 1930 Zaventem | Zaventem","Belgium | Belgium | Belgium

",https://assets.hpra.ie/products/Human/31986/f23d9f26-0d6b-4d0b-8157-45fd13dfb760.pdf
,Prograf 5 mg hard capsules,PPA1463/165/002,"IMED Healthcare Ltd.,",L04AD02 tacrolimus,L04AD02,Astellas Ireland Co. Ltd.,"Killorglin, County Kerry, V93FC86",Ireland,https://assets.hpra.ie/products/Human/44597/3478c817-6953-4748-8507-445bec83aa9e.pdf
27543,Paracetamol 500mg Tablets,PA2315/065/003,Accord Healthcare Ireland Ltd.,"N02BE Anilides, N02BE01 paracetamol",N02BE01,Accord Healthcare Polska Sp.z o.o. | Accord Healthcare Single Member S.A.,"ul. Lutomierska 50, 95-200 Pabianice | 64th Km National Road Athens,
Lamia, Schimatari, 32009",Poland | Greece,https://assets.hpra.ie/products/Human/27543/7224b6df-3414-482a-acef-c69570c51a78.pdf
29114,Sevredol 10mg Film-Coated Tablets,PA1688/009/001,Mundipharma Pharmaceuticals Limited,"N02AA Natural opium alkaloids, N02AA01 morphine",N02AA01,Mundipharma DC B.V.,"Leusderend 16, 3832 RC Leusden",Netherlands,https://assets.hpra.ie/products/Human/29114/1d0fc48e-70ba-4552-a52e-4d87f59ff801.pdf
19953,Flucol 200 mg hard capsules,PA0711/057/004,"Rowex Limited,","J02AC Triazole derivatives, J02AC01 fluconazole",J02AC01,Salutas Pharma GmbH | Rowa Pharmaceuticals Ltd.,"Otto-von-Guericke-Allee 1, D-39179 Barleben | Bantry, Co. Cork",Germany | Ireland,https://assets.hpra.ie/products/Human/19953/cfd332cf-f094-4833-b5d9-df844707d3c0.pdf
18487,Potassium Chloride 0.15% w / v & Sodium Chloride 0.9% w / v Solution for Infusion,PA2059/052/001,Fresenius Kabi Deutschland GmbH,"B05BB Solutions affecting the electrolyte balance, B05BB01 electrolytes",B05BB01,"FRESENIUS KABI ESPAÑA, S.A.","C/ Marina 16 – 18
08005 Barcelona",Germany,https://assets.hpra.ie/products/Human/18487/08ffc577-ffdb-4a2b-b8d7-eac09f726e6d.pdf
29115,Sevredol 20 mg Film-Coated Tablets,PA1688/009/002,Mundipharma Pharmaceuticals Limited,"N02AA Natural opium alkaloids, N02AA01 morphine",N02AA01,Mundipharma DC B.V.,"Leusderend 16, 3832 RC Leusden",Netherlands,https://assets.hpra.ie/products/Human/29115/a47e3bdf-c619-4c80-a154-7607af1f190b.pdf
24401,Fortum 1 g powder for solution for injection or infusion,PA23311/001/002,Sandoz Pharmaceuticals d.d.,"J01DD Third-generation cephalosporins, J01DD02 ceftazidime",J01DD02,ACS Dobfar S.p.A.,"Via Alessandro Fleming 2, 37135 Verona",Italy,https://assets.hpra.ie/products/Human/24401/2a1df7cb-7e4f-4057-aaf2-b833bf443e2d.pdf
19950,Flucol 50 mg hard capsules,PA0711/057/001,"Rowex Limited,","J02AC Triazole derivatives, J02AC01 fluconazole",J02AC01,Salutas Pharma GmbH | Rowa Pharmaceuticals Ltd.,"Otto-von-Guericke-Allee 1, D-39179 Barleben | Bantry, Co. Cork",Germany | Ireland,https://assets.hpra.ie/products/Human/19950/a9582165-9b9a-48c5-8c98-6c05d4ebd816.pdf
19952,Flucol 150 mg hard capsules,PA0711/057/003,"Rowex Limited,","J02AC Triazole derivatives, J02AC01 fluconazole",J02AC01,Salutas Pharma GmbH | Rowa Pharmaceuticals Ltd.,"Otto-von-Guericke-Allee 1, D-39179 Barleben | Bantry, Co. Cork",Germany | Ireland,https://assets.hpra.ie/products/Human/19952/74fc6a7a-897f-4131-94f1-7d726de56ab2.pdf
16691,Trimoptin Tablets 100 mg,PA1418/008/001,Athlone Pharmaceuticals Limited,"J01EA Trimethoprim and derivatives, J01EA01 trimethoprim",J01EA01,Athlone Pharmaceuticals Limited,"Maple House, South County Business Park,
Dublin 18",Ireland,https://assets.hpra.ie/products/Human/16691/c2c40a39-0307-4ae5-b09a-fd5b125aff7d.pdf
16692,Trimoptin Tablets 200 mg,PA1418/008/002,Athlone Pharmaceuticals Limited,"J01EA Trimethoprim and derivatives, J01EA01 trimethoprim",J01EA01,Athlone Pharmaceuticals Limited,"Maple House, South County Business Park,
Dublin 18",Ireland,https://assets.hpra.ie/products/Human/16692/0941dc48-37c1-4428-bcf2-c6243c5f31b1.pdf
30413,Rocuronium bromide 10 mg / ml solution for injection / infusion,PA2165/004/001,AS Kalceks,M03AC09 rocuronium bromide,M03AC09,AS KALCEKS,"Krustpils iela 71E, Rīga, LV-1057",Latvia,https://assets.hpra.ie/products/Human/30413/d315a3e2-dcd4-4287-be19-0694c9e0c967.pdf
38731,Sugammadex 100 mg / ml solution for injection,PA23092/006/001,Reddy Holding GmbH,V03AB35 sugammadex,V03AB35,betapharm Arzneimittel GmbH | Dr. Reddy's Laboratories Romania SRL | Rual Laboratories S.R.L.,"Kobelweg 95
86156 Augsburg | 30-32 Daniel Danielopolu, 5th floor, space 2, sector 1,
014134 Bucharest | Splaiul Unirii 313, Building H, 1st floor, sector 3,
030138, Bucharest",Germany | Romania | Romania,https://assets.hpra.ie/products/Human/38731/9e496f3d-996b-4a74-bf5a-a95d64fd7274.pdf
,Pentamidine Tillomed 300 mg powder for solution for injection / infusion or powder for nebuliser solution,PA22720/013/001,Tillomed Pharma GmbH,P01CX01 pentamidine isethionate,P01CX01,Tillomed Malta Limited,"Malta Life Sciences Park,
LS2.01.06 Industrial Estate,
San Gwann, SGN 3000",Malta,https://assets.hpra.ie/products/Human/40037/d9945f3c-3c72-4cb5-9ec7-3e64e8224e44.pdf
22666,Transiderm-Nitro 5milligrams / 24 hours Transdermal Patch,PA23311/005/001,Sandoz Pharmaceuticals d.d.,"C01DA Organic nitrates, C01DA02 glyceryl trinitrate",C01DA02,Novartis Pharma GmbH | LTS Lohmann Therapie-Systeme AG,"Roonstraße 25,
D-90429 Nuremberg | Lohmannstr.2
56626 Andernach",Germany | Germany,https://assets.hpra.ie/products/Human/22666/17cc4041-f7f6-4e7b-a8bb-325db450c5d6.pdf
22667,Transiderm-Nitro 10milligram / 24 hours Transdermal Patch,PA23311/005/002,Sandoz Pharmaceuticals d.d.,"C01DA Organic nitrates, C01DA02 glyceryl trinitrate",C01DA02,Novartis Pharma GmbH | LTS Lohmann Therapie-Systeme AG,"Roonstraße 25,
D-90429 Nuremberg | Lohmannstr.2
56626 Andernach",Germany | Germany,https://assets.hpra.ie/products/Human/22667/b0975092-8cef-4363-adb4-00823cb2c911.pdf
22668,Transiderm-Nitro 15milligrams / 24 hours Transdermal Patch,PA23311/005/003,Sandoz Pharmaceuticals d.d.,"C01DA Organic nitrates, C01DA02 glyceryl trinitrate",C01DA02,Novartis Pharma GmbH | LTS Lohmann Therapie-Systeme AG,"Roonstraße 25,
D-90429 Nuremberg | Lohmannstr.2
56626 Andernach",Germany | Germany,https://assets.hpra.ie/products/Human/22668/4a028ef2-c1db-4f31-8773-cd16a36709a7.pdf
19409,"Nitrolingual Pumpspray 400 micrograms per metered dose, sublingual spray",PA2243/001/001,G Pohl-Boskamp GmbH & Co. KG,C01DA02 glyceryl trinitrate,C01DA02,G. Pohl-Boskamp GmbH & Co. KG,"Kieler Strasse 11, 25551 Hohenlockstedt",Germany,https://assets.hpra.ie/products/Human/19409/8c4701ad-5f0a-43fc-96cb-8cf46a16001a.pdf
30692,Potassium Chloride 0.3% w / v & Sodium Chloride 0.9% w / v Solution for Infusion BP,PA2299/010/001,Baxter Holding B.V.,B05XA01 potassium chloride,B05XA01,Baxter SA | Baxter Healthcare Ltd. | Bieffe Medital Sabiñanigo,"Boulevard René Branquart, 80
7860 Lessines | Caxton Way,
Thetford Norfolk IP24 3SE | Ctra de Biescas, Senegüé
22666 Sabiñanigo (Huesca)",Belgium | United Kingdom | Spain,https://assets.hpra.ie/products/Human/30692/7c46d45b-c031-4909-8b1e-eabb4d9fc3c4.pdf
29578,Aciclovir Azevedos 250 mg Powder for solution for infusion,PA1852/003/001,Laboratórios Azevedos - Indústria Farmacêutica S.A,"J05AB Nucleosides and nucleotides excl. reverse transcriptase inhibitors, J05AB01 aciclovir",J05AB01,"Sofarimex –
Indústria Química e Farmacêutica, S.A.","Av. das Indústrias,
Alto do Colaride
2735-213 Cacém",Portugal,https://assets.hpra.ie/products/Human/29578/2175895.PA1852_003_001.daafce74-8ce0-4ec9-81cd-7a17cee60a1e.000001ProductLeafletApproved.171005.pdf
19965,Clorom 250 mg Film-Coated Tablets,PA0711/061/001,"Rowex Limited,","J01FA Macrolides, J01FA09 clarithromycin",J01FA09,Salutas Pharma GmbH | Sandoz S.R.L. | Rowa Pharmaceuticals Ltd. | Betapharm Arzneimittel GmbH | LEK S. A. | LEK Pharmaceuticals d. d. ,"Otto-von-Guericke-Allee 1, 39179 Barleben | Str. Livezeni nr. 7A, RO-540472 Targu-Mures | Newtown, Bantry, Co. Cork | Wasserberg 11, 86441, Zusmarshausen | ul. Domaniewska 50C, 02-672 Warszawa | Verovškova ulica 57, 1526 Ljubljana",Germany | Romania | Ireland | Germany | Poland | Slovenia,https://assets.hpra.ie/products/Human/19965/6d6fd34d-9c28-464b-93e3-1a6a3fa6e72a.pdf
19966,Clorom 500 mg film-coated tablets,PA0711/061/002,"Rowex Limited,","J01FA Macrolides, J01FA09 clarithromycin",J01FA09,Salutas Pharma GmbH | Sandoz S.R.L. | Rowa Pharmaceuticals Ltd. | Betapharm Arzneimittel GmbH | LEK S. A. | LEK Pharmaceuticals d. d. ,"Otto-von-Guericke-Allee 1, 39179 Barleben | Str. Livezeni nr. 7A, RO-540472 Targu-Mures | Newtown, Bantry, Co. Cork | Wasserberg 11, 86441, Zusmarshausen | ul. Domaniewska 50C, 02-672 Warszawa | Verovškova ulica 57, 1526 Ljubljana",Germany | Romania | Ireland | Germany | Poland | Slovenia,https://assets.hpra.ie/products/Human/19966/46e5a303-e71c-4f13-ad38-cc8a7b11c93d.pdf
30359,Typhim Vi Solution for Injection Typhoid Polysaccharide Vaccine,PA23458/009/001,Sanofi Winthrop Industrie,"J07AP03 typhoid, purified polysaccharide antigen",J07AP03,Sanofi Pasteur | Sanofi Pasteur - Voie de l’Institut | Sanofi-Aventis Zrt. Bdg. DC5,1541 avenue Marcel Mérieux - 69280 Marcy l'Etoile | Parc Industriel d'Incarville B.P 101 - 27100 Val de Reuil | Campona Utca 1. Budapest XXII - 1225 Budapest,France | France | Hungary,https://assets.hpra.ie/products/Human/30359/3811b363-8168-4c0d-a782-f3c89cf0f4aa.pdf
30694,"Ringer’s Solution for Infusion, Viaflo container",PA2299/011/001,Baxter Holding B.V.,"B05BB Solutions affecting the electrolyte balance, B05BB01 electrolytes",B05BB01,Baxter SA | Baxter Healthcare Ltd. | Bieffe Medital Sabiñanigo,"Boulevard René Branquart, 80
7860 Lessines | Caxton Way,
Thetford Norfolk IP24 3SE | Ctra de Biescas, Senegüé
22666 Sabiñanigo (Huesca)",Belgium | United Kingdom | Spain,https://assets.hpra.ie/products/Human/30694/7c763f4b-3555-4b6c-bd25-0e253ec45db3.pdf
20253,Amoclav 125mg / 31.25mg per 5ml Powder for Oral Suspension,PA0711/162/001,"Rowex Limited,","J01CR Combinations of penicillins, incl. beta-lactamase inhibitors, J01CR02 amoxicillin and enzyme inhibitor",J01CR02,Sandoz GmbH | Rowa Pharmaceuticals Ltd,"Biochemiestrasse 10, A-6250 Kundl, Tirol | Bantry, Co Cork",Austria | Ireland,https://assets.hpra.ie/products/Human/20253/d8049a32-d12e-4607-9d4a-95563b25dc69.pdf
20255,Amoclav 500mg / 125mg Film-coated tablets,PA0711/162/003,"Rowex Limited,","J01CR Combinations of penicillins, incl. beta-lactamase inhibitors, J01CR02 amoxicillin and enzyme inhibitor",J01CR02,Sandoz GmbH.,"Biochemiestrase 10, 6250 Kundl",Austria,https://assets.hpra.ie/products/Human/20255/e6d24eb9-b9e2-47b9-8447-db89b02660fb.pdf
20254,Amoclav 250mg / 125mg Film-coated Tablets,PA0711/162/002,"Rowex Limited,","J01CR Combinations of penicillins, incl. beta-lactamase inhibitors, J01CR02 amoxicillin and enzyme inhibitor",J01CR02,Sandoz GmbH | Rowa Pharmaceuticals Ltd,"Biochemiestrasse 10, A-6250 Kundl | Bantry, Co Cork",Austria | Ireland,https://assets.hpra.ie/products/Human/20254/6923ee42-cb7b-4f18-9087-ba97691d9473.pdf
39827,Ephedrine Kabi 3 mg / mL solution for injection,PA2059/086/001,Fresenius Kabi Deutschland GmbH,C01CA26 ephedrine,C01CA26,Labesfal – Laboratórios Almiro,"S.A. Zona Industrial do Lagedo, Santiago de Besteiros, 3465-157",Portugal,https://assets.hpra.ie/products/Human/39827/fc3b13e8-1e01-4dd7-8f37-2c5a5d3b268b.pdf
39844,Ephedrine Kabi 30 mg / mL solution for injection,PA2059/086/003,Fresenius Kabi Deutschland GmbH,C01CA26 ephedrine,C01CA26,Labesfal – Laboratórios Almiro,"S.A. Zona Industrial do Lagedo, Santiago de Besteiros, 3465-157",Portugal,https://assets.hpra.ie/products/Human/39844/6c9e6601-9e59-448d-a0ad-9c48f8323c15.pdf
39843,Ephedrine Kabi 10 mg / mL solution for injection,PA2059/086/002,Fresenius Kabi Deutschland GmbH,C01CA26 ephedrine,C01CA26,Labesfal – Laboratórios Almiro,"S.A. Zona Industrial do Lagedo, Santiago de Besteiros, 3465-157",Portugal,https://assets.hpra.ie/products/Human/39843/0fa1198f-0546-4b0c-b5a1-f29535260714.pdf
39151,Piperacillin / Tazobactam Clonmel 4 g / 0.5 g powder for solution for infusion,PA0126/363/001,Clonmel Healthcare Ltd,J01CR05 piperacillin and enzyme inhibitor,J01CR05,STADA Arzneimittel AG,"Stadastrasse 2-18, 61118 Bad Vilbel",Germany,https://assets.hpra.ie/products/Human/39151/ff0cf884-9af6-49cb-b759-3dfb22fc9fca.pdf
24420,Zinacef 250 mg powder for solution for injection or infusion,PA23311/002/001,Sandoz Pharmaceuticals d.d.,"J01DC Second-generation cephalosporins, J01DC02 cefuroxime",J01DC02,ACS Dobfar S.p.A.,"Via Alessandro Fleming 2, 37135 Verona",Italy,https://assets.hpra.ie/products/Human/24420/273a19e0-c202-4343-ad6f-dc35915ad98f.pdf
24421,Zinacef 750 mg powder for solution for injection or infusion,PA23311/002/002,Sandoz Pharmaceuticals d.d.,"J01DC Second-generation cephalosporins, J01DC02 cefuroxime",J01DC02,ACS Dobfar S.p.A.,"Via Alessandro Fleming 2, 37135 Verona",Italy,https://assets.hpra.ie/products/Human/24421/58a7b8ff-a855-45f9-8863-d7d986d6ff15.pdf
17215,"Brabio 20 mg / ml solution for injection, pre-filled syringe",PA23266/010/001,Viatris Limited,"L03AX Other immunostimulants, L03AX13 glatiramer acetate",L03AX13,Synthon Hispania SL | Synthon BV,"Castelló 1, Poligono Las Salinas, 08830 Sant Boi de Llobregat | Microweg 22, 6545 CM Nijmegen",Spain | Netherlands,https://assets.hpra.ie/products/Human/17215/7b3c5d56-0cc4-4805-a5ae-a8caf361e72f.pdf
24914,Paracetamol 500mg Suppositories,PA1113/004/002,Phoenix Labs Unlimited Company,"N02BE Anilides, N02BE01 paracetamol",N02BE01,P.P.F.Hasco-Lek SA,51-131 Wroclaw,Poland,https://assets.hpra.ie/products/Human/24914/934bdcd0-3966-432f-9122-7d154ee5a80a.pdf
24913,Paracetamol 250mg Suppositories,PA1113/004/001,Phoenix Labs Unlimited Company,"N02BE Anilides, N02BE01 paracetamol",N02BE01,P.P.F.Hasco-Lek SA,51-131 Wroclaw,Poland,https://assets.hpra.ie/products/Human/24913/3cbb800b-cf5d-4c42-b86e-40fabd4be3f8.pdf
24916,Paracetamol 125 mg suppositories,PA1113/004/004,Phoenix Labs Unlimited Company,"N02BE Anilides, N02BE01 paracetamol",N02BE01,P.P.F.Hasco-Lek S.A.,51-131 Wroclaw,Poland,https://assets.hpra.ie/products/Human/24916/08e73289-7c2b-4457-b773-a20313709f06.pdf
24915,Paracetamol 80 mg suppositories,PA1113/004/003,Phoenix Labs Unlimited Company,"N02BE Anilides, N02BE01 paracetamol",N02BE01,P.P.F.Hasco-Lek SA,51-131 Wroclaw,Poland,https://assets.hpra.ie/products/Human/24915/bb768f0e-1bf5-4dad-80be-49867dc7e472.pdf
16696,Flucloxacillin 500 mg capsules,PA0298/016/002,Athlone Laboratories Limited,"J01CF Beta-lactamase resistant penicillins, J01CF05 flucloxacillin",J01CF05,Athlone Laboratories Limited,"Ballymurray, Co. Roscommon",Ireland,https://assets.hpra.ie/products/Human/16696/528ebb52-d9c9-4455-ae73-9c8af92f8f9b.pdf
24920,Parvolex 200 mg / ml concentrate for Solution for Infusion,PA1113/008/001,Phoenix Labs,"V03AB Antidotes, V03AB23 acetylcysteine",V03AB23,"Labiana Pharmaceuticals, S.L.U","C/ Casanova 27-31,
Corbera de Llobregat, Barcelona",Spain,https://assets.hpra.ie/products/Human/24920/2187557.PA1113_008_001.4fd0e353-67be-4295-b4a8-b38b8ce1aa4f.000001ProductLeafletApproved.170302.pdf
14354,Metoclopramide 5mg / ml Solution for Injection,PA0073/084/001,Mercury Pharmaceuticals (Ireland) Ltd,"A03FA Propulsives, A03FA01 metoclopramide",A03FA01,B. Braun Melsungen AG,"Mistelweg 2, 12357 Berlin",Germany,https://assets.hpra.ie/products/Human/14354/3505bf48-fbf5-4f7f-abea-9fab53c71b95.pdf
22093,Tobramycin 40 mg / ml Solution for Injection,PA0822/207/001,Pfizer Healthcare Ireland Unlimited Company,"J01GB Other aminoglycosides, J01GB01 tobramycin",J01GB01,Pfizer Service Company BV,"Hoge Wei 10, 1930 Zaventem",Belgium,https://assets.hpra.ie/products/Human/22093/1c3ab1a8-ff78-4588-8a44-35e0e52dcae7.pdf
24427,Zinnat 125 mg / 5 ml granules for oral suspension,PA23311/003/005,Sandoz Pharmaceuticals d.d.,"J01DC Second-generation cephalosporins, J01DC02 cefuroxime",J01DC02, GlaxoSmithKline Trading Services Limited | Lek farmacevtska družba d. d. (Lek Pharmaceuticals d. d.) | Sandoz GmbH,"Verovskova ulica 57 1000, Ljubljana | 12 Riverwalk, Citywest Business Campus, Dublin 24, D24 YK11 | Biochemistraβe 10, 6250 Kundl", Ireland | Slovenia | Austria ,https://assets.hpra.ie/products/Human/24427/11553ae5-a30c-4259-9d1a-94d33c923011.pdf
24423,Zinnat 250mg / 5ml granules for oral suspension,PA23311/003/001,Sandoz Pharmaceuticals d.d.,"J01DC Second-generation cephalosporins, J01DC02 cefuroxime",J01DC02, GlaxoSmithKline Trading Services Limited | Lek farmacevtska družba d. d. (Lek Pharmaceuticals d. d.) | Sandoz GmbH,"Verovskova ulica 57 1000, Ljubljana | 12 Riverwalk, Citywest Business Campus, Dublin 24, D24 YK11 | Biochemistraβe 10, 6250 Kundl", Ireland | Slovenia | Austria ,https://assets.hpra.ie/products/Human/24423/ed7e4703-84c2-4415-8150-d4234ee9fabd.pdf
41217,Clonidine hydrochloride 100 micrograms /  5 ml Oral Solution,PA22697/020/001,Syri Pharma Limited t/a Thame Laboratories,C02AC01 clonidine,C02AC01,Pharmadox Healthcare Ltd.,"KW20A Kordin Industrial Park, Paola PLA 3000",Malta,https://assets.hpra.ie/products/Human/41217/e6188909-de87-466e-b7e4-7a405afaca9b.pdf
23845,Copaxone 40mg / ml solution for injection in pre-filled syringe,PA22579/001/002,TEVA GmbH,"L03AX Other immunostimulants, L03AX13 glatiramer acetate",L03AX13,Norton Healthcare Limited T/A IVAX Pharmaceuticals UK (Teva Runcorn) | Actavis Group PTC ehf. | Merckle GmbH,"Aston Lane North, Whitehouse Vale Industrial Estate Runcorn, Cheshire, WA7 3FA | Dalshraun 1 220, Hafnarfjörður | Graf-Arco-Str. 3 89079 Ulm",United Kingdom | Iceland | Germany ,https://assets.hpra.ie/products/Human/23845/ad85bb7c-d9b3-4854-b803-e5d89c00a0ac.pdf
21399,Catapres Ampoules 150 micrograms in 1 ml Solution for Injection,PA2256/002/001,Glenwood GmbH,"C02AC Imidazoline receptor agonists, C02AC01 clonidine",C02AC01,Delpharm Dijon,"6 Boulevard de l'Europe, 21800 Quetigny",France,https://assets.hpra.ie/products/Human/21399/8424c233-d56b-4494-80c2-08c6ec7f06d8.pdf
12869,Catapres Tablets 100 micrograms,PA2256/003/001,Glenwood GmbH,"C02AC Imidazoline receptor agonists, C02AC01 clonidine",C02AC01,Delpharm Reims S.A.S.,"10 Rue Colonel, Charbonneaux, 51100 Reims",France,https://assets.hpra.ie/products/Human/12869/5f8d0d05-0441-4d4e-bb5f-8e2bf0028c5b.pdf
18098,Adenocor 3 mg / ml solution for injection,PA0540/139/001,Sanofi-Aventis Ireland Limited T/A SANOFI,"C01EB Other cardiac preparations, C01EB10 adenosine",C01EB10,FAMAR HEALTH CARE SERVICES MADRID S.A.U. | CENEXI HSC,"Avenida de Leganés, 62 | Hérouville-Saint-Clair, 2 rue Louis Pasteur, 14200 HEROUVILLE-SAINT-CLAIR",Spain | France,https://assets.hpra.ie/products/Human/18098/04c955cc-f604-4cc1-a4a9-3294a832f193.pdf
30862,Fludarabine Phosphate 25 mg / ml Concentrate for Solution for Injection or Infusion,PA2315/035/001,Accord Healthcare Ireland Ltd.,"L01BB Purine analogues, L01BB05 fludarabine",L01BB05,Accord Healthcare Polska Sp.z o.o. | Accord Healthcare Single Member S.A,"ul. Lutomierska 50, 95-200 Pabianice | Schimatari, 32009",Poland | Greece ,https://assets.hpra.ie/products/Human/30862/4d330d77-047d-4078-90c3-10c0f8979dab.pdf
39207,Sugammadex Aspen 100 mg / mL solution for injection,PA1691/036/001,Aspen Pharma Trading Limited,V03AB35 sugammadex,V03AB35,PHARMIDEA | COMBINO PHARM MALTA LTD | MEDICHEM S.A.,"4 Rupnicu Street Olaine, Olaine district, LV-2114 | HF-60, Hal Far Industrial Estate Hal Far BBG 3000 | Narcís Monturiol 41A 08970 Sant Joan Despí - Barcelona",Latvia | Malta | SPAIN,https://assets.hpra.ie/products/Human/39207/3591438a-56aa-412d-b213-109e8c4e5f83.pdf
42060,Dabigatran etexilate Gedeon Richter 150 mg hard capsules,PA1330/033/002,Gedeon Richter Plc,B01AE07 dabigatran etexilate,B01AE07,Gedeon Richter Polska Sp. z o.o. | Gedeon Richter Plc. | Hungary,"ul. Ks. J. Poniatowskiego 5, 05-825 Grodzisk Mazowiecki | Gyömrői út 19-21.",Poland | Hungary | Hungary,https://assets.hpra.ie/products/Human/42060/0fb2396f-c3a9-480d-b3c1-4eb9d1b1487f.pdf
30066,Klacid 250 mg film-coated tablets,PA23355/013/001,Viatris Healthcare Limited,"J01FA Macrolides, J01FA09 clarithromycin",J01FA09,AbbVie S.r.l.,S.R. 148 Pontina km 52 snc,Italy ,https://assets.hpra.ie/products/Human/30066/0d0dedec-c3cc-4e0c-94b3-104fb7552211.pdf
42928,Colistimethate sodium Accord 1 million IU powder for solution for injection / infusion,PA2315/283/001,Accord Healthcare Ireland Ltd.,J01XB01 colistin,J01XB01,Accord Healthcare Polska Sp.z o.o. | Laboratori Fundació Dau | Accord Healthcare Single Member S.A.,"ul. Lutomierska 50, 95-200 Pabianice | C/ C, 12-14 Pol. Ind., Zona Franca, Barcelona, 08040 | 64th Km National Road Athens,
Lamia, Schimatari, 32009",Poland | Spain | Greece,https://assets.hpra.ie/products/Human/42928/f33be701-f843-4147-bc28-661eb9fa8099.pdf
25185,Erythrocin 250 mg tablets,PA1142/008/002,Amdipharm Limited,"J01FA Macrolides, J01FA01 erythromycin",J01FA01,Aesica Queenborough Limited | Kleva Pharmaceuticals SA | Aesica Pharmaceuticals S.r.I.,"Queenborough
Kent
ME11 5EL | 189 Parnithos Ave
13675 - Acharnai | Via Praglia,15
10044 Pianezza (TO)",United Kingdom | Greece | Italy,https://assets.hpra.ie/products/Human/25185/2baa8091-e1a3-41b2-adc5-9f831338f6cd.pdf
42983,Colistimethate sodium Accord 2 million IU powder for solution for injection / infusion,PA2315/283/002,Accord Healthcare Ireland Ltd.,J01XB01 colistin,J01XB01,Accord Healthcare Polska Sp.z o.o. | Laboratori Fundació Dau | Accord Healthcare Single Member S.A.,"ul. Lutomierska 50, 95-200 Pabianice | C/ C, 12-14 Pol. Ind., Zona Franca, Barcelona, 08040 | 64th Km National Road Athens,
Lamia, Schimatari, 32009",Poland | Spain | Greece,https://assets.hpra.ie/products/Human/42983/01ea3b89-ec5b-45f8-8f6d-afc085215d5d.pdf
26406,Ceftriaxone 1g Powder for solution for injection or infusion,PA0281/225/001,Pinewood Laboratories Limited,"J01DD Third-generation cephalosporins, J01DD04 ceftriaxone",J01DD04,"Labesfal - Laboratorios Almiro, S.A.","Zona Industrial do Lagedo, Santiago de Besteiros,
3465-157",Portugal,https://assets.hpra.ie/products/Human/26406/ca9d7ca0-f89c-459c-851c-8d8fe6586607.pdf
38003,Prograf 0.5 mg hard capsules,PPA1463/165/001,"IMED Healthcare Ltd.,",L04AD02 tacrolimus,L04AD02,Astellas Ireland Co. Ltd.,"Killorglin, County Kerry, V93FC86",Ireland,https://assets.hpra.ie/products/Human/38003/aee3ca6f-3d57-4eca-b5e9-56f9633a9fee.pdf
26407,Ceftriaxone 2g Powder for Solution for Injection or Infusion,PA0281/225/002,Pinewood Laboratories Limited,"J01DD Third-generation cephalosporins, J01DD04 ceftriaxone",J01DD04,,"Zona Industrial do Lagedo, Santiago de Besteiros,
3465-157",Portugal,https://assets.hpra.ie/products/Human/26407/012e15ca-2119-4d98-a2a7-31348e3469fd.pdf
30218,Folinic acid (as calcium folinate) 10 mg / ml solution for injection or infusion,PA2059/001/001,Fresenius Kabi Deutschland GmbH,"V03AF Detoxifying agents for antineoplastic treatment, V03AF03 calcium folinate",V03AF03,Fresenius Kabi Austria GmbH,"Hafnerstrasse 36, Graz
A-8055",Austria,https://assets.hpra.ie/products/Human/30218/d71e7d13-c0ad-4fd3-ad41-64db8b4593a8.pdf
27654,Fluconazole 200 mg hard capsule,PA2315/090/003,Accord Healthcare Ireland Ltd.,"J02AC Triazole derivatives, J02AC01 fluconazole",J02AC01,Accord Healthcare Polska Sp.z o.o. | Accord Healthcare B.V. | Accord Healthcare single member S.A.,"ul. Lutomierska 50, 95-200 Pabianice | Winthontlaan 200,
3526 KV Utrecht | 64th Km National Road Athens,
Lamia, Schimatari, 32009",Poland | Netherlands | Greece,https://assets.hpra.ie/products/Human/27654/e4a35fbe-7377-4371-9e7e-373aa6f6a208.pdf
30743,Plasma-Lyte 148 (pH 7.4) solution for infusion,PA2299/032/001,Baxter Holding B.V.,"B05BB Solutions affecting the electrolyte balance, B05BB01 electrolytes",B05BB01,Baxter SA | Baxter Healthcare Ltd. | Bieffe Medital S.A.,"Boulevard René Branquart, 80, 7860 Lessines | Caxton Way, Thetford Norfolk IP24 3SE | Ctra de Biescas, Senegüé, 22666 Sabiñanigo (Huesca)",Belgium | United Kingdom | Spain,https://assets.hpra.ie/products/Human/30743/2b421d38-6679-4224-9701-6cfc7f1b774f.pdf
39707,Benzylpenicillin sodium 600 mg powder for solution for injection / infusion,PA2059/085/001,Fresenius Kabi Deutschland GmbH,J01CE01 benzylpenicillin,J01CE01,"Labesfal - Laboratorios Almiro, S.A.","Zona Industrial do Lagedo, Santiago de Besteiros,
3465-157",Portugal,https://assets.hpra.ie/products/Human/39707/b369b319-abb0-4cf8-8e0e-90b6e09a8806.pdf
30256,Rocuronium 10 mg / ml solution for injection / infusion,PA2059/018/001,Fresenius Kabi Deutschland GmbH,"M03AC Other quaternary ammonium compounds, M03AC09 rocuronium bromide",M03AC09,Fresenius Kabi Austria GmbH,"Hafnerstrasse 36, Graz
A-8055",Austria,https://assets.hpra.ie/products/Human/30256/398f84c8-7bc8-4a83-a3d8-400e6d60d387.pdf
35134,Rocuronium bromide 10 mg / mL Solution for injection / infusion,PA1122/022/001,Noridem Enterprises Limited,M03AC09 rocuronium bromide,M03AC09,"DEMO S.A., PHARMACEUTICAL INDUSTRY","21st km National Road Athens-
Lamia, 14568 Krioneri, Attiki",Greece,https://assets.hpra.ie/products/Human/35134/8faf2d4d-c538-43e4-99ae-0fdcabc5a368.pdf
14650,Paralink 120 mg / 5 ml Oral Solution,PA1721/006/001,Phoenix Healthcare Limited,"N02BE Anilides, N02BE01 paracetamol",N02BE01,Phoenix Healthcare Limited,"Unit 31, 2nd Avenue, Cookstown Industrial Estate, Tallaght, Dublin 24, D24 TP60",Ireland,https://assets.hpra.ie/products/Human/14650/52c40cbc-24e7-4480-a0df-d6c39f34f889.pdf
28489,Warfarin Teva 7.5 mg tablets,PA2050/001/008,Sun Pharmaceutical Industries Europe B.V.,"B01AA Vitamin K antagonists, B01AA03 warfarin",B01AA03,Sun Pharmaceutical Industries Europe B.V.,"Polarisavenue 87, 2132 JH Hoofddorp",Netherlands,https://assets.hpra.ie/products/Human/28489/ed41b6ce-50e1-438e-87b7-8c4f2351208b.pdf
28482,Warfarin Teva 0.5 mg tablets,PA2050/001/001,Sun Pharmaceutical Industries Europe B.V.,"B01AA Vitamin K antagonists, B01AA03 warfarin",B01AA03,Sun Pharmaceutical Industries Europe B.V.,"Polarisavenue 87, 2132 JH Hoofddorp",Netherlands,https://assets.hpra.ie/products/Human/28482/053de1c5-04ce-4edd-b6c8-e684e0534aed.pdf
28485,Warfarin Teva 2.5 mg tablets,PA2050/001/004,Sun Pharmaceutical Industries Europe B.V.,"B01AA Vitamin K antagonists, B01AA03 warfarin",B01AA03,Sun Pharmaceutical Industries Europe B.V.,"Polarisavenue 87, 2132 JH Hoofddorp",Netherlands,https://assets.hpra.ie/products/Human/28485/809e7633-fe6e-4839-bf5f-488a44c3aac2.pdf
28484,Warfarin Teva 2 mg tablets,PA2050/001/003,Sun Pharmaceutical Industries Europe B.V.,"B01AA Vitamin K antagonists, B01AA03 warfarin",B01AA03,Sun Pharmaceutical Industries Europe B.V.,"Polarisavenue 87, 2132 JH Hoofddorp",Netherlands,https://assets.hpra.ie/products/Human/28484/4ce1e5a3-0a01-4885-8133-0162fc14e499.pdf
28490,Warfarin Teva 10 mg tablets,PA2050/001/009,Sun Pharmaceutical Industries Europe B.V.,"B01AA Vitamin K antagonists, B01AA03 warfarin",B01AA03,Sun Pharmaceutical Industries Europe B.V.,"Polarisavenue 87, 2132 JH Hoofddorp",Netherlands,https://assets.hpra.ie/products/Human/28490/436eb512-1244-47ac-b608-45baf9418161.pdf
28488,Warfarin Teva 6 mg tablets,PA2050/001/007,Sun Pharmaceutical Industries Europe B.V.,"B01AA Vitamin K antagonists, B01AA03 warfarin",B01AA03,Sun Pharmaceutical Industries Europe B.V.,"Polarisavenue 87, 2132 JH Hoofddorp",Netherlands,https://assets.hpra.ie/products/Human/28488/941aef03-e1ea-4d1e-9875-ea4f72501219.pdf
21915,Depo-Medrone 40 mg / ml Suspension for Injection 3 ml vial,PA0822/122/003,Pfizer Healthcare Ireland Unlimited Company,"H02AB Glucocorticoids, H02AB04 methylprednisolone",H02AB04,Pfizer Manufacturing Belgium NV,"Rijksweg 12, 2870 Puurs-Sint-Amands",Belgium,https://assets.hpra.ie/products/Human/21915/db0eb7a3-f294-4b46-af0f-cab2d923b2b4.pdf
30697,Heparin Sodium BP 1000 IU / l in 0.9% w / v Sodium Chloride IV Infusion,PA2299/014/001,Baxter Holding B.V.,"B01AB Heparin group, B01AB01 heparin",B01AB01,Baxter Healthcare Ltd | Vantive Manufacturing Limited | Bieffe Medital SpA,"Caxton Way, Thetford
Norfolk, IP24 3SE | Castlebar, Co. Mayo | Via Nuova Provinciale - 23034 Grosotto (SO)",United Kingdom | Ireland | Italy,https://assets.hpra.ie/products/Human/30697/5ae2ef08-65c0-42ff-b705-bbde0a2b84d4.pdf
27530,Midazolam 2 mg / ml Solution for injection or infusion,PA2315/063/005,Accord Healthcare Ireland Ltd.,"N05CD Benzodiazepine derivatives, N05CD08 midazolam",N05CD08,Accord Healthcare Polska Sp.z o.o. | Accord Healthcare Single Member S.A.,"ul. Lutomierska 50, 95-200 Pabianice | 64th Km National Road Athens,
Lamia, Schimatari, 32009",Poland | Greece,https://assets.hpra.ie/products/Human/27530/d0f2dbf4-c13f-4e0c-a1b7-0bb4938e7861.pdf
,Dexmedetomidine 100 microgram / ml concentrate for solution for infusion,PA1122/048/001,Noridem Enterprises Limited,N05CM18 dexmedetomidine,N05CM18,"DEMO S.A., PHARMACEUTICAL INDUSTRY","21st km National Road Athens-
Lamia, 14568 Krioneri, Attiki",Greece,https://assets.hpra.ie/products/Human/42710/b8f82edd-4b54-4b5b-b608-ef3d3df738e3.pdf
35241,Flucloxacillin 500 mg powder for solution for injection or infusion,PA25636/001/001,Antibiotice S.A.,"J01CF Beta-lactamase resistant penicillins, J01CF05 flucloxacillin",J01CF05,Antibiotice SA,"1 Valea Lupului Street
707410 Iasi",Romania,https://assets.hpra.ie/products/Human/35241/c8f7b857-c5ef-4163-a8e9-1408743d72b8.pdf
23780,Flucloxacillin 1000 mg powder for solution for injection or infusion,PA25636/001/002,Antibiotice S.A.,"J01CF Beta-lactamase resistant penicillins, J01CF05 flucloxacillin",J01CF05,Antibiotice SA,"1 Valea Lupului Street
707410 Iasi",Romania,https://assets.hpra.ie/products/Human/23780/847e6ee3-3f7e-49cf-b4b2-a47a47df0457.pdf
43014,Augmentin 875 mg / 125 mg film-coated tablets,PPA1463/242/001,"IMED Healthcare Ltd.,",J01CR02 amoxicillin and enzyme inhibitor,J01CR02,Glaxo Wellcome Production,"Z.I. de la Peyenniere, 53100 Mayenne cedex",France,https://assets.hpra.ie/products/Human/43014/c5abdac7-3944-4957-8e5a-66f7c3b5b25a.pdf
36549,Amikacin Caragen 250 mg / ml solution for injection / infusion,PA22939/001/001,Caragen Limited,J01GB06 amikacin,J01GB06,ANFARM HELLAS S.A.,"61st km NAT.RD. ATHENS‐LAMIA
Schimatari Viotias, 32009",Greece,https://assets.hpra.ie/products/Human/36549/e861bb08-0147-49b9-bb41-77dfa178aa00.pdf
16702,Flucloxacillin 250mg / 5ml Oral Solution,PA1418/016/004,Athlone Pharmaceuticals Limited,"J01CF Beta-lactamase resistant penicillins, J01CF05 flucloxacillin",J01CF05,Athlone Laboratories Limited,"Ballymurray, Co. Roscommon",Ireland,https://assets.hpra.ie/products/Human/16702/bd4f94cd-5ada-4173-8693-8981ebad16e9.pdf
25245,Monotrim 100 mg Tablets,PA22643/002/002,Chemidex Pharma Limited,"J01EA Trimethoprim and derivatives, J01EA01 trimethoprim",J01EA01,Lelypharma B.V.,"Zuiveringweg 42, 8243 PZ Lelystad",Netherlands,https://assets.hpra.ie/products/Human/25245/dbec448b-688c-4f0f-9147-b7c08f4ad358.pdf
25246,Monotrim 200 mg Tablets,PA22643/002/003,Chemidex Pharma Limited,"J01EA Trimethoprim and derivatives, J01EA01 trimethoprim",J01EA01,Lelypharma B.V.,"Zuiveringweg 42, 8243 PZ Lelystad",Netherlands,https://assets.hpra.ie/products/Human/25246/84e34aea-cd1e-4826-a547-624c89606cae.pdf
27655,Cytarabine 100 mg / ml solution for injection or infusion,PA2315/082/001,Accord Healthcare Ireland Ltd.,L01BC01 cytarabine,L01BC01,Accord Healthcare Polska Sp.z o.o.,"ul. Lutomierska 50, 95-200 Pabianice",Poland,https://assets.hpra.ie/products/Human/27655/eda61fdc-84d6-450f-b388-7fee6832cf77.pdf
14831,Anxicalm 5 mg Tablets,PA0126/011/002,Clonmel Healthcare Ltd,"N05BA Benzodiazepine derivatives, N05BA01 diazepam",N05BA01,Clonmel Healthcare Ltd | STADA Arzneimittel AG,"Waterford Road, Clonmel, Co. Tipperary | Stadastrasse 2 – 18, 61118 Bad Vilbel",Ireland | Germany,https://assets.hpra.ie/products/Human/14831/bf0bd878-0a19-43bf-b47b-4b623938fff9.pdf
14832,Anxicalm 10 mg Tablets,PA0126/011/003,Clonmel Healthcare Ltd,"N05BA Benzodiazepine derivatives, N05BA01 diazepam",N05BA01,Clonmel Healthcare Ltd | STADA Arzneimittel AG,"Waterford Road, Clonmel, Co. Tipperary | Stadastrasse 2 – 18, 61118 Bad Vilbel",Ireland | Germany,https://assets.hpra.ie/products/Human/14832/28bcdd59-3974-4c0c-b27c-d799d55ca54e.pdf
20608,Propofol-Lipuro 1% (10 mg / ml) emulsion for injection or infusion,PA0736/018/001,B. Braun Melsungen AG,"N01AX Other general anesthetics, N01AX10 propofol",N01AX10,B. Braun Melsungen AG,"Carl-Braun-Straße 1, 34212 Melsungen",Germany,https://assets.hpra.ie/products/Human/20608/83610a5f-1499-4e1f-80a6-be04237e6c78.pdf
14403,Naloxone Hydrochloride 400 micrograms / ml Solution for Injection or Infusion,PA0073/111/002,Mercury Pharmaceuticals (Ireland) Ltd,"V03AB Antidotes, V03AB15 naloxone",V03AB15,Delpharm Tours,"Rue Paul Langevin, Chambray Les Tours, 37170",France,https://assets.hpra.ie/products/Human/14403/4f81ca4c-7ea7-4a50-8c5f-bb7a80b29399.pdf
18316,"Minims Pilocarpine Nitrate 2% w / v, Eye Drops, Solution",PA23259/017/001,Bausch + Lomb Ireland Limited,"S01EB Parasympathomimetics, S01EB01 pilocarpine",S01EB01,Laboratoire Chauvin,"Zone Industrielle de Ripoti, 50 Avenue Jean Monnet, 07200 Aubenas",France,https://assets.hpra.ie/products/Human/18316/cff2e620-f3d7-44f6-a309-7f523a9d8929.pdf
18310,"Minims Cyclopentolate Hydrochloride 1% w / v Eye Drops, solution",PA23259/011/001,Bausch + Lomb Ireland Limited,"S01FA Anticholinergics, S01FA04 cyclopentolate",S01FA04,Laboratoire Chauvin,"Zone Industrielle de Ripoti, 50 Avenue Jean Monnet, 07200 Aubenas",France,https://assets.hpra.ie/products/Human/18310/a861100e-42de-4d02-af35-562efaad4b6c.pdf
40568,Amphotericin B Liposomal Tillomed 50 mg Powder for concentrate for dispersion for infusion,PA22720/016/001,Tillomed Pharma GmbH,J02AA01 amphotericin B,J02AA01,Tillomed Malta Limited | SGS Pharma Magyarorszag Kft.,"Malta Life Sciences Park,
LS2.01.06 Industrial Estate,
San Gwann, SGN 3000 | Derkovits Gyula Utca 53,
Budapest XIX,1193",Malta | Hungary,https://assets.hpra.ie/products/Human/40568/56bec284-c765-4033-881d-c9e4db6667ed.pdf
37690,Thiotepa Fresenius Kabi 15 mg powder for concentrate for solution for infusion,PA2059/079/001,Fresenius Kabi Deutschland GmbH,L01AC01 thiotepa,L01AC01,Fresenius Kabi Deutschland GmbH,"Pfingstweide 53, 61169 Friedberg",Germany,https://assets.hpra.ie/products/Human/37690/84c0b317-6d70-4682-812d-8fa4266c86cd.pdf
27657,Clopidogrel 75mg Film-coated Tablets,PA2315/198/001,Accord Healthcare Ireland Ltd.,"B01AC Platelet aggregation inhibitors excl. heparin, B01AC04 clopidogrel",B01AC04,Accord Healthcare Polska Sp.z o.o. | Accord Healthcare Single Member S.A.,"ul. Lutomierska 50, 95-200 Pabianice | 64th Km National Road Athens, Lamia, Schimatari, 32009",Poland | Greece,https://assets.hpra.ie/products/Human/27657/f5a6c59d-5ee2-45c9-bf64-2ddfc78dfe56.pdf
37852,Thiotepa Fresenius Kabi 100 mg powder for concentrate for solution for infusion,PA2059/079/002,Fresenius Kabi Deutschland GmbH,L01AC01 thiotepa,L01AC01,Fresenius Kabi Deutschland GmbH,"Pfingstweide 53, 61169 Friedberg",Germany,https://assets.hpra.ie/products/Human/37852/cbfd07fb-778b-49d4-b629-440c49ca6da6.pdf
15312,Clopidogrel Clonmel 75mg Film-coated Tablets,PA0126/279/001,Clonmel Healthcare Ltd,"B01AC Platelet aggregation inhibitors excl. heparin, B01AC04 clopidogrel",B01AC04,STADA Arzneimittel AG | STADA Arzneimittel GmbH | STADA Nordic ApS | Centrafarm Services B.V. | Clonmel Healthcare Ltd,"Stadastrasse 2-18, D-61118 Bad Vilbel | Muthgasse 36/2, 1190 Wien | Marielundvej 46A, 2730 Herlev | Van de Reijtstraat 31-E, 4814 NE Breda | Waterford Road, Clonmel, Co. Tipperary",Germany | Austria | Denmark | Netherlands | Ireland,https://assets.hpra.ie/products/Human/15312/543dcb22-6206-48b3-bb30-bc8691d76c28.pdf
38499,Clopidogrel Azure 75 mg film-coated tablets,PA22871/027/001,Azure Pharmaceuticals Ltd.,B01AC04 clopidogrel,B01AC04,Meiji Pharma Spain,"S.A., Avda. de Madrid, 94, Alcalá de Henares, 28802 Madrid",Spain,https://assets.hpra.ie/products/Human/38499/f4d15037-2234-4222-8a40-2f747d7d025c.pdf
20260,Clodel 75 mg film-coated tablets,PA0711/166/001,"Rowex Limited,","B01AC Platelet aggregation inhibitors excl. heparin, B01AC04 clopidogrel",B01AC04,Salutas Pharma GmbH | S.C. Sandoz | Lek Pharmaceuticals d.d. | Lek S.A. | Lek Pharmaceuticals d.d.,"Otto-von-Guericke-Allee 1, 39179 Barleben | S.R.L., Str. Livezeni nr. 7A, RO-540472 Targu-Mures | Verovškova 57, 1526 Ljubljana | ul. Domaniewska 50 C, 02-672 Warszawa | Trimlini 2D, 9220 Lendava",Germany | Romania | Slovenia | Poland | Slovenia,https://assets.hpra.ie/products/Human/20260/7d419c2a-7aff-4aaa-ae26-5fde99c6986b.pdf
18973,"Vancomycin Viatris 500 mg, powder for solution for infusion",PA23266/004/001,Viatris Limited,"J01XA Glycopeptide antibacterials, J01XA01 vancomycin",J01XA01,Biologici Italia Laboratories S.r.l. | Vianex SA Plant C,"via Filippo Serpero, Masate, 20060 | 16th km Marathonos Ave
Pallini Attiki
15351",Italy | Greece,https://assets.hpra.ie/products/Human/18973/03af2164-3214-4604-a5c2-bcb0f43a4446.pdf
18974,"Vancomycin Viatris 1000 mg, powder for solution for infusion",PA23266/004/002,Viatris Limited,"J01XA Glycopeptide antibacterials, J01XA01 vancomycin",J01XA01,Biologici Italia Laboratories S.r.l. | Vianex SA Plant C,"via Filippo Serpero, Masate, 20060 | 16th km Marathonos Ave
Pallini Attiki
15351",Italy | Greece,https://assets.hpra.ie/products/Human/18974/fbe3c61a-c67e-42f3-aedd-1ea96fc8734e.pdf
28198,Monuril 3 g granules for oral solution,PA1441/002/002,Zambon S.p.A.,"J01XX Other antibacterials, J01XX01 fosfomycin",J01XX01,Zambon S.p.A.,"Via della Chimica, 9, 36100 Vicenza",Italy,https://assets.hpra.ie/products/Human/28198/075c78a7-31e0-4d29-8dcb-901d014d64b1.pdf
18031,Flagyl 400mg Tablets,PA0814/003/002,Fidia Farmaceutici S.p.A.,P01AB01 metronidazole,P01AB01,"FAMAR HEALTH CARE SERVICES MADRID, S.A.U | Sanofi Aventis, S.A.","Avenida de Leganés 62, 28923 Alcorcón, Madrid | S.A., Ctra. C-35 (La Batlloria-Hostalric, Km. 63.09), Riells i Viabrea, 17404 Gerona",Spain | Spain,https://assets.hpra.ie/products/Human/18031/83ec5d57-48fd-46df-b9d4-8e15dc169c92.pdf
21889,Mycobutin 150mg Hard Capsules,PA0822/109/001,Pfizer Healthcare Ireland Unlimited Company,"J04AB Antibiotics, J04AB04 rifabutin",J04AB04,Pfizer Italia S.r.l.,"Marino del Tronto, Ascoli Piceno",Italy,https://assets.hpra.ie/products/Human/21889/d8c7753a-e535-409b-ac9d-90ea70e2b975.pdf
28725,"Septrin 80 mg / 400 mg per ampoule, concentrate for solution for infusion",PA1691/010/005,Aspen Pharma Trading Limited,J01EE01 sulfamethoxazole and trimethoprim,J01EE01,Biologici Italia Laboratories S.r.I,"Via Filippo Serpero, 2-20060 Masate (Mi)",Italy,https://assets.hpra.ie/products/Human/28725/e92ae924-c004-46d4-9604-e61cdd33067c.pdf
24402,Fortum 2 g powder for solution for injection or infusion,PA23311/001/003,Sandoz Pharmaceuticals d.d.,"J01DD Third-generation cephalosporins, J01DD02 ceftazidime",J01DD02,ACS Dobfar S.p.A.,"Via Alessandro Fleming 2, 37135 Verona",Italy,https://assets.hpra.ie/products/Human/24402/3f94f6b7-791b-4d5b-9776-50bbff5128fc.pdf
38286,Rocuronium bromide Accord 10 mg / mL solution for injection in pre filled syringe,PA2315/256/001,Accord Healthcare Ireland Ltd.,M03AC09 rocuronium bromide,M03AC09,Accord Healthcare Polska Sp.z o.o. | Laboratori Fundació Dau,"ul. Lutomierska 50,
95-200 Pabianice | Pol. Ind. Consorci Zona Franca. c/ C, 12-14, 08040 BARCELONA (Barcelona)",Poland | Spain,https://assets.hpra.ie/products/Human/38286/a599d4c7-6ceb-49bc-8f7d-ded63dcc31ef.pdf
20630,Rocuronium 10 mg / ml solution for injection / infusion,PA0736/029/001,B. Braun Melsungen AG,"M03AC Other quaternary ammonium compounds, M03AC09 rocuronium bromide",M03AC09,B. Braun Melsungen AG,"Carl-Braun Straβe 1, 34212 Melsungen",Germany,https://assets.hpra.ie/products/Human/20630/36e0777d-7df4-4b19-a908-38cf19553585.pdf
14743,Monotrim 10 mg / ml Oral Suspension,PA23081/014/001,Taw Pharma (Ireland) Limited,"J01EA Trimethoprim and derivatives, J01EA01 trimethoprim",J01EA01,Delpharm Bladel B.V.,"Industrieweg 1, 5531 AD Bladel",Netherlands,https://assets.hpra.ie/products/Human/14743/1b104446-edf7-4ebe-b6c0-b2ed7d714dfc.pdf
17920,Sabril 500 mg film-coated Tablets,PA0540/023/001,Sanofi-Aventis Ireland Limited T/A SANOFI,"N03AG Fatty acid derivatives, N03AG04 vigabatrin",N03AG04,Patheon France S.A.,"Boulevard de Champaret
38300 Bourgoin-Jallieu",France,https://assets.hpra.ie/products/Human/17920/0b39713e-cd78-43be-91cc-b73a3303dc49.pdf
14441,Dobutamine 12.5mg / ml Concentrate for Solution for Infusion,PA0073/137/001,Mercury Pharmaceuticals (Ireland) Ltd,C01CA07 dobutamine,C01CA07,B. Braun Melsungen AG,"Mistelweg 2, 12357 Berlin",Germany,https://assets.hpra.ie/products/Human/14441/08166ab7-658d-4c3e-8ac3-3939ca8553dd.pdf
29224,Nimbex 2 mg / ml solution for injection / infusion,PA1691/030/001,Aspen Pharma Trading Limited,"M03AC Other quaternary ammonium compounds, M03AC11 cisatracurium",M03AC11,GlaxoSmithKline Manufacturing S.p.A. | Aspen Pharma Ireland Limited | Aspen Bad Oldesloe GmbH,"Strada Asolana, 90 San Polo di Torille, Parma 43056 | One George’s Quay Plaza, Dublin 2 | Industriestrasse 32-36, 23843 Bad Oldesloe",Italy | Ireland | Germany,https://assets.hpra.ie/products/Human/29224/3383bcd5-4fe7-4efb-aa1c-e632e03b7eca.pdf
30751,Propofol 10 mg / ml Emulsion for injection / infusion,PA2299/038/001,Baxter Holding B.V.,"N01AX Other general anesthetics, N01AX10 propofol",N01AX10,UAB Norameda | Bieffe Medital S.p.A. | SIA “UNIFARMA”,"Vilnius | Via Nuova Provinciale
23034 Grossotto (SO) | Vangažu iela 23,
Rīga",Lithuania | Italy | Latvia,https://assets.hpra.ie/products/Human/30751/b0b4b8e3-133c-46c4-8bc5-09bae195c96f.pdf
30752,Propofol 20 mg / ml Emulsion for injection / infusion,PA2299/038/002,Baxter Holding B.V.,"N01AX Other general anesthetics, N01AX10 propofol",N01AX10,UAB Norameda | Bieffe Medital S.p.A.,"Vilnius | Via Nuova Provinciale
23034 Grossotto (SO)",Lithuania | Italy,https://assets.hpra.ie/products/Human/30752/553881e0-117b-4c64-81a3-07181a5708c2.pdf
,Amoxicillin / clavulanic acid Krka 500 mg / 125 mg Film-Coated Tablets,PA1347/044/001,"KRKA, d.d., Novo mesto","J01CR Combinations of penicillins, incl. beta-lactamase inhibitors, J01CR02 amoxicillin and enzyme inhibitor",J01CR02,"KRKA, d.d.","Novo mesto, Šmarješka cesta 6, 8501 Novo mesto",Slovenia,https://assets.hpra.ie/products/Human/26700/e42e3e70-a367-4951-b555-46adbd618953.pdf
26710,Azithromycin Krka 250 mg film-coated tablets,PA1347/047/001,"KRKA, d.d., Novo mesto","J01FA Macrolides, J01FA10 azithromycin",J01FA10,"KRKA, d.d. | TAD Pharma GmbH","Novo mesto, Šmarješka cesta 6, 8501 Novo mesto | Heinz-Lohmann-Straße 5, 27472 Cuxhaven",Slovenia | Germany,https://assets.hpra.ie/products/Human/26710/02f910a3-2c1f-4f4f-9a0f-29cb4069d2e3.pdf
17971,Rifinah 150 / 100 mg Film- Coated Tablets,PA0540/068/001,Sanofi-Aventis Ireland Limited T/A SANOFI,"J04AM Combinations of drugs for treatment of tuberculosis, J04AM02 rifampicin and isoniazid",J04AM02,Sanofi S.r.l.,"Via Valcanello, 4
03012 Anagni (FR)",Italy,https://assets.hpra.ie/products/Human/17971/9675a4a9-7a54-4228-ba99-25834390c2fc.pdf
17972,Rifinah 300 / 150 mg Film Coated Tablets,PA0540/068/002,Sanofi-Aventis Ireland Limited T/A SANOFI,"J04AM Combinations of drugs for treatment of tuberculosis, J04AM02 rifampicin and isoniazid",J04AM02,Sanofi S.r.l.,"Via Valcanello, 4
03012 Anagni (FR)",Italy,https://assets.hpra.ie/products/Human/17972/9843f7d8-aec2-4aa5-a48c-131a5e3e5e4a.pdf
37398,Paracetamol Teva 500 mg film-coated tablets,PA1986/101/001,Teva B.V.,N02BE01 paracetamol,N02BE01,Teva B.V. | Merckle GmbH,"Swensweg 5
2031GA Haarlem | Graf-Arco-Str. 3
89079 Ulm",Netherlands | Germany,https://assets.hpra.ie/products/Human/37398/33e521bc-b68f-4ac8-955c-b6bcf4334f38.pdf
38240,Lorazepam Macure 4 mg / ml solution for injection,PA23199/002/001,Macure Pharma ApS,N05BA06 lorazepam,N05BA06,Medochemie Ltd,"48 Iapetou Street, Agios Athanassios Industrial Area
4101 Agios Athanassios, Limassol",Cyprus,https://assets.hpra.ie/products/Human/38240/fafaa44c-5b61-4905-be81-dee44aa2be6f.pdf
24206,Cyklokapron 500 mg Film-coated Tablets,PA23355/035/001,Viatris Healthcare Limited,"B02AA Amino acids, B02AA02 tranexamic acid",B02AA02,Madaus GmbH,51101 Cologne,Germany,https://assets.hpra.ie/products/Human/24206/fb0f927a-d1a9-46e8-93b1-f796e8f8a960.pdf
14320,Morphine Sulphate 60 mg / ml Solution for Injection,PA0073/020/008,Mercury Pharmaceuticals (Ireland) Ltd,"N02AA Natural opium alkaloids, N02AA01 morphine",N02AA01,B. Braun Melsungen AG,"Mistelweg 2, 12357 Berlin",Germany,https://assets.hpra.ie/products/Human/14320/7be3753f-0067-49b0-88c1-8a36d7965da4.pdf
30248,Piperacillin / Tazobactam 2 g / 0.25 g powder for solution for infusion,PA2059/016/001,Fresenius Kabi Deutschland GmbH,"J01CR Combinations of penicillins, incl. beta-lactamase inhibitors, J01CR05 piperacillin and enzyme inhibitor",J01CR05,"LABESFAL - Laboratórios Almiro S.A.
FRESENIUS KABI GROUP | MITIM S.r.l.","3465-157 Santiago de Besteiros | Via Cacciamali n°34-36-38
25125 Brescia",Portugal | Italy,https://assets.hpra.ie/products/Human/30248/252c3ffd-12c0-48fc-a51a-f4273fdbb405.pdf
14317,Morphine Sulphate 30 mg / ml Solution for Injection,PA0073/020/004,Mercury Pharmaceuticals (Ireland) Ltd,"N02AA Natural opium alkaloids, N02AA01 morphine",N02AA01,B. Braun Melsungen AG,"Mistelweg 2, 12357 Berlin",Germany,https://assets.hpra.ie/products/Human/14317/e7d7928c-1a3c-4412-8ab8-75f92ca02076.pdf
19351,Mitomycin medac 40 mg powder and solvent for intravesical solution,PA0623/016/002,medac Gesellschaft für klinische Spezialpräparate mbH,"L01DC Other cytotoxic antibiotics, L01DC03 mitomycin",L01DC03,medac Gesellschaft für klinische Spezialpräparate mbH,"Theaterstr. 6, 22880 Wedel",Germany,https://assets.hpra.ie/products/Human/19351/5c329661-5585-4448-8376-194ab70a995c.pdf
14314,Morphine Sulphate 10mg / ml Solution for Injection,PA0073/020/001,Mercury Pharmaceuticals (Ireland) Ltd,"N02AA Natural opium alkaloids, N02AA01 morphine",N02AA01,B. Braun Melsungen AG,"Mistelweg 2, 12357 Berlin",Germany,https://assets.hpra.ie/products/Human/14314/e91c17c6-e20b-48e8-8668-1d3ef2e0e3ef.pdf
30249,Piperacillin / Tazobactam 4 g / 0.5 g powder for solution for infusion,PA2059/016/002,Fresenius Kabi Deutschland GmbH,"J01CR Combinations of penicillins, incl. beta-lactamase inhibitors, J01CR05 piperacillin and enzyme inhibitor",J01CR05,"LABESFAL - Laboratórios Almiro S.A.
FRESENIUS KABI GROUP | MITIM S.r.l.","3465-157 Santiago de Besteiros | Via Cacciamali n°34-36-38
25125 Brescia",Portugal | Italy,https://assets.hpra.ie/products/Human/30249/1cbdb8b2-f6a4-41ff-b520-36b9b0b36489.pdf
30246,Paracetamol 10 mg / ml solution for infusion,PA2059/015/001,Fresenius Kabi Deutschland GmbH,"N02BE Anilides, N02BE01 paracetamol",N02BE01,Fresenius Kabi Deutschland GmbH | Fresenius Kabi Austria GmbH | Fresenius Kabi France,"Freseniusstraβe, 61169 Friedberg | Hafnerstraβe 36,
8055 Graz | 6 rue du Rempart – 27400
Louviers",Germany | Austria | France,https://assets.hpra.ie/products/Human/30246/cca148a5-8e8e-44cd-bac1-b6d418119cbb.pdf
30247,Paracetamol 10 mg / ml solution for infusion,PA2059/015/002,Fresenius Kabi Deutschland GmbH,"N02BE Anilides, N02BE01 paracetamol",N02BE01,Fresenius Kabi Deutschland GmbH | Fresenius Kabi Austria GmbH | Fresenius Kabi France,"Freseniusstraβe, 61169 Friedberg | Hafnerstraβe 36,
8055 Graz | 6 rue du Rempart – 27400
Louviers",Germany | Austria | France,https://assets.hpra.ie/products/Human/30247/f10f9275-16d4-414b-b1ee-6661c0220fec.pdf
30008,Flexbumin 200 g / l solution for infusion,PA2004/002/001,Baxalta Innovations GmbH,"B05AA Blood substitutes and plasma protein fractions, B05AA01 albumin",B05AA01,Baxter AG,"Industriestraße 67
A-1221 Vienna",Austria,https://assets.hpra.ie/products/Human/30008/b041d2ab-d8bd-4ad0-a962-dbdac5dc4d6b.pdf
30771,Rocephin 1 g powder and solvent for IM injection only,PA2307/008/002,Roche Products (Ireland) Ltd,J01DD04 ceftriaxone,J01DD04,Roche Pharma AG,"Emil-Barell-Str. 1, D-79639 Grenzach-Wyhlen",Germany,https://assets.hpra.ie/products/Human/30771/d51b3496-0a17-4163-83c8-c9b223c86b98.pdf
36999,Rocephin 1 g powder for solution for injection / infusion,PA2307/008/003,Roche Products (Ireland) Ltd,J01DD04 ceftriaxone,J01DD04,Roche Pharma AG,"Emil-Barell-Str. 1, D-79639 Grenzach-Wyhlen",Germany,https://assets.hpra.ie/products/Human/36999/81c44bb4-59dd-442f-b537-e03a1ad6b0be.pdf
39895,Dabigatran Etexilate 150 mg hard capsules,PA0126/386/003,Clonmel Healthcare Ltd,B01AE07 dabigatran etexilate,B01AE07,"Galenicum Health, S.L.U. | SAG Manufacturing S.L.U","Sant Gabriel, 50, 08950 – Esplugues de Llobregat (Barcelona) | Crta. N-I, Km 36, 28750 San Agustin de Guadalix, Madrid",Spain | Spain,https://assets.hpra.ie/products/Human/39895/27bafa99-d607-4ed6-972b-fd2089984e20.pdf
39894,Dabigatran Etexilate 110 mg hard capsules,PA0126/386/002,Clonmel Healthcare Ltd,B01AE07 dabigatran etexilate,B01AE07,"Galenicum Health, S.L.U. | SAG Manufacturing S.L.U","Sant Gabriel, 50, 08950 – Esplugues de Llobregat (Barcelona) | Crta. N-I, Km 36, 28750 San Agustin de Guadalix, Madrid",Spain | Spain,https://assets.hpra.ie/products/Human/39894/87da994e-66c0-4884-9ba1-0a9396688e14.pdf
27527,Midazolam 5 mg / ml Solution for Injection or Infusion,PA2315/063/002,Accord Healthcare Ireland Ltd.,"N05CD Benzodiazepine derivatives, N05CD08 midazolam",N05CD08,Accord Healthcare Polska Sp.z o.o.,"ul. Lutomierska 50, 95-200 Pabianice",Poland,https://assets.hpra.ie/products/Human/27527/aa82c0e1-3a29-4a48-9a53-648dc036c1e9.pdf
27526,Midazolam 1 mg / ml Solution for Injection or Infusion,PA2315/063/001,Accord Healthcare Ireland Ltd.,"N05CD Benzodiazepine derivatives, N05CD08 midazolam",N05CD08,Accord Healthcare Polska Sp.z o.o.,"ul. Lutomierska 50, 95-200 Pabianice",Poland,https://assets.hpra.ie/products/Human/27526/dbadbbb3-673b-496e-91c8-007737aedd2c.pdf
27653,Fluconazole 150 mg hard capsule,PA2315/090/002,Accord Healthcare Ireland Ltd.,"J02AC Triazole derivatives, J02AC01 fluconazole",J02AC01,Accord Healthcare Polska Sp.z o.o. | Accord Healthcare B.V. | Accord Healthcare single member S.A.,"ul. Lutomierska 50, 95-200 Pabianice | Winthontlaan 200,
3526 KV Utrecht | 64th Km National Road Athens,
Lamia, Schimatari, 32009",Poland | Netherlands | Greece,https://assets.hpra.ie/products/Human/27653/b4fe5150-3788-46bb-a150-ed1d04151adf.pdf
27844,Diazepam 10mg Tablets,PA2315/199/002,Accord Healthcare Ireland Ltd.,"N05BA Benzodiazepine derivatives, N05BA01 diazepam",N05BA01,Accord Healthcare Polska Sp.z o.o.,"ul. Lutomierska 50, 95-200 Pabianice",Poland,https://assets.hpra.ie/products/Human/27844/800a2b9a-6228-421f-8508-cff275ff4f1d.pdf
27730,Clarithromycin 500 mg film-coated tablets,PA2315/197/002,Accord Healthcare Ireland Ltd.,"J01FA Macrolides, J01FA09 clarithromycin",J01FA09,Accord Healthcare B.V. | LABORATORI FUNDACIÓ DAU | Accord Healthcare Polska Sp.z o.o.,"Winthontlaan 200,
3526 KV Utrecht | C/ C, 12-14 Pol. Ind. Zona Franca,
Barcelona, 08040 Barcelona | ul. Lutomierska 50,95-200 Pabianice",Netherlands | Spain | Poland,https://assets.hpra.ie/products/Human/27730/d8691d5d-dec8-4007-b519-682187d511da.pdf
23843,Copaxone 20 mg / ml solution for injection in pre-filled syringe,PA22579/001/001,TEVA GmbH,"L03AX Other immunostimulants, L03AX13 glatiramer acetate",L03AX13,Teva Pharmaceuticals Europe B.V. | Norton Healthcare Limited T/A IVAX Pharmaceuticals UK (Teva Runcorn) | Actavis Group PTC ehf. | Merckle GmbH,"Swensweg 5
2031 GA Haarlem | Aston Lane North, Whitehouse Vale Industrial Estate
Runcorn, Cheshire, WA7 3FA | Dalshraun 1, 220, Hafnarfjörður | Graf-Arco-Str. 3
89079 Ulm",Netherlands | United Kingdom | Iceland | Germany,https://assets.hpra.ie/products/Human/23843/bc60cb70-a3db-4a59-b23d-db80d8870a56.pdf
27843,Diazepam 5mg Tablets,PA2315/199/001,Accord Healthcare Ireland Ltd.,"N05BA Benzodiazepine derivatives, N05BA01 diazepam",N05BA01,Accord Healthcare Polska Sp.z o.o.,"ul. Lutomierska 50, 95-200 Pabianice",Poland,https://assets.hpra.ie/products/Human/27843/4449034e-6359-4e0d-bd94-78858c0f576e.pdf
27652,Fluconazole 50 mg hard capsules,PA2315/090/001,Accord Healthcare Ireland Ltd.,"J02AC Triazole derivatives, J02AC01 fluconazole",J02AC01,Accord Healthcare Polska Sp.z o.o. | Accord Healthcare B.V. | Accord Healthcare single member S.A.,"ul. Lutomierska 50, 95-200 Pabianice | Winthontlaan 200,
3526 KV Utrecht | 64th Km National Road Athens,
Lamia, Schimatari, 32009",Poland | Netherlands | Greece,https://assets.hpra.ie/products/Human/27652/03915b30-8bdd-4c49-992a-f3265202e7db.pdf
35717,Midazolam 1 mg / ml solution for injection / infusion in pre-filled syringe,PA2315/220/001,Accord Healthcare Ireland Ltd.,N05CD08 midazolam,N05CD08,Accord Healthcare Polska Sp.z o.o. | Laboratori Fundació Dau,"ul. Lutomierska 50,
95-200 Pabianice | C/ C, 12-14 Pol. Ind.
Zona Franca, Barcelona, 08040",Poland | Spain,https://assets.hpra.ie/products/Human/35717/c5187e0b-6ede-4af5-9a58-031b490fa432.pdf
27729,Clarithromycin 250 mg film-coated tablets,PA2315/197/001,Accord Healthcare Ireland Ltd.,"J01FA Macrolides, J01FA09 clarithromycin",J01FA09,Accord Healthcare B.V. | LABORATORI FUNDACIÓ DAU | Accord Healthcare Polska Sp.z o.o.,"Winthontlaan 200,
3526 KV Utrecht | C/ C, 12-14 Pol. Ind. Zona Franca,
Barcelona, 08040 Barcelona | ul. Lutomierska 50,95-200 Pabianice",Netherlands | Spain | Poland,https://assets.hpra.ie/products/Human/27729/0fedefc7-93a7-4da6-89ed-9ae54ec643c6.pdf
27531,Midazolam 5 mg / ml Solution for injection or infusion,PA2315/063/006,Accord Healthcare Ireland Ltd.,"N05CD Benzodiazepine derivatives, N05CD08 midazolam",N05CD08,Accord Healthcare Polska Sp.z o.o. | Accord Healthcare Single Member S.A.,"ul. Lutomierska 50,95-200 Pabianice | 64th Km National Road Athens,
Lamia, Schimatari, 32009",Poland | Greece,https://assets.hpra.ie/products/Human/27531/3e908ab1-2254-4227-a4cf-2f03f522221a.pdf
40210,Vancomycin 1000 mg powder for concentrate for solution for infusion,PA2237/007/002,hameln pharma gmbh,"A07AA09 vancomycin, J01XA01 vancomycin",J01XA01,Anfarm Hellas S.A.,"61st Km National Road Athens Lamia
320 09 Schimatari Viotias",Greece,https://assets.hpra.ie/products/Human/40210/867366ce-6bca-41ab-be0d-b97557ff31a7.pdf
40152,Vancomycin 500 mg powder for concentrate for solution for infusion,PA2237/007/001,hameln pharma gmbh,"A07AA09 vancomycin, J01XA01 vancomycin",J01XA01,Anfarm Hellas S.A.,"61st Km National Road Athens Lamia
320 09 Schimatari Viotias",Greece,https://assets.hpra.ie/products/Human/40152/9c5eac4f-daa9-4f84-b071-91cf4d915c48.pdf
25754,Akineton Retard 4 mg prolonged release tablets,PA1253/002/001,Laboratorio Farmaceutico S.I.T.,"N04AA Tertiary amines, N04AA02 biperiden",N04AA02,Laboratorio Farmaceutico S.I.T. Srl,"Via Cavour, 70 – 27035 Mede (PV)",Italy,https://assets.hpra.ie/products/Human/25754/787814d0-cdd7-4b74-a55b-bfbfd73abb38.pdf
37861,"Albutein, 50 gram(s) / litre, solution for infusion",PA0849/006/001,Instituto Grifols S.A.,B05AA01 albumin,B05AA01,"Instituto Grifols, S.A.","Can Guasch, 2 - Parets del Vallès
08150 Barcelona",Spain,https://assets.hpra.ie/products/Human/37861/0e8a2da2-f9c2-4cf2-a79f-dcd91e85fc4e.pdf
37878,"Albutein, 200 gram(s) / litre, solution for infusion",PA0849/006/002,Instituto Grifols S.A.,B05AA01 albumin,B05AA01,"Instituto Grifols, S.A.","Can Guasch, 2 - Parets del Vallès
08150 Barcelona",Spain,https://assets.hpra.ie/products/Human/37878/e6047154-12c3-43f7-9f40-e64332b443f7.pdf
25753,Akineton 2 mg tablets,PA1253/001/001,Laboratorio Farmaceutico S.I.T.,"N04AA Tertiary amines, N04AA02 biperiden",N04AA02,Laboratorio Farmaceutico S.I.T. Srl,"Via Cavour, 70 – 27035 Mede (PV)",Italy,https://assets.hpra.ie/products/Human/25753/7b4c8a19-be22-4617-85c8-a3a9a9d45750.pdf
40383,Prednisolone 5 mg soluble tablets,PA1567/003/001,Activase Pharmaceuticals Limited,H02AB06 prednisolone,H02AB06,Elara Pharmaservices Europe Limited,"Regus Block 1, Blanchardstown Corporate Park 1,
Ballycoolen Road, Dublin 15,
D15 AKK1",Ireland,https://assets.hpra.ie/products/Human/40383/2d9cab1b-452b-4528-a57c-16127cf65d5f.pdf
41333,Labrycor 0.2 mg / ml concentrate for solution for infusion,PA23314/002/001,Macure Healthcare Limited,C01CA02 isoprenaline,C01CA02,SGS Pharma Magyarorszag Kft. | Tillomed Malta Limited,"Derkovits Gyula Utca 53, Budapest XIX, 1193 | Malta Life Sciences Park,
LS2.01.06 Industrial Estate,
San Gwann, SGN 3000",Hungary | Malta,https://assets.hpra.ie/products/Human/41333/98b8a2f9-3feb-421d-b24b-74d2f81e42aa.pdf
27624,Furosemide 10 mg / ml Solution for Injection or Infusion,PA2315/163/001,Accord Healthcare Ireland Ltd.,"C03CA Sulfonamides, plain, C03CA01 furosemide",C03CA01,Accord Healthcare Polska Sp.z o.o.,"ul. Lutomierska 50, 95-200 Pabianice",Poland,https://assets.hpra.ie/products/Human/27624/901efc99-ebe0-49bc-8e0b-622142d4895b.pdf
39718,Benzylpenicillin sodium 1200 mg powder for solution for injection / infusion,PA2059/085/002,Fresenius Kabi Deutschland GmbH,J01CE01 benzylpenicillin,J01CE01,"Labesfal - Laboratórios Almiro, S.A.","Zona Industrial do Lagedo,
Santiago de Besteiros, 3465-157",Portugal,https://assets.hpra.ie/products/Human/39718/f8677380-9d62-4c16-b76b-22bdb99b555a.pdf
41967,Dabigatran etexilate Gedeon Richter 110 mg hard capsules,PA1330/033/001,Gedeon Richter Plc,B01AE07 dabigatran etexilate,B01AE07,Gedeon Richter Polska Sp. z o.o. | Gedeon Richter Plc.,"ul. ks. J. Poniatowskiego 5, 05-825 Grodzisk Mazowiecki | Gyömrői út 19-21.
Budapest H-1103",Poland | Hungary,https://assets.hpra.ie/products/Human/41967/4e62a208-fa22-4c12-ad59-68e159b50110.pdf
17943,Claforan Powder for Solution for Injection 1g,PA1142/041/002,Amdipharm Limited,"J01DD Third-generation cephalosporins, J01DD01 cefotaxime",J01DD01,"S.C. Zentiva S.A. | Laboratórios Atral, S.A.","50 Theodor Pallady Blvd.
District 3 - 032266 Bucharest | Rua da Estação, n.ºs 1 e 1A
2600-726 Castanheira do Ribatejo",Romania | Portugal,https://assets.hpra.ie/products/Human/17943/8127172d-6272-4bbf-b6db-575dbe7e25e1.pdf
30772,Valcyte 450 mg film-coated tablets,PA2239/023/001,CHEPLAPHARM Arzneimittel GmbH,"J05AB Nucleosides and nucleotides excl. reverse transcriptase inhibitors, J05AB14 valganciclovir",J05AB14,CHEPLAPHARM Arzneimittel GmbH | Prestige Promotion Verkaufsfoerderung & Werbeservice GmbH,"Ziegelhof 23 - 24, 17489 Greifswald | Borsigstrasse 2, 63755 Alzenau",Germany | Germany,https://assets.hpra.ie/products/Human/30772/c9585110-9a52-49db-bc49-dfaad3841893.pdf
36692,"Nazalam 5 mg nasal spray, solution in single-dose container",PA25573/001/003,Kelso Pharma Ireland Limited,N05CD08 midazolam,N05CD08,TIOFARMA BV,"Hermanus Boerhaavestraat 1, 3261 ME Oud-Beijerland",Netherlands,https://assets.hpra.ie/products/Human/36692/2e771f78-c03d-4d11-823d-173bb4518848.pdf
36684,"Nazalam 2.5 mg nasal spray, solution in single-dose container",PA25573/001/001,Kelso Pharma Ireland Limited,N05CD08 midazolam,N05CD08,TIOFARMA BV,"Hermanus Boerhaavestraat 1, 3261 ME Oud-Beijerland",Netherlands,https://assets.hpra.ie/products/Human/36684/4ab67ba4-3b9d-402f-9ea8-0f999d26418e.pdf
36691,"Nazalam 3.75 mg nasal spray, solution in single-dose container",PA25573/001/002,Kelso Pharma Ireland Limited,N05CD08 midazolam,N05CD08,TIOFARMA BV,"Hermanus Boerhaavestraat 1, 3261 ME Oud-Beijerland",Netherlands,https://assets.hpra.ie/products/Human/36691/61caea43-4ccf-4e72-8e5c-0826100319eb.pdf
29222,"Tracrium 10 mg / ml, solution for injection or infusion, ampoules",PA1691/029/001,Aspen Pharma Trading Limited,"M03AC Other quaternary ammonium compounds, M03AC04 atracurium",M03AC04,GlaxoSmithKline Manufacturing S.p.A.,"Strada Provinciale Asolana N 90, (loc San Polo)
43056, Torrile (PR)",Italy,https://assets.hpra.ie/products/Human/29222/88e361d8-7f89-4f85-bd57-0d0c630af73f.pdf
22664,Tegretol SR 400mg prolonged release tablets,PA0896/030/006,Novartis Ireland Limited,"N03AF Carboxamide derivatives, N03AF01 carbamazepine",N03AF01,Novartis Farma S.P.A,"131 via Provinciale Schito
Torre Annunziata",Italy,https://assets.hpra.ie/products/Human/22664/72247139-76c6-472f-bdac-74873bff2e6f.pdf
20593,Metronidazole 5 mg / ml solution for infusion,PA0736/002/001,B. Braun Melsungen AG,"J01XD Imidazole derivatives, J01XD01 metronidazole",J01XD01,"B. Braun Melsungen AG | B. Braun Medical, S.A.","Carl-Braun-Straße 1, 34212 Melsungen | Carretera de Terrassa 121, 08191 Rubí, Barcelona",Germany | Spain,https://assets.hpra.ie/products/Human/20593/e62c09a2-f68f-436b-89af-50f47b4a610c.pdf
22017,Paracetamol 500 mg Film Coated Tablets,PA0678/150/001,Haleon Ireland Limited,"N02BE Anilides, N02BE01 paracetamol",N02BE01,Haleon Italy Manufacturing S.r.l.,"Via Nettunense 90, Aprilia",Italy,https://assets.hpra.ie/products/Human/22017/7871bfd4-8dbb-41a3-aa04-117483654ca6.pdf
30773,Valcyte 50 mg / ml powder for oral solution,PA2239/023/002,CHEPLAPHARM Arzneimittel GmbH,"J05AB Nucleosides and nucleotides excl. reverse transcriptase inhibitors, J05AB14 valganciclovir",J05AB14,CHEPLAPHARM Arzneimittel GmbH | Prestige Promotion Verkaufsfoerderung & Werbeservice GmbH,"Ziegelhof 23 - 24, 17489 Greifswald | Borsigstrasse 2, 63755 Alzenau",Germany | Germany,https://assets.hpra.ie/products/Human/30773/6d2591f4-9bcc-4583-be2f-32d703314bcf.pdf
30749,Furosemide 10 mg / ml Solution for Injection,PA2299/036/001,Baxter Holding B.V.,"C03CA Sulfonamides, plain, C03CA01 furosemide",C03CA01,UAB Norameda | Bieffe Medital S.P.A.,"Meistru 8a, Vilnius, 02189 | Via Nuova Provinciale 23034 Grosotto (SO)",Lithuania | Italy,https://assets.hpra.ie/products/Human/30749/f1849913-1208-4740-8cdf-9bcb6486ba07.pdf
22459,DERMATRANS 10 mg / 24 h transdermal patch,PA0868/006/002,Rottapharm Ltd,"C01DA Organic nitrates, C01DA02 glyceryl trinitrate",C01DA02,ROTTAPHARM Ltd. | LTS Lohmann Therapie Systeme AG,"Damastown, Industrial Park, Mulhuddart
Dublin 15 | Lohmannstraβe 2
56626 Andernach",Ireland | Germany,https://assets.hpra.ie/products/Human/22459/9205594a-d808-4b68-8e67-16a97939a640.pdf
22455,EPINITRIL 15 mg / 24 h transdermal patch,PA0868/003/003,Rottapharm Ltd,"C01DA Organic nitrates, C01DA02 glyceryl trinitrate",C01DA02,ROTTAPHARM Ltd. | LTS Lohmann Therapie Systeme AG,"Damastown, Industrial Park, Mulhuddart
Dublin 15 | Lohmannstraβe 2
56626 Andernach",Ireland | Germany,https://assets.hpra.ie/products/Human/22455/fd8e38b3-5564-4f8c-881f-07c6f3799c1b.pdf
22454,EPINITRIL 10 mg / 24 h transdermal patch,PA0868/003/002,Rottapharm Ltd,"C01DA Organic nitrates, C01DA02 glyceryl trinitrate",C01DA02,ROTTAPHARM Ltd. | LTS Lohmann Therapie Systeme AG,"Damastown, Industrial Park, Mulhuddart
Dublin 15 | Lohmannstraβe 2
56626 Andernach",Ireland | Germany,https://assets.hpra.ie/products/Human/22454/fe3c2a56-d687-42fa-9cad-5a694a864303.pdf
22458,DERMATRANS 5 mg / 24 h transdermal patch,PA0868/006/001,Rottapharm Ltd,"C01DA Organic nitrates, C01DA02 glyceryl trinitrate",C01DA02,ROTTAPHARM Ltd. | LTS Lohmann Therapie Systeme AG,"Damastown, Industrial Park, Mulhuddart
Dublin 15 | Lohmannstraβe 2
56626 Andernach",Ireland | Germany,https://assets.hpra.ie/products/Human/22458/aba36a7f-2a8b-48de-a21e-1f2772029572.pdf
22460,DERMATRANS 15 mg / 24 h transdermal patch,PA0868/006/003,Rottapharm Ltd,"C01DA Organic nitrates, C01DA02 glyceryl trinitrate",C01DA02,ROTTAPHARM Ltd. | LTS Lohmann Therapie Systeme AG,"Damastown, Industrial Park, Mulhuddart
Dublin 15 | Lohmannstraβe 2
56626 Andernach",Ireland | Germany,https://assets.hpra.ie/products/Human/22460/cb0c880d-69cc-450a-aeb7-8ccaa60bf8cf.pdf
22453,EPINITRIL 5 mg / 24 h transdermal patch,PA0868/003/001,Rottapharm Ltd,"C01DA Organic nitrates, C01DA02 glyceryl trinitrate",C01DA02,ROTTAPHARM Ltd. | LTS Lohmann Therapie Systeme AG,"Damastown, Industrial Park, Mulhuddart
Dublin 15 | Lohmannstraβe 2
56626 Andernach",Ireland | Germany,https://assets.hpra.ie/products/Human/22453/844d8fc9-b608-47d0-9355-e5b0bb52ace4.pdf
14839,Phenobarbital 15 mg Tablets,PA0126/019/001,Clonmel Healthcare Ltd,"N03AA Barbiturates and derivatives, N03AA02 phenobarbital",N03AA02,Clonmel Healthcare Ltd,"Waterford Road, Clonmel, Co. Tipperary",Ireland,https://assets.hpra.ie/products/Human/14839/b906feb8-63cc-4115-bd30-c39a049c0bf4.pdf
14840,Phenobarbital 30 mg Tablets,PA0126/019/002,Clonmel Healthcare Ltd,"N03AA Barbiturates and derivatives, N03AA02 phenobarbital",N03AA02,Clonmel Healthcare Ltd,"Waterford Road, Clonmel, Co. Tipperary",Ireland,https://assets.hpra.ie/products/Human/14840/183148c1-90e4-448f-b8e2-bcd1d99da97b.pdf
30398,"diTeBooster, suspension for injection in pre-filled single-dose syringes.Diphtheria and tetanus vaccine (adsorbed, reduced antigen content).",PA2160/001/001,AJ Vaccines A/S,"J07AM Tetanus vaccines, J07AM51 tetanus toxoid, combinations with diphtheria toxoid",J07AM51,AJ Vaccines A/S,"5, Artillerivej, 2300 Copenhagen S",Denmark,https://assets.hpra.ie/products/Human/30398/6f43f2b7-72e6-4a8f-b4e4-b7c954a59fe7.pdf
30226,Cefuroxime 750 mg powder for solution for injection / infusion,PA2059/006/001,Fresenius Kabi Deutschland GmbH,"J01DC Second-generation cephalosporins, J01DC02 cefuroxime",J01DC02,"Labesfal - Laboratórios Almiro, S.A.","Zona Industrial do Lagedo,
Santiago de Besteiros, 3465-157",Portugal,https://assets.hpra.ie/products/Human/30226/9593c867-3074-4a10-a773-3202d7350393.pdf
18508,Amikacin 5 mg / ml solution for infusion,PA2059/072/001,Fresenius Kabi Deutschland GmbH,"J01GB Other aminoglycosides, J01GB06 amikacin",J01GB06,Fresenius Kabi Polska Sp.z.o.o,"ul. Sienkiewicza 25,
99-300 Kutno",Poland,https://assets.hpra.ie/products/Human/18508/d36fad6f-2ddb-4bf5-a189-11375f8604b2.pdf
18481,Co-amoxiclav 1000mg / 200mg powder for solution for injection / infusion,PA2059/026/001,Fresenius Kabi Deutschland GmbH,"J01CR Combinations of penicillins, incl. beta-lactamase inhibitors, J01CR02 amoxicillin and enzyme inhibitor",J01CR02,"Labesfal - Laboratórios Almiro, S.A.","Zona Industrial do Lagedo,
Santiago de Besteiros, 3465-157",Portugal,https://assets.hpra.ie/products/Human/18481/510fcf32-4c3d-402f-9888-51e8cf05bbf3.pdf
21397,Atrovent Inhaler CFC-Free 20 micrograms per metered dose pressurised inhalation solution,PA0775/012/001,Boehringer Ingelheim International GmbH,"R03BB Anticholinergics, R03BB01 ipratropium bromide",R03BB01,Boehringer Ingelheim Pharma GmbH & Co. KG,"Binger Strasse 173,
55216 Ingelheim am Rhein",Germany,https://assets.hpra.ie/products/Human/21397/6b8c66f6-b2bd-49b0-b2c4-f3b6b6328d54.pdf
22113,Aciclovir 25mg / ml concentrate for solution for infusion,PA0822/215/001,Pfizer Healthcare Ireland Unlimited Company,"J05AB Nucleosides and nucleotides excl. reverse transcriptase inhibitors, J05AB01 aciclovir",J05AB01,Pfizer Service Company BV,"Hoge Wei 10, 1930 Zaventem",Belgium,https://assets.hpra.ie/products/Human/22113/2046554a-c082-46e6-bd77-6b9d743369ae.pdf
39839,Hydrocortisone 5 mg Tablets,PA22865/003/003,Renata Pharmaceuticals (Ireland) Limited,H02AB09 hydrocortisone,H02AB09,Alterno Labs d.o.o.,"Brnčičeva ulica 29,
Ljubljana-Črnuče, 1231",Slovenia,https://assets.hpra.ie/products/Human/39839/8c97a685-0003-4769-b973-1cade2e3657a.pdf
28715,Alkeran 2 mg Film-coated Tablets,PA1691/004/002,Aspen Pharma Trading Limited,"L01AA Nitrogen mustard analogues, L01AA03 melphalan",L01AA03,EXCELLA GmbH & Co. KG,"Nürnberger Strasse 12, 90537 Feucht",Germany,https://assets.hpra.ie/products/Human/28715/06bdb730-19b3-4457-ae22-891efca5a71f.pdf
24462,"Havrix Monodose Vaccine. Hepatitis A Vaccine (inactivated, adsorbed), 1440 ELISA units /  1ml Suspension for injection in a pre-filled syringe",PA1077/026/002,GlaxoSmithKline (Ireland) Limited,"J07BC Hepatitis vaccines, J07BC02 hepatitis A, inactivated, whole virus",J07BC02,GlaxoSmithKline Biologicals,"89, rue de l’Institut, 1330 Rixensart",Belgium,https://assets.hpra.ie/products/Human/24462/562c4212-fc90-411a-a637-f6c7cc7f9df8.pdf
19477,Panadol ActiFast 500mg Soluble Tablets,PA0678/039/014,Haleon Ireland Limited,"N02BE Anilides, N02BE01 paracetamol",N02BE01,Haleon Ireland Dungarvan Limited,"Knockbrack, Dungarvan, Co. Waterford, X35
RY76",Ireland,https://assets.hpra.ie/products/Human/19477/8cca4eb5-ae5a-4891-8088-2f127d242058.pdf
19475,Panadol Actifast Tablets 500mg,PA0678/039/012,Haleon Ireland Limited,"N02BE Anilides, N02BE01 paracetamol",N02BE01,Haleon Ireland Dungarvan Limited,"Knockbrack, Dungarvan, Co. Waterford, X35
RY76",Ireland,https://assets.hpra.ie/products/Human/19475/40e64860-9e97-40c5-ad8d-995a54c6e282.pdf
17500,"Salamol CFC-Free Inhaler 100 micrograms pressurised inhalation, suspension",PA0436/032/001,Norton Waterford,R03AC02 salbutamol,R03AC02,Norton Waterford T/A IVAX Pharmaceuticals Ireland,"Unit 301, IDA Industrial Park, Waterford",Ireland,https://assets.hpra.ie/products/Human/17500/268f3d68-d599-4d31-bf7a-181ad5f7f902.pdf
25529,Vancocin Matrigel 125mg Hard Capsules,PA1226/005/001,Flynn Pharma Limited,"J01XA Glycopeptide antibacterials, J01XA01 vancomycin",J01XA01,NextPharma Ploermel,"Zone Industrielle De Camagnon, 56800 Ploermel",France,https://assets.hpra.ie/products/Human/25529/18f40d98-d7b1-420f-b297-8b9f869841e4.pdf
25532,Vancocin 1 g powder for concentrate for solution for infusion and powder for oral solution,PA1226/005/004,Flynn Pharma Limited,"J01XA Glycopeptide antibacterials, J01XA01 vancomycin",J01XA01,Xellia Pharmaceuticals ApS,"Dalslandsgade 11
DK-2300 København S",Denmark,https://assets.hpra.ie/products/Human/25532/88f3303a-048d-4651-806f-2eba0543ad56.pdf
25531,Vancocin 500 mg powder for concentrate for solution for infusion and powder for oral solution,PA1226/005/003,Flynn Pharma Limited,"J01XA Glycopeptide antibacterials, J01XA01 vancomycin",J01XA01,Xellia Pharmaceuticals ApS,"Dalslandsgade 11
DK-2300 København S",Denmark,https://assets.hpra.ie/products/Human/25531/f5288cda-0a07-425a-b6aa-c0b3d96109ff.pdf
35753,Flucloxacillin 500 mg powder for solution for injection / infusion,PA2059/069/001,Fresenius Kabi Deutschland GmbH,J01CF05 flucloxacillin,J01CF05,"Labesfal - Laboratórios Almiro, S.A.","Zona Industrial do Lagedo,
Santiago de Besteiros, 3465-157",Portugal,https://assets.hpra.ie/products/Human/35753/883c091b-3916-464f-901e-24aea71659a8.pdf
28706,Lanoxin 250 microgram Tablets,PA1691/001/004,Aspen Pharma Trading Limited,"C01AA Digitalis glycosides, C01AA05 digoxin",C01AA05,Aspen Bad Oldesloe GmbH,"Industriestrasse 32-36, D-23843 Bad Oldesloe",Germany,https://assets.hpra.ie/products/Human/28706/2514c402-803a-49a9-96c2-6602694f3a3d.pdf
28704,Lanoxin PG 50 micrograms / ml Elixir,PA1691/001/002,Aspen Pharma Trading Limited,"C01AA Digitalis glycosides, C01AA05 digoxin",C01AA05,Aspen Bad Oldesloe GmbH,"Industriestrasse 32-36, D-23843 Bad Oldesloe",Germany,https://assets.hpra.ie/products/Human/28704/efec3e5d-7e3d-4abe-9b65-3cb48c206b6e.pdf
28705,Lanoxin PG 62.5 microgram Tablets,PA1691/001/003,Aspen Pharma Trading Limited,"C01AA Digitalis glycosides, C01AA05 digoxin",C01AA05,Aspen Bad Oldesloe GmbH,"Industriestrasse 32-36, D-23843 Bad Oldesloe",Germany,https://assets.hpra.ie/products/Human/28705/c4fb28fe-8540-44e9-9e83-299b22221acf.pdf
28703,Lanoxin 500 micrograms / 2 ml Solution for Injection,PA1691/001/001,Aspen Pharma Trading Limited,"C01AA Digitalis glycosides, C01AA05 digoxin",C01AA05,GlaxoSmithKline Manufacturing S.p.A | Cenexi – Fontenay Sous Bois,"Strada Provinciale Asolana 90, 43056 San Polo di Torrile, Parma | 52 rue Marcel et Jacques Gaucher, Fontenay-Sous Bois, 94120",Italy | France,https://assets.hpra.ie/products/Human/28703/965390ee-0f35-44aa-91f1-3f33a8160799.pdf
22351,Fanhdi 1000 IU powder and solvent for solution for injection,PA0849/001/003,Instituto Grifols S.A.,"B02BD Blood coagulation factors, B02BD02 coagulation factor VIII",B02BD02,"Instituto Grifols, S.A.","Can Guasc, 2 - Parets del Vallès
08150 Barcelona",Spain,https://assets.hpra.ie/products/Human/22351/cf8bcc72-f8ae-4403-a05a-1701597ec780.pdf
22350,Fanhdi 500 IU powder and solvent for solution for injection,PA0849/001/002,Instituto Grifols S.A.,"B02BD Blood coagulation factors, B02BD02 coagulation factor VIII",B02BD02,"Instituto Grifols, S.A.","Can Guasc, 2 - Parets del Vallès
08150 Barcelona",Spain,https://assets.hpra.ie/products/Human/22350/a4a3f1d7-b3cc-460c-bb87-639e16689e9b.pdf
22349,Fanhdi 250 IU powder and solvent for solution for injection,PA0849/001/001,Instituto Grifols S.A.,"B02BD Blood coagulation factors, B02BD02 coagulation factor VIII",B02BD02,"Instituto Grifols, S.A.","Can Guasc, 2 - Parets del Vallès
08150 Barcelona",Spain,https://assets.hpra.ie/products/Human/22349/d3511406-0cba-4de6-972c-4a3312975593.pdf
15846,"Sodium Chloride Intravenous Infusion BP 0.9% w / v Solution for Infusion, Ecobag",PA0179/002/031,B. Braun Medical Limited,"B05BB Solutions affecting the electrolyte balance, B05BB01 electrolytes",B05BB01,B. Braun Melsungen AG,"Carl-Braun-Straße 1
34212 Melsungen",Germany,https://assets.hpra.ie/products/Human/15846/2180600.PA0179_002_031.740f9031-2e22-41bf-827c-7062ca7bae24.000001ProductLeafletApproved.180727.pdf
15844,Sodium Chloride Intravenous Infusion BP 0.9% w / v Solution for Infusion,PA0179/002/007,B. Braun Medical Limited,"B05BB Solutions affecting the electrolyte balance, B05BB01 electrolytes",B05BB01,B. Braun Melsungen AG | B. Braun Medical S. A.,"Carl-Braun-Straße 1
34212 Melsungen | Carretera de Terrassa 121
08191 Rubí (Barcelona)",Germany | Spain,https://assets.hpra.ie/products/Human/15844/2180600.PA0179_002_007.b6b6917e-3d23-4036-a3ae-5d429081d341.000001ProductLeafletApproved.180727.pdf
20594,Sodium Chloride 0.9% w / v Intravenous Infusion BP Solution for Infusion,PA0736/003/001,B. Braun Melsungen AG,"B05BB Solutions affecting the electrolyte balance, B05BB01 electrolytes",B05BB01,B. Braun Melsungen AG | B. Braun Medical S. A.,"Carl-Braun-Straße 1
34212 Melsungen | Carretera de Terrassa 121
08191 Rubí (Barcelona)",Germany | Spain,https://assets.hpra.ie/products/Human/20594/2180598.PA0736_003_001.6edcd9c9-2fa5-43b2-8e8c-59b45398a28c.000001SodiumChloridePIL.170427.pdf
37808,"Paracetamol 500 mg Capsules, hard",PA22871/016/001,Azure Pharmaceuticals Ltd.,N02BE01 paracetamol,N02BE01,"Meiji Pharma Spain, S.A. | Laboratoires BTT","Avda de Madrid, 94
Alcalà de Henares
28802 Madrid | Z.I. de Krafft
67150 ERSTEIN",Spain | France,https://assets.hpra.ie/products/Human/37808/5abfd612-36d4-490f-8373-02941667f636.pdf
32673,Dalacin C 150 mg Hard Capsules,PPA1463/150/001,"IMED Healthcare Ltd.,","J01FF Lincosamides, J01FF01 clindamycin",J01FF01,Fareva Amboise,"Zone Industrielle, 29 route des Industries, 37530, Pocé-sur-Cisse",France,https://assets.hpra.ie/products/Human/32673/c4a2687c-6210-49f2-b18f-353158c681bb.pdf
38273,Zarontin 250 mg / 5 ml Syrup,PPA1463/181/001,"IMED Healthcare Ltd.,","N03AD Succinimide derivatives, N03AD01 ethosuximide",N03AD01,FAMAR Orléans | Delpharm Orléans,"5 avenue de Concyr, 45071 Orléans Cedex 2 | 5 avenue de Concyr, 45071 Orléans
Cedex 2",France | France,https://assets.hpra.ie/products/Human/38273/16d96ab7-404f-41bf-af34-d14ae122c439.pdf
38119,Desmotabs Melt 120 micrograms oral lyophilisate,PPA1463/174/001,"IMED Healthcare Ltd.,",H01BA02 desmopressin,H01BA02,Ferring GmbH,"Wittland 11, D-24109 Kiel",Germany,https://assets.hpra.ie/products/Human/38119/0388e848-ef48-4782-af89-f286965b71ad.pdf
36253,Puri-Nethol 50 mg Tablets,PPA1463/128/001,"IMED Healthcare Ltd.,",L01BB02 mercaptopurine,L01BB02,"Excella GmbH & Co. KG | Aspen Bad Oldesloe
GmbH","Nürnberger Strasse 12,
90537 Feucht | Industriestrasse 32-36, 23843 Bad
Oldesloe",Germany | Germany,https://assets.hpra.ie/products/Human/36253/0067ad9d-1770-46b8-a39d-c8704be0d013.pdf
16315,Six Plus Parapaed Paracetamol Oral Suspension 250 mg / 5 ml,PA0281/002/003,Pinewood Laboratories Ltd,"N02BE Anilides, N02BE01 paracetamol",N02BE01,Pinewood Laboratories Limited,"Clonmel, Co. Tipperary",Ireland,https://assets.hpra.ie/products/Human/16315/398daac0-90e1-46d3-89a2-fd4059314dd0.pdf
29978,Brodilaten 5.0 mg / 2.5 ml Nebuliser solution,PA1122/024/003,Noridem Enterprises Limited,"R03AC Selective beta-2-adrenoreceptor agonists, R03AC02 salbutamol",R03AC02,,,,https://assets.hpra.ie/products/Human/29978/3e815327-5350-422f-a4f2-23fb1d844bfd.pdf
28926,Co-amoxiclav 250mg / 125mg Film-coated tablets,PA23148/004/001,Brown & Burk IR Limited,"J01CR Combinations of penicillins, incl. beta-lactamase inhibitors, J01CR02 amoxicillin and enzyme inhibitor",J01CR02,Micro Labs GmbH | Misom Labs Limited | Brown & Burk IR Limited,"Lyoner Straβe 20
60528 Frankfurt/Main | Malta Life Sciences Park,
LS2.01.06, Industrial Estate,
San Gwann, SGN 3000 | Creative Dock, Malahide Marina,
Malahide, Co.Dublin, K36 W540",Germany | Malta | Ireland,https://assets.hpra.ie/products/Human/28926/4390be94-7242-4ed9-96ac-7f16661707d3.pdf
28928,Co-amoxiclav 875mg / 125mg Film-coated Tablets,PA23148/004/003,Brown & Burk IR Limited,"J01CA Penicillins with extended spectrum, J01CA04 amoxicillin",J01CA04,Micro Labs GmbH | Misom Labs Limited | Brown & Burk IR Limited,"Lyoner Straβe 20
60528 Frankfurt/Main | Malta Life Sciences Park,
LS2.01.06, Industrial Estate,
San Gwann, SGN 3000 | Creative Dock, Malahide Marina,
Malahide, Co.Dublin, K36 W540",Germany | Malta | Ireland,https://assets.hpra.ie/products/Human/28928/4e449df5-8670-495c-a0b4-ab73cbf7bcc9.pdf
28927,Co-amoxiclav 500mg / 125mg Film-coated tablets,PA23148/004/002,Brown & Burk IR Limited,"J01CR Combinations of penicillins, incl. beta-lactamase inhibitors, J01CR02 amoxicillin and enzyme inhibitor",J01CR02,Micro Labs GmbH | Misom Labs Limited | Brown & Burk IR Limited,"Lyoner Straβe 20
60528 Frankfurt/Main | Malta Life Sciences Park,
LS2.01.06, Industrial Estate,
San Gwann, SGN 3000 | Creative Dock, Malahide Marina,
Malahide, Co.Dublin, K36 W540",Germany | Malta | Ireland,https://assets.hpra.ie/products/Human/28927/dc1814c4-c785-4454-8ba2-72ec71987aee.pdf
37371,Dexmedetomidine Kabi 100 microgram / mL concentrate for solution for infusion,PA2059/076/001,Fresenius Kabi Deutschland GmbH,N05CM18 dexmedetomidine,N05CM18,Fresenius Kabi Austria GmbH,"Hafnerstrasse 36
8055 Graz",Austria,https://assets.hpra.ie/products/Human/37371/a183bc86-7466-4de8-a8bf-df5eb1924843.pdf
,Oxaliplatin 5 mg / ml Concentrate for Solution for Infusion,PA2315/114/001,Accord Healthcare Ireland Ltd.,"L01XA Platinum compounds, L01XA03 oxaliplatin",L01XA03,Accord Healthcare Polska Sp.z o.o. | Accord Healthcare single member S.A.,"ul. Lutomierska 50, 95-200 Pabianice | 64th Km National Road Athens,
Lamia, Schimatari,
32009",Poland | Greece,https://assets.hpra.ie/products/Human/27562/5ae2c64c-1420-4b6d-87d7-ca060b8f508e.pdf
18100,Calcium Resonium 99.934% Powder for oral or rectal suspension,PA0540/141/001,Sanofi-Aventis Ireland Limited T/A SANOFI,"V03AE Drugs for treatment of hyperkalemia and hyperphosphatemia, V03AE01 polystyrene sulfonate",V03AE01,Sanofi Winthrop Industrie,"196 avenue du Maréchal Juin, 45200 Amilly",France,https://assets.hpra.ie/products/Human/18100/ad93a940-041f-4889-b9b2-90aeb7514db4.docx
29048,Tipol 125 mg suppositories,PA0126/331/002,Clonmel Healthcare Ltd,"N02BE Anilides, N02BE01 paracetamol",N02BE01,bene-Arzneimittel GmbH,"Herterichstrasse 1-3, D-81479 Munich",Germany,https://assets.hpra.ie/products/Human/29048/7a1ae409-8d20-4749-b7aa-397b330ecc0c.pdf
29200,Fludrocortisone acetate 0.1 mg tablets,PA23355/036/001,Viatris Healthcare Limited,"H02AA Mineralocorticoids, H02AA02 fludrocortisone",H02AA02,Haupt Pharma Amareg GmbH,"Donaustaufer Straße 378
93055 Regensburg",Germany,https://assets.hpra.ie/products/Human/29200/c5eba618-da93-4d95-b668-df5e53787981.pdf
16356,Paratabs 500 mg Tablets,PA0281/074/001,Pinewood Laboratories Limited,"N02BE Anilides, N02BE01 paracetamol",N02BE01,Pinewood Laboratories Ltd.,"Ballymacarbry, Clonmel, Co.
Tipperary",Ireland,https://assets.hpra.ie/products/Human/16356/bcdfc44d-d48e-4894-b456-cf718d95db35.pdf
16329,Primacine 125 mg / 5 ml Granules for Oral Suspension,PA0281/026/007,Pinewood Laboratories Ltd,"J01FA Macrolides, J01FA01 erythromycin",J01FA01,Pinewood Laboratories Ltd.,"Ballymacarbry, Clonmel, Co.
Tipperary",Ireland,https://assets.hpra.ie/products/Human/16329/22d49f9e-3375-4507-86ec-c88a23357eb7.pdf
13174,"Ciloxan 3 mg / ml ear drops, solution",PA0896/006/001,Novartis Ireland Limited,"S02AA Antiinfectives, S02AA15 ciprofloxacin",S02AA15,"Novartis Farmacéutica, S.A.","Gran Via de les Corts Catalanes, 764
08013 Barcelona",Spain,https://assets.hpra.ie/products/Human/13174/44bc2a32-49ca-4864-86bf-6bd742871e84.pdf
16330,Primacine 250 mg / 5 ml Granules for Oral Suspension,PA0281/026/008,Pinewood Laboratories Ltd,"J01FA Macrolides, J01FA01 erythromycin",J01FA01,Pinewood Laboratories Ltd.,"Ballymacarbry, Clonmel, Co.
Tipperary",Ireland,https://assets.hpra.ie/products/Human/16330/0994e23d-a57b-45ee-b623-b89b2520ac85.pdf
27040,Floxapen 250mg Powder for solution for Injection or Infusion,PA1986/111/001,Teva B.V.,J01CF05 flucloxacillin,J01CF05,Istituto Biochimico Italiano Giovanni Lorenzini SPA,"Via di Fossignano 2, 04011 – Aprilia (LT)",Italy,https://assets.hpra.ie/products/Human/27040/c28bd793-2a8f-4012-a2a8-20996a63ea5d.pdf
27044,Floxapen 1000 mg powder for solution for injection or infusion,PA1986/111/003,Teva B.V.,"J01CF Beta-lactamase resistant penicillins, J01CF05 flucloxacillin",J01CF05,Istituto Biochimico Italiano Giovanni Lorenzini SPA,"Via di Fossignano 2, 04011 – Aprilia (LT)",Italy,https://assets.hpra.ie/products/Human/27044/e04ac932-4da4-4e78-aacb-f3f221daf954.pdf
27041,Floxapen 500 mg Powder for Solution for Injection or Infusion,PA1986/111/002,Teva B.V.,J01CF05 flucloxacillin,J01CF05,Istituto Biochimico Italiano Giovanni Lorenzini SPA,"Via di Fossignano 2, 04011 – Aprilia (LT)",Italy,https://assets.hpra.ie/products/Human/27041/125455f5-c9f3-488d-9fe1-060da2b8573f.pdf
27045,Floxapen 2000 mg powder for solution for injection or infusion,PA1986/111/004,Teva B.V.,"J01CF Beta-lactamase resistant penicillins, J01CF05 flucloxacillin",J01CF05,Istituto Biochimico Italiano Giovanni Lorenzini SPA,"Via di Fossignano 2, 04011 – Aprilia (LT)",Italy,https://assets.hpra.ie/products/Human/27045/fc969304-f6ba-4ca3-be78-142bd60b31b2.pdf
24422,Zinacef 1.5 g powder for solution for injection or infusion,PA23311/002/003,Sandoz Pharmaceuticals d.d.,"J01DC Second-generation cephalosporins, J01DC02 cefuroxime",J01DC02,ACS Dobfar S.p.A.,"Via Alessandro Fleming 2, 37135 Verona",,https://assets.hpra.ie/products/Human/24422/8bb75510-dddf-461c-9594-f849c231acab.pdf
29926,"COLOMYCIN 1 million International Units (IU) Powder for solution for injection, infusion or inhalation",PA1986/046/001,Teva B.V.,"J01XB Polymyxins, J01XB01 colistin",J01XB01,Millmount Healthcare Ltd. | Merckle GmbH,"Unit 7, City North Business Campus
Stamullen
Co. Meath
K32 YD60 | Ludwig-Merckle-Strasse 3
89143 Blaubeuren",Ireland | Germany,https://assets.hpra.ie/products/Human/29926/94c36f20-9098-439e-a4c9-a5e27497152b.pdf
29976,Brodilaten 1.25 mg / 2.5 ml Nebuliser solution,PA1122/024/001,Noridem Enterprises Limited,R03AC02 salbutamol,R03AC02,,,,https://assets.hpra.ie/products/Human/29976/d4596729-44fd-4afe-b6cc-348451cd365f.pdf
38739,Hydroxy-Vit 1000 microgram / ml solution for injection,PA1113/031/001,Phoenix Labs Unlimited Company,B03BA03 hydroxocobalamin,B03BA03,Laboratórios Basi – Indústria Farmacêutica S.A.,"Parque Industrial Manuel Lourenço Ferreira, Lote 8, 15 e 16, 3450-232 Mortágua",Portugal,https://assets.hpra.ie/products/Human/38739/0b9a5043-4dce-4916-a5d3-0c43842b6d83.pdf
41599,Noradrenaline (Norepinephrine) 1 mg / ml concentrate for solution for infusion,PA1968/023/001,Laboratoire Aguettant,C01CA03 norepinephrine,C01CA03,Laboratoire Aguettant | Delpharm Tours | Haupt Pharma Livron,"1 rue Alexander Fleming
69007 Lyon | Rue Paul Langevin
37 170 Chambray-Les-Tours | 1 rue Comte de Sinard,
26250 Livron Sur Drome",France | France | France,https://assets.hpra.ie/products/Human/41599/22451731-a25f-4868-aa6c-bac99bcc92c3.pdf
30451,"Ventizolve 1.26 mg nasal spray, solution in single-dose container",PA1270/002/001,Navamedic ASA,V03AB15 naloxone,V03AB15,Pharma Production AS,"Karihaugveien 22
NO-1086 OSLO",Norway,https://assets.hpra.ie/products/Human/30451/d08de95f-1e34-4e16-8a0a-bd4b3e6321ed.pdf
30758,Cymevene 500 mg powder for concentrate for solution for infusion,PA2239/003/001,CHEPLAPHARM Arzneimittel GmbH,"J05AB Nucleosides and nucleotides excl. reverse transcriptase inhibitors, J05AB06 ganciclovir",J05AB06,CHEPLAPHARM Arzneimittel GmbH | Prestige Promotion Verkaufsfoerderung & Werbeservice GmbH | Prestige Promotion Verkaufsfoerderung & Werbeservice GmbH,"Ziegelhof 23-24, 17489 Greifswald | Lindigstrasse 6, 63801 Kleinostheim | Borsigstrasse 2, 63755 Alzenau",Germany | Germany | Germany,https://assets.hpra.ie/products/Human/30758/22d5ec86-06db-4370-a391-93aaa74303ff.pdf
24544,"Ventolin Diskus 200 micrograms Inhalation Powder, pre-dispensed",PA1077/049/011,GlaxoSmithKline (Ireland) Limited,"R03AC Selective beta-2-adrenoreceptor agonists, R03AC02 salbutamol",R03AC02,Glaxo Wellcome Production,"Zone Industrielle No.2, 23 Rue Lavoisier, 27000 Evreux",France,https://assets.hpra.ie/products/Human/24544/5f774a91-c828-4314-8508-8862eac989a4.pdf
24543,"Ventolin Evohaler 100 micrograms pressurised inhalation, suspension",PA1077/049/010,GlaxoSmithKline (Ireland) Limited,"R03AC Selective beta-2-adrenoreceptor agonists, R03AC02 salbutamol",R03AC02,"Glaxo Wellcome, S.A. | Glaxo Wellcome Production","Avenida de Extramadura 09400 Aranda de Duero, Burgos | Zone Industrielle No. 2, 23 Rue Lavoisier, 27000 Evreux",Spain | France,https://assets.hpra.ie/products/Human/24543/45e25001-9776-4a11-b712-e04c952699e1.pdf
,"Tracrium 10 mg / ml solution for injection or infusion, vials",PA1691/029/002,Aspen Pharma Trading Limited,"M03AC Other quaternary ammonium compounds, M03AC04 atracurium",M03AC04,GlaxoSmithKline Manufacturing S.p.A. | Aspen Pharma Ireland Limited | Aspen Bad Oldesloe GmbH,"Strada Provinciale Asolana N 90, (loc San Polo)
43056, Torrile (PR) | 3016 Lake Drive, Citywest Business Campus, Dublin 24 | Industriestrasse 32-36, 23843 Bad Oldesloe",Italy | Ireland | Germany,https://assets.hpra.ie/products/Human/29223/e3f747f5-7542-41d3-9c6f-e4f962dc95a1.pdf
20609,Propofol-Lipuro 1% (10 mg / ml) emulsion for injection or infusion,PA0736/018/002,B. Braun Melsungen AG,"N01AX Other general anesthetics, N01AX10 propofol",N01AX10,B. Braun Melsungen AG,"Carl-Braun-Straße 1, 34212 Melsungen",Germany,https://assets.hpra.ie/products/Human/20609/f3250e3b-6f0a-4535-8f09-578aba9e489e.pdf
16697,Flucloxacillin 125mg / 5ml Oral Solution BP,PA1418/015/001,Athlone Pharmaceuticals Limited,"J01CF Beta-lactamase resistant penicillins, J01CF05 flucloxacillin",J01CF05,Athlone Pharmaceuticals Limited,"Connaught House, 1 Burlington Road, Dublin 4",Ireland,https://assets.hpra.ie/products/Human/16697/df1c323b-9548-4533-95ef-53e504002809.pdf
29049,Tipol 250 mg suppositories,PA0126/331/003,Clonmel Healthcare Ltd,"N02BE Anilides, N02BE01 paracetamol",N02BE01,bene-Arzneimittel GmbH,"Herterichstrasse 1-3, D-81479 Munich",Germany,https://assets.hpra.ie/products/Human/29049/0717f7a0-2754-48f7-98d3-62c5cda97bd2.pdf
19884,Verap 120mg Prolonged Release Tablets,PA0711/016/004,"Rowex Limited,","C08DA Phenylalkylamine derivatives, C08DA01 verapamil",C08DA01,Salutas Pharma GmbH | Rowa Pharmaceuticals Ltd.,"Otto-von-Guericke Allee 1, 39179 Barleben | Bantry, Co Cork",Germany | Ireland,https://assets.hpra.ie/products/Human/19884/b9b9b85d-50ac-4ac2-b485-adbbb9a129a9.pdf
29051,Tipol Max 1000 mg suppositories,PA0126/331/005,Clonmel Healthcare Ltd,"N02BE Anilides, N02BE01 paracetamol",N02BE01,bene-Arzneimittel GmbH,"Herterichstrasse 1-3, D-81479 Munich",Germany,https://assets.hpra.ie/products/Human/29051/3280ce83-9947-459f-9190-6c884ea1096b.pdf
16700,Flucloxacillin 500 mg capsules,PA1418/016/002,Athlone Pharmaceuticals Limited,"J01CF Beta-lactamase resistant penicillins, J01CF05 flucloxacillin",J01CF05,Athlone Laboratories Limited,"Ballymurray, Co. Roscommon",Ireland,https://assets.hpra.ie/products/Human/16700/84615ba6-5af1-43d9-b141-cb2b90326a57.pdf
16699,Flucloxacillin 250 mg Capsules,PA1418/016/001,Athlone Pharmaceuticals Limited,"J01CF Beta-lactamase resistant penicillins, J01CF05 flucloxacillin",J01CF05,Athlone Laboratories Limited,"Ballymurray, Co. Roscommon",Ireland,https://assets.hpra.ie/products/Human/16699/5c2a2c02-b3ca-4d86-8ea3-d8d16c76930a.pdf
16695,Flucloxacillin 250 mg Capsules,PA0298/016/001,Athlone Laboratories Limited,"J01CF Beta-lactamase resistant penicillins, J01CF05 flucloxacillin",J01CF05,Athlone Laboratories Limited,"Ballymurray, Co. Roscommon",Ireland,https://assets.hpra.ie/products/Human/16695/d6a641eb-e62f-4848-9f33-c0a1e09e775f.pdf
16701,Flucloxacillin 125mg / 5ml Oral Solution,PA1418/016/003,Athlone Pharmaceuticals Limited,"J01CF Beta-lactamase resistant penicillins, J01CF05 flucloxacillin",J01CF05,Athlone Laboratories Limited,"Ballymurray, Co. Roscommon",Ireland,https://assets.hpra.ie/products/Human/16701/ddfee9a6-99ca-4eb7-a03c-03fcac39a803.pdf
30767,Rivotril  0.5 mg Tablets,PA2239/020/001,CHEPLAPHARM Arzneimittel GmbH,"N03AE Benzodiazepine derivatives, N03AE01 clonazepam",N03AE01,Recipharm Leganés S.L.U.,"Calle Severo Ochoa 13
Leganés
28914 Madrid",Spain,https://assets.hpra.ie/products/Human/30767/90b7d8b9-1efa-4c5e-b120-522ce1834e73.pdf
16755,Clonazepam Rosemont 0.5 mg / 5 ml oral solution,PA23081/009/001,Taw Pharma (Ireland) Limited,"N03AE Benzodiazepine derivatives, N03AE01 clonazepam",N03AE01,Jenson R+ (Ireland) Ltd,"Unit 15, Daingean Hall, N4 Axis Centre, Longford,
N39 W6K0",Ireland,https://assets.hpra.ie/products/Human/16755/f3b62d20-8ce0-434e-996b-cc03ec4bf091.pdf
16575,Salamol Steri-Neb 5 mg / 2.5 ml Nebuliser Solution,PA1986/086/002,Teva B.V.,"R03AC Selective beta-2-adrenoreceptor agonists, R03AC02 salbutamol",R03AC02,IVAX Pharmaceuticals UK | Merckle GmbH,"Aston Lane North,
Whitehouse Vale Industrial Estate,
Preston Brook, Runcorn,
Cheshire,WA7 3FA | Ludwig-Merckle-Strasse 3,
D-89143 Blaubeuren",United Kingdom | Germany,https://assets.hpra.ie/products/Human/16575/3a7bdff1-66a5-466e-aac3-e17cc166c434.pdf
20918,Ciprofloxacin Teva 500 mg film-coated tablets,PA0749/031/003,Teva Pharma B.V.,"J01MA Fluoroquinolones, J01MA02 ciprofloxacin",J01MA02,Pharmachemie B.V. | TEVA Pharmaceutical Works Private Limited Company,"Swensweg 5, 2003 RN Haarlem | Pallagi út 13, 4042 Debrecen",Netherlands | Hungary,https://assets.hpra.ie/products/Human/20918/3a8c0bc4-ede1-4d39-9e48-3ddb88c963be.pdf
27418,Gemcitabine Teva 40 mg / ml Concentrate for Solution for Infusion,PA1986/122/001,Teva B.V.,"L01BC Pyrimidine analogues, L01BC05 gemcitabine",L01BC05,Actavis Italy S.p.A. – Nerviano Plant | Pharmachemie B.V.,"Viale Pasteur 10, 20014 Nerviano (MI) | Swensweg 5, 2031 GA, Haarlem",Italy | Netherlands,https://assets.hpra.ie/products/Human/27418/51b4fe73-9930-4c8d-9189-4065d3fcbfd8.pdf
22724,Diamox 250 mg Tablets,PA1142/020/003,Amdipharm Limited,"S01EC Carbonic anhydrase inhibitors, S01EC01 acetazolamide",S01EC01,Skyepharma Production S.A.S. | Abcur AB,"Zone Industrielle Chesnes Ouest,
55 rue du Montmurier, SAINT QUENTIN FALLAVIER, 38070 | Bergaliden 11, Helsinborg, 252 23",France | Sweden,https://assets.hpra.ie/products/Human/22724/b3047ba7-9f7a-47fe-92fa-f78cb6edd1b0.pdf
39195,Paralink 80 mg Suppositories,PA1721/006/005,Phoenix Healthcare Limited,N02BE01 paracetamol,N02BE01,P.P.F.Hasco-Lek SA,51-131 Wroclaw,Poland,https://assets.hpra.ie/products/Human/39195/f6c497e2-c85a-4fe4-aa9f-a3e5d47422a9.pdf
39235,Paralink 250 mg Suppositories,PA1721/006/007,Phoenix Healthcare Limited,N02BE01 paracetamol,N02BE01,P.P.F.Hasco-Lek SA,51-131 Wroclaw,Poland,https://assets.hpra.ie/products/Human/39235/333d6c28-723d-4703-91a7-f761363e2737.pdf
39234,Paralink 125 mg Suppositories,PA1721/006/006,Phoenix Healthcare Limited,N02BE01 paracetamol,N02BE01,P.P.F.Hasco-Lek SA,51-131 Wroclaw,Poland,https://assets.hpra.ie/products/Human/39234/2e547d62-59ee-43c7-a489-03ca79702520.pdf
40354,Cyclophosphamide Seacross 200 mg powder for solution for injection / infusion,PA22766/013/001,Seacross Pharma (Europe) Limited,L01AA01 cyclophosphamide,L01AA01,Seacross Pharma (Europe) Ltd.,"POD 13, The Old Station House, 15A Main Street, Blackrock, Dublin, A94 T8P8",Ireland,https://assets.hpra.ie/products/Human/40354/59d8336e-55e3-43b9-8e45-32c3ae41c657.pdf
22075,Folinic Acid (as Calcium Folinate) 15mg Tablets,PA0822/198/001,Pfizer Healthcare Ireland Unlimited Company,"V03AF Detoxifying agents for antineoplastic treatment, V03AF03 calcium folinate",V03AF03,Pfizer Service Company BV | Orion Corporation,"Hoge Wei 10, 1930 Zaventem | Orion Pharma, Joensuunkatu 7, Salo, 24100",Belgium | Finland,https://assets.hpra.ie/products/Human/22075/f61a1183-776a-431f-8c71-afc6d84cfebc.pdf
30411,Morphine sulfate 15 mg / ml Solution for Injection,PA2165/003/002,AS Kalceks,N02AA01 morphine,N02AA01,AS KALCEKS,"Krustpils iela 71E, Rīga, LV-1057",Latvia,https://assets.hpra.ie/products/Human/30411/216e16fa-9277-482b-9c48-4c31ab9df4c7.pdf
24804,Co-amoxiclav 1000 mg / 200 mg powder for solution for injection / infusion,PA2220/002/002,Instituto Biochimico Italiano G. Lorenzini S.p.A.,"J01CR Combinations of penicillins, incl. beta-lactamase inhibitors, J01CR02 amoxicillin and enzyme inhibitor",J01CR02,Istituto Biochimico Italiano G. Lorenzini S.p.A.,"Via Fossignano, 2, 04011 Aprilia (LT)",Italy,https://assets.hpra.ie/products/Human/24804/e0ccaba0-78bc-456f-8008-4c295a26e6ba.pdf
24805,Co-amoxiclav 2000 mg / 200 mg powder for solution for infusion,PA2220/002/003,Instituto Biochimico Italiano G. Lorenzini S.p.A.,"J01CR Combinations of penicillins, incl. beta-lactamase inhibitors, J01CR02 amoxicillin and enzyme inhibitor",J01CR02,Istituto Biochimico Italiano G. Lorenzini S.p.A.,"Via Fossignano, 2, 04011 Aprilia (LT)",Italy,https://assets.hpra.ie/products/Human/24805/12f8cef9-9827-4a2f-810b-41d526174cf7.pdf
37763,Colistimethate sodium 2 million IU Powder for nebuliser solution,PA1122/030/002,Noridem Enterprises Limited,J01XB01 colistin,J01XB01,DEMO S.A. PHARMACEUTICAL INDUSTRY,"21st Km National Road Athens–Lamia,
14568 Krioneri, Attiki",Greece,https://assets.hpra.ie/products/Human/37763/87d7b703-60f0-4a5d-8423-8183480bf33f.pdf
24803,Co-amoxiclav 500 mg / 100 mg powder for solution for injection / infusion,PA2220/002/001,Instituto Biochimico Italiano G. Lorenzini S.p.A.,"J01CR Combinations of penicillins, incl. beta-lactamase inhibitors, J01CR02 amoxicillin and enzyme inhibitor",J01CR02,Istituto Biochimico Italiano G. Lorenzini S.p.A.,"Via Fossignano, 2, 04011 Aprilia (LT)",Italy,https://assets.hpra.ie/products/Human/24803/474d0f52-1fae-436e-adfc-aeb98be6060c.pdf
37738,Colistimethate sodium 1 million IU Powder for nebuliser solution,PA1122/030/001,Noridem Enterprises Limited,J01XB01 colistin,J01XB01,DEMO S.A. PHARMACEUTICAL INDUSTRY,"21st Km National Road Athens–Lamia,
14568 Krioneri, Attiki",Greece,https://assets.hpra.ie/products/Human/37738/ed226665-c126-40ee-8d8e-31f99f0f806c.pdf
37739,Colistimethate sodium 1 million IU Powder for solution for injection / infusion,PA1122/031/001,Noridem Enterprises Limited,J01XB01 colistin,J01XB01,DEMO S.A. PHARMACEUTICAL INDUSTRY,"21st Km National Road Athens–Lamia,
14568 Krioneri, Attiki",Greece,https://assets.hpra.ie/products/Human/37739/56e71461-2525-482f-93b3-4277f3ac6b86.pdf
37764,Colistimethate sodium 2 million IU Powder for solution for injection / infusion,PA1122/031/002,Noridem Enterprises Limited,J01XB01 colistin,J01XB01,DEMO S.A. PHARMACEUTICAL INDUSTRY,"21st Km National Road Athens–Lamia,
14568 Krioneri, Attiki",Greece,https://assets.hpra.ie/products/Human/37764/eb26c68c-c3ae-4a7c-9b42-fd67ea59447b.pdf
42804,Metoject 15 mg solution for injection in pre-filled pen,PPA1463/240/002,"IMED Healthcare Ltd.,",L01BA01 methotrexate,L01BA01,Medac Gesellschaft für klinische Spezialpräparate mbH,"Theaterstr. 6, 22880
Wedel",Germany,https://assets.hpra.ie/products/Human/42804/a424ad35-9af7-467a-90a5-bd2e453c569a.pdf
42803,Metoject 10 mg solution for injection in pre-filled pen,PPA1463/240/001,"IMED Healthcare Ltd.,",L01BA01 methotrexate,L01BA01,Medac Gesellschaft für klinische Spezialpräparate mbH,"Theaterstr. 6, 22880
Wedel",Germany,https://assets.hpra.ie/products/Human/42803/436a898c-0137-45aa-841c-e3595b02f523.pdf
14830,Anxicalm 2 mg Tablets,PA0126/011/001,Clonmel Healthcare Ltd,"N05BA Benzodiazepine derivatives, N05BA01 diazepam",N05BA01,Clonmel Healthcare Ltd | STADA Arzneimittel AG,"Waterford Road, Clonmel, Co. Tipperary | Stadastrasse 2 – 18, 61118 Bad Vilbel",Ireland | Germany,https://assets.hpra.ie/products/Human/14830/4a4f1ded-5518-4403-afbd-f381eb742190.pdf
44338,Metoject 7.5 mg solution for injection in pre-filled pen,PPA0465/436/006,PCO Manufacturing Ltd.,L01BA01 methotrexate,L01BA01,Medac Gesellschaft für klinische Spezialpräparate mbH,"Theaterstr. 6, 22880
Wedel",Germany,https://assets.hpra.ie/products/Human/44338/60fc3bb8-ce9f-432b-bbc4-ac0982dbe5f8.pdf
24970,Cefotaxime 500 mg powder for solution for injection / infusion,PA1122/019/001,Noridem Enterprises Limited,"J01DD Third-generation cephalosporins, J01DD01 cefotaxime",J01DD01,DEMO S.A. PHARMACEUTICAL INDUSTRY,"21st Km National Road Athens–Lamia,
14568 Krioneri, Attiki",Greece,https://assets.hpra.ie/products/Human/24970/95dbe078-e9ed-4f2c-b81e-91a0a0607037.pdf
24971,Cefotaxime 1 g powder for solution for injection / infusion,PA1122/019/002,Noridem Enterprises Limited,"J01DD Third-generation cephalosporins, J01DD01 cefotaxime",J01DD01,DEMO S.A. PHARMACEUTICAL INDUSTRY,"21st Km National Road Athens–Lamia,
14568 Krioneri, Attiki",Greece,https://assets.hpra.ie/products/Human/24971/9ad330ee-9b6a-4cf0-825d-163490d7cd14.pdf
24972,Cefotaxime 2 g powder for solution for injection / infusion,PA1122/019/003,Noridem Enterprises Limited,"J01DD Third-generation cephalosporins, J01DD01 cefotaxime",J01DD01,DEMO S.A. PHARMACEUTICAL INDUSTRY,"21st Km National Road Athens–Lamia,
14568 Krioneri, Attiki",Greece,https://assets.hpra.ie/products/Human/24972/9d3e0bd8-71d2-4290-a5eb-957e869d9ae0.pdf
30011,Human Albumin Baxalta 200 g / l Solution for Infusion,PA2004/004/002,Baxalta Innovations GmbH,"B05AA Blood substitutes and plasma protein fractions, B05AA01 albumin",B05AA01,Baxter AG | Takeda Manufacturing Austria AG,"Industriestrasse 67
A-1221 Vienna | Industriestrasse 67
A-1221 Vienna",Austria | Austria,https://assets.hpra.ie/products/Human/30011/7b15e8ce-e258-4b24-ae50-7ca58e0c1d05.pdf
25764,Jext 150 micrograms solution for injection in pre-filled pen,PA1255/006/001,ALK-Abello A/S,"C01CA Adrenergic and dopaminergic agents, C01CA24 epinephrine",C01CA24,ALK-Abelló S.A.,"Miguel Fleta 19, ES-28037",Spain,https://assets.hpra.ie/products/Human/25764/fad4850b-26a4-4507-be10-ddd773318a05.pdf
18453,Paclitaxel 6 mg / ml concentrate for solution for infusion,PA2059/050/001,Fresenius Kabi Deutschland GmbH,"L01CD Taxanes, L01CD01 paclitaxel",L01CD01,Fresenius Kabi Deutschland GmbH | Corden Pharma Latina S.p.A.,"Pfingstweide 53, 61169 Friedberg | Via Murillo No. 7, 04013 Sermoneta (LT)",Germany | Italy,https://assets.hpra.ie/products/Human/18453/69f27762-2c56-4813-9a5f-2a174dac4490.pdf
39422,Amikacin 250 mg / ml Solution for injection / infusion,PA1122/034/002,Noridem Enterprises Limited,J01GB06 amikacin,J01GB06,DEMO S.A. PHARMACEUTICAL INDUSTRY,"21st Km National Road Athens–Lamia,
14568 Krioneri, Attiki",Greece,https://assets.hpra.ie/products/Human/39422/2a043ea4-7f91-479f-b21b-234be0b604c1.pdf
19426,PULMOCIS 2 mg kit for radiopharmaceutical preparation,PA0677/003/001,CIS bio International,"B05AA Blood substitutes and plasma protein fractions, B05AA01 albumin",B05AA01,CIS bio international,"RN 306-Saclay, B.P. 32, F-91192 Gif-sur-Yvette Cedex",France,https://assets.hpra.ie/products/Human/19426/64ac2ff3-fd2e-4615-8e2e-023716f1df08.pdf
39421,Amikacin 125 mg / ml Solution for injection / infusion,PA1122/034/001,Noridem Enterprises Limited,J01GB06 amikacin,J01GB06,DEMO S.A. PHARMACEUTICAL INDUSTRY,"21st Km National Road Athens–Lamia,
14568 Krioneri, Attiki",Greece,https://assets.hpra.ie/products/Human/39421/1c0632be-8ddd-4f20-b152-48269ba70802.pdf
28882,Trandate 100mg Film-Coated Tablets,PA1638/006/002,RPH Pharmaceuticals AB,"C07AG Alpha and beta blocking agents, C07AG01 labetalol",C07AG01,Recipharm Uppsala AB,"Björkgatan 30
SE-751 82
Uppsala",Sweden,https://assets.hpra.ie/products/Human/28882/b8a511a3-1c5a-4d2e-8fa8-1ad351a28d08.pdf
37589,Midazolam 1 mg / ml solution for injection / infusion,PA2165/012/002,AS Kalceks,N05CD08 midazolam,N05CD08,AS KALCEKS,"Krustpils iela 71E, Rīga, LV-1057",Latvia,https://assets.hpra.ie/products/Human/37589/84325726-9dc0-445e-bb00-563aaf504362.pdf
40212,Sugammadex Juta 100 mg / ml solution for injection,PA22716/002/001,Juta Pharma GmbH,V03AB35 sugammadex,V03AB35,Juta Pharma GmbH,"Gutenbergstraße 13, 24941 Flensburg",Germany,https://assets.hpra.ie/products/Human/40212/dd7fb094-2c4c-4931-9952-9cb6092fd89f.pdf
27310,Esomeprazole 40 mg powder for solution injection / infusion,PA2315/132/005,Accord Healthcare Ireland Ltd.,"A02BC Proton pump inhibitors, A02BC05 esomeprazole",A02BC05,Laboratorios NORMON S.A.,"Ronda de Valdecarrizo 6, 28760 - Tres Cantos, Madrid",Spain,https://assets.hpra.ie/products/Human/27310/4ac83d39-ce68-4efc-a234-6a36826a9a4b.pdf
29270,"Retrovir 100 mg capsules, hard",PA22575/001/001,ViiV Healthcare BV,"J05AF Nucleoside and nucleotide reverse transcriptase inhibitors, J05AF01 zidovudine",J05AF01,Delpharm Poznań Spółka Akcyjna,"ul. Grunwaldzka 189, 60-322 Poznań",Poland,https://assets.hpra.ie/products/Human/29270/90344a67-74eb-47a5-928d-62d5f3859b6b.pdf
29272,Retrovir 10 mg / ml IV concentrate for solution for infusion,PA22575/001/003,ViiV Healthcare BV,"J05AF Nucleoside and nucleotide reverse transcriptase inhibitors, J05AF01 zidovudine",J05AF01,GlaxoSmithKline Manufacturing S.P.A,"Strada Provinciale Asolana No. 90, San Polo di Torrile 43056, Parma",Italy,https://assets.hpra.ie/products/Human/29272/70306522-5da2-4467-93a0-075bd90867fd.pdf
29271,Retrovir 100 mg / 10 ml oral solution,PA22575/001/002,ViiV Healthcare BV,"J05AF Nucleoside and nucleotide reverse transcriptase inhibitors, J05AF01 zidovudine",J05AF01,Aspen Bad Oldesloe Gmbh | ViiV Healthcare Trading Services UK Limited,"Bad Oldesloe | 12 Riverwalk, Citywest Business Campus, Dublin 24",Germany | Ireland,https://assets.hpra.ie/products/Human/29271/744441b7-6642-4fc3-8673-9985cf90fa6d.pdf
16945,Morphine Sulfate 10mg / ml Solution for injection,PA0549/023/001,Ethypharm,"N02AA Natural opium alkaloids, N02AA01 morphine",N02AA01,Fannin Limited,"Fannin House,
South County Business Park,
Dublin 18,
D18 Y0C9",Ireland,https://assets.hpra.ie/products/Human/16945/b52dc799-3bed-4ff1-b88f-47645eeef7da.pdf
16946,"Morphine Sulfate 30mg / ml, Solution for injection",PA0549/023/002,Ethypharm,"N02AA Natural opium alkaloids, N02AA01 morphine",N02AA01,Fannin Limited,"Fannin House,
South County Business Park,
Dublin 18,
D18 Y0C9",Ireland,https://assets.hpra.ie/products/Human/16946/c331eb74-fb4f-46d6-9e6f-23facf269a71.pdf
25312,Magnesium Sulfate 50 % w / v Solution for Injection / Concentrate for solution for infusion,PA0549/020/001,Ethypharm,"B05XA Electrolyte solutions, B05XA05 magnesium sulfate",B05XA05,Fannin Limited,"Fannin House,
South County Business Park,
Dublin 18,
D18 Y0C9",Ireland,https://assets.hpra.ie/products/Human/25312/cec1ef23-d165-44c2-86a2-cf674c146055.pdf
22661,Tegretol 200mg Tablets,PA0896/030/003,Novartis Ireland Limited,"N03AF Carboxamide derivatives, N03AF01 carbamazepine",N03AF01,Novartis Farma S.P.A,"131 via Provinciale Schito
Torre Annunziata",Italy,https://assets.hpra.ie/products/Human/22661/897369f3-bf92-4504-86da-e0a47187c784.pdf
22662,Tegretol 400mg Tablets,PA0896/030/004,Novartis Ireland Limited,"N03AF Carboxamide derivatives, N03AF01 carbamazepine",N03AF01,Novartis Farma S.P.A,"131 via Provinciale Schito
Torre Annunziata",Italy,https://assets.hpra.ie/products/Human/22662/02379dc5-314c-440c-9602-4a4f2e356816.pdf
22660,Tegretol 100mg Tablets,PA0896/030/002,Novartis Ireland Limited,"N03AF Carboxamide derivatives, N03AF01 carbamazepine",N03AF01,Novartis Farma S.P.A,"131 via Provinciale Schito
Torre Annunziata",Italy,https://assets.hpra.ie/products/Human/22660/0ddc0b66-4e32-432e-b4c8-b85333f7298f.pdf
22663,Tegretol SR 200mg prolonged release tablets,PA0896/030/005,Novartis Ireland Limited,"N03AF Carboxamide derivatives, N03AF01 carbamazepine",N03AF01,Novartis Farma S.P.A,"131 via Provinciale Schito
Torre Annunziata",Italy,https://assets.hpra.ie/products/Human/22663/ee7c065c-f1cf-4402-932d-8b3210a2b68d.pdf
29612,Aciclovir 400 mg / 5ml Oral Suspension,PA22697/001/002,Syri Pharma Limited t/a Thame Laboratories,"J05AB Nucleosides and nucleotides excl. reverse transcriptase inhibitors, J05AB01 aciclovir",J05AB01,Syri Limited t/a Thame Laboratories | Syri Limited t/a SyriMed | Pharmadox Healthcare Ltd.,"Unit 4, Bradfield Road,
Ruislip, Middlesex,
HA4 0NU | Unit 4, Bradfield Road,
Ruislip, Middlesex,
HA4 0NU | KW20A Kordin Industrial Park,
Paola PLA3000",United Kingdom | United Kingdom | Malta,https://assets.hpra.ie/products/Human/29612/e906fdd1-be04-446c-9c39-30aaae7ec398.pdf
30347,Acetylcysteine Essential-Healthcare 600 mg effervescent tablets,PA23163/003/001,Ascot Laboratories (Ireland) Limited,"R05CB Mucolytics, R05CB01 acetylcysteine",R05CB01,Basic Pharma Manufacturing B.V.,"Burgmeester Lemmensstraat 352, 6163 JT Geleen",Netherlands,https://assets.hpra.ie/products/Human/30347/f013ec3c-8b79-4fa9-939f-b655b2c79cd6.pdf
37157,Foscarnet sodium hexahydrate Tillomed 24 mg / ml solution for infusion,PA22720/009/001,Tillomed Pharma GmbH,J05AD01 foscarnet,J05AD01,Siegfried Hameln GmbH | SGS Pharma Magyarorszag Kft. | Tillomed Malta Limited,"Langes Feld 13, 31789 Hameln | Derkovits Gyula Utca 53, Budapest XIX, 1193 | Malta Life Sciences Park,
LS2.01.06 Industrial Estate,
San Gwann, SGN 3000,",Germany | Hungary | Malta,https://assets.hpra.ie/products/Human/37157/2061fe6c-e9cf-4ade-9bc1-4572b07446f4.pdf
18671,Germentin 250 mg / 125 mg Film-coated Tablets,PA23266/015/003,Viatris Limited,"J01CR Combinations of penicillins, incl. beta-lactamase inhibitors, J01CR02 amoxicillin and enzyme inhibitor",J01CR02,McDermott Laboratories Limited | Sandoz GmbH,"t/a Gerard Laboratories, 35/36 Baldoyle Industrial Estate,
Grange Road, Dublin 13 | Biochemiestr 10, A-6250 Kundl",Ireland | Austria,https://assets.hpra.ie/products/Human/18671/1bd7b17c-2754-41bc-bd96-91c48742aa9f.pdf
14855,Prednisolone 1 mg Tablets,PA0126/027/002,Clonmel Healthcare Ltd,"H02AB Glucocorticoids, H02AB06 prednisolone",H02AB06,Clonmel Healthcare Ltd,"Waterford Road, Clonmel, Co. Tipperary",Ireland,https://assets.hpra.ie/products/Human/14855/46c7b45c-9ad5-4f1f-bed6-df598ce5b792.pdf
18670,Germentin 125 mg / 31.25 mg per 5 ml Powder for Oral Suspension,PA23266/015/002,Viatris Limited,"J01CR Combinations of penicillins, incl. beta-lactamase inhibitors, J01CR02 amoxicillin and enzyme inhibitor",J01CR02,Sandoz GmbH | McDermott Laboratories Limited,"Biochemiestr 10, A-6250 Kundl | t/a Gerard Laboratories, 35/36 Baldoyle Industrial Estate, Grange, Road, Dublin 13",Austria | Ireland,https://assets.hpra.ie/products/Human/18670/79173447-520f-4509-a3fc-98fc8b732664.pdf
40664,Monuril 3 g granules for oral solution,PPA1463/213/001,"IMED Healthcare Ltd.,",J01XX01 fosfomycin,J01XX01,Zambon S.p.A. | Zambon Nederland B.V.,"Via della Chimica, 9, 36100 Vicenza | Herikerbergweg 292, 1101 CT",Italy | Netherlands,https://assets.hpra.ie/products/Human/40664/a331a887-ac8c-4482-9746-1023a0fa0982.pdf
16574,Salamol Steri-Neb 2.5 mg / 2.5 ml nebuliser solution,PA1986/086/001,Teva B.V.,"R03AC Selective beta-2-adrenoreceptor agonists, R03AC02 salbutamol",R03AC02,IVAX Pharmaceuticals UK | Merckle GmbH,"Aston Lane North,
Whitehouse Vale Industrial Estate,
Preston Brook, Runcorn,
Cheshire,WA7 3FA | Ludwig-Merckle-Strasse 3, D-89143 Blaubeuren",United Kingdom | Germany,https://assets.hpra.ie/products/Human/16574/6e3d17b6-b90d-42b8-b2b5-183e56abe52f.pdf
21123,Tymbrineb 300 mg / 5 ml Nebuliser Solution,PA0749/117/001,Teva Pharma B.V.,"J01GB Other aminoglycosides, J01GB01 tobramycin",J01GB01,Pharmachemie B.V. | Merckle GmbH | Norton Healthcare Limited T/A IVAX Pharmaceuticals UK,"Swensweg 5,
2031 GA Haarlem | Ludwig-Merckle-Str. 3, 89143 Blaubeuren | Preston Brook,
Runcorn
Cheshire,
WA7 3FA",Netherlands | Germany | United Kingdom,https://assets.hpra.ie/products/Human/21123/b391db79-7f86-4d02-a5cd-0f3f5d06942e.pdf
38828,Clindamycin 150 mg / ml solution for injection / infusion,PA2165/021/001,AS Kalceks,J01FF01 clindamycin,J01FF01,AS KALCEKS,"Krustpils iela 71E, Rīga, LV-1057",Latvia,https://assets.hpra.ie/products/Human/38828/fe983aaf-c4a6-4b38-9663-8be02082e2a7.pdf
20844,Leucovorin-Teva 10mg / ml Concentrate for Solution for Infusion,PA0749/001/001,Teva Pharma B.V.,"V03AF Detoxifying agents for antineoplastic treatment, V03AF03 calcium folinate",V03AF03,Teva Pharmaceuticals Works | Pharmachemie B.V.,"Private Limited Company, H-2100 Gödöllő, Táncsics, Mihály út 82 | P.O. Box 552
Swensweg 5
2003 RN Haarlem",Hungary | Netherlands,https://assets.hpra.ie/products/Human/20844/64b05993-b0e4-4279-806b-ec8da09969e4.pdf
40742,Benzylpenicillin sodium 6000 mg powder for solution for injection / infusion,PA1122/038/004,Noridem Enterprises Limited,J01CE01 benzylpenicillin,J01CE01,DEMO S.A. PHARMACEUTICAL INDUSTRY,"21st Km National Road Athens–Lamia,
14568 Krioneri, Attiki",Greece,https://assets.hpra.ie/products/Human/40742/beadb2c8-649e-4049-9091-87fa0688dbf5.pdf
40712,Benzylpenicillin sodium 600 mg powder for solution for injection / infusion,PA1122/038/001,Noridem Enterprises Limited,J01CE01 benzylpenicillin,J01CE01,DEMO S.A. PHARMACEUTICAL INDUSTRY,"21st Km National Road Athens–Lamia,
14568 Krioneri, Attiki",Greece,https://assets.hpra.ie/products/Human/40712/a00bc7c1-60b3-49b2-afb8-928f34d9c8b1.pdf
36248,Tranexamic acid 100 mg / mL solution for injection / infusion,PA2299/048/001,Baxter Holding B.V.,B02AA02 tranexamic acid,B02AA02,UAB Norameda | Bieffe Medital S.p.A. | Tramco Sp. Z.o.o,"Meistrų g. 8a, Vilniaus m, Vilniaus m.sav., LT-02189 | Via Nuova Provinciale, 23034 Grossotto (SO) Italy | Wolskie, ul. Wolska 14, 05-860 Plochocin",Lithuania | Italy | Poland,https://assets.hpra.ie/products/Human/36248/86a86230-bc36-4f7d-b066-4f3c80729f63.pdf
40740,Benzylpenicillin sodium 1200 mg powder for solution for injection / infusion,PA1122/038/002,Noridem Enterprises Limited,J01CE01 benzylpenicillin,J01CE01,DEMO S.A. PHARMACEUTICAL INDUSTRY,"21st Km National Road Athens–Lamia,
14568 Krioneri, Attiki",Greece,https://assets.hpra.ie/products/Human/40740/36432caf-8fbf-4c4b-ae6d-ba90992489bd.pdf
43617,"Vesiculture, 30 mg / vial, powder for intravesical suspension.",PA2160/005/001,AJ Vaccines A/S,L03AX03 BCG vaccine,L03AX03,AJ Vaccines A/S,"Artillerivej 5, 2300 Copenhagen S",Denmark,https://assets.hpra.ie/products/Human/43617/cc0e7ebe-8e5b-4f77-b233-bc5619af3989.pdf
27541,Phizamol 500 mg effervescent tablets,PA2315/065/001,Accord Healthcare Ireland Ltd.,"N02BE Anilides, N02BE01 paracetamol",N02BE01,,,,https://assets.hpra.ie/products/Human/27541/2341245b-0656-44e0-9a39-6722e62f510f.pdf
40741,Benzylpenicillin sodium 3000 mg powder for solution for injection / infusion,PA1122/038/003,Noridem Enterprises Limited,J01CE01 benzylpenicillin,J01CE01,DEMO S.A. PHARMACEUTICAL INDUSTRY,"21st Km National Road Athens–Lamia,
14568 Krioneri, Attiki",Greece,https://assets.hpra.ie/products/Human/40741/8f10fbba-5d15-4027-a63d-c1ff0ba4ce9b.pdf
29356,Dacarbazine Lipomed 500 mg powder for solution for infusion,PA1760/001/002,Lipomed GmbH,"L01AX Other alkylating agents, L01AX04 dacarbazine",L01AX04,Lipomed GmbH,"Hegenheimer Str. 2, D-79576 Weil am Rhein",Germany,https://assets.hpra.ie/products/Human/29356/624bcf45-11ef-4c11-ac68-0870f5db2d03.pdf
29355,Dacarbazine Lipomed 200 mg powder for solution for injection or infusion,PA1760/001/001,Lipomed GmbH,"L01AX Other alkylating agents, L01AX04 dacarbazine",L01AX04,Lipomed GmbH,"Hegenheimer Strasse 2, 79576 Weil am Rhein",Germany,https://assets.hpra.ie/products/Human/29355/3431d35d-3df1-4411-b194-fa52b09a280e.pdf
29357,Dacarbazine Lipomed 1000 mg powder for solution for infusion,PA1760/001/003,Lipomed GmbH,"L01AX Other alkylating agents, L01AX04 dacarbazine",L01AX04,Lipomed GmbH,"Hegenheimer Str. 2, D-79576 Weil am Rhein",Germany,https://assets.hpra.ie/products/Human/29357/1574fba9-5a82-44f7-a061-73c8a704d47c.pdf
30470,"CUTAQUIG, 165 mg / ml, solution for injection",PA2219/001/001,Octapharma (IP),"J06BA Immunoglobulins, normal human, J06BA01 immunoglobulins, normal human, for extravascular adm.",J06BA01,Octapharma Pharmazeutika Produktionsges.m.b.H. | Octapharma AB,"Oberlaaer Strasse 235
1100 Vienna | Lars Forssells gata 23
112 75 Stockholm",Austria | Sweden,https://assets.hpra.ie/products/Human/30470/4ed30ee6-1b72-4af6-997c-2f39fe3cdbe2.pdf
28089,Cytarabine 100 mg / ml Solution for Injection or Infusion,PA2059/034/001,Fresenius Kabi Deutschland GmbH,"L01BC Pyrimidine analogues, L01BC01 cytarabine",L01BC01,Fresenius Kabi Deutschland GmbH,"Pfingstweide 53, 61169 Friedberg",Germany,https://assets.hpra.ie/products/Human/28089/9a489ee7-be87-423f-8177-4437c3b9332a.pdf
30693,Potassium Chloride 0.15% w / v & Sodium Chloride 0.9% w / v Solution for Infusion - BP,PA2299/010/002,Baxter Holding B.V.,"B05BB Solutions affecting the electrolyte balance, B05BB01 electrolytes",B05BB01,Baxter SA | Baxter Healthcare Ltd. | Bieffe Medital Sabiñanigo,"Boulevard René Branquart, 80, 7860 Lessines | Caxton Way, Thetford Norfolk IP24 3SE | Ctra de Biescas, Senegüé, 22666 Sabiñanigo (Huesca)",Belgium | United Kingdom | Spain,https://assets.hpra.ie/products/Human/30693/ff9756d4-e6bc-4b7e-922d-2caa53ca848a.pdf
39054,Hydrocortisone Hualan 20 mg tablets,PA23341/001/005,Hualan Pharmaceuticals Limited,H02AB09 hydrocortisone,H02AB09,Elara Pharmaservices Europe Limited | Elara Pharmaservices Europe Limited,"239 Blanchardstown Corporate Park, Ballycoolin, Dublin,
D15 KV21 | Regus Block 1, Blanchardstown Corporate Park 1,
Ballycoolen Road, Blanchardstown,
Dublin 15, D15 AKK1",Ireland | Ireland,https://assets.hpra.ie/products/Human/39054/4745501d-8fa3-4ea4-bf17-363e0accc2e3.pdf
38954,Hydrocortisone Hualan 2.5 mg tablets,PA23341/001/001,Hualan Pharmaceuticals Limited,H02AB09 hydrocortisone,H02AB09,Elara Pharmaservices Europe Limited | Elara Pharmaservices Europe Limited,"239 Blanchardstown Corporate Park, Ballycoolin, Dublin,
D15 KV21 | Regus Block 1, Blanchardstown Corporate Park 1,
Ballycoolen Road, Blanchardstown,
Dublin 15, D15 AKK1",Ireland | Ireland,https://assets.hpra.ie/products/Human/38954/6f708e2f-4b58-4b4c-b401-70b97fe06178.pdf
39052,Hydrocortisone Hualan 10 mg tablets,PA23341/001/003,Hualan Pharmaceuticals Limited,H02AB09 hydrocortisone,H02AB09,Elara Pharmaservices Europe Limited | Elara Pharmaservices Europe Limited,"239 Blanchardstown Corporate Park, Ballycoolin, Dublin,
D15 KV21 | Regus Block 1, Blanchardstown Corporate Park 1,
Ballycoolen Road, Blanchardstown,
Dublin 15, D15 AKK1",Ireland | Ireland,https://assets.hpra.ie/products/Human/39052/5a02412e-8965-4fa4-9efd-7f3e373b0cd8.pdf
39051,Hydrocortisone Hualan 5 mg tablets,PA23341/001/002,Hualan Pharmaceuticals Limited,H02AB09 hydrocortisone,H02AB09,Elara Pharmaservices Europe Limited | Elara Pharmaservices Europe Limited,"239 Blanchardstown Corporate Park, Ballycoolin, Dublin,
D15 KV21 | Regus Block 1, Blanchardstown Corporate Park 1,
Ballycoolen Road, Blanchardstown,
Dublin 15, D15 AKK1",Ireland | Ireland,https://assets.hpra.ie/products/Human/39051/079b2ce0-039b-4145-8de9-13e2f923dd57.pdf
29676,Propylthiouracil 50 mg tablets,PA22902/001/001,Halewood Chemicals (Ireland) Limited,"H03BA Thiouracils, H03BA02 propylthiouracil",H03BA02,Pharmadox Healthcare Ltd,"KW20A Kordin Industrial Park, Paola PLA3000",Malta,https://assets.hpra.ie/products/Human/29676/ce5f16ad-c565-47df-b212-19cd842daa20.pdf
28845,Zedbac 500 mg powder for concentrate for solution for infusion,PA23142/010/001,Aspire Pharma (Malta) Limited,"J01FA Macrolides, J01FA10 azithromycin",J01FA10,"Laboratório Reig Jofré, S.A. | Tecnimede – Sociedade Técnico-Medicinal S.A.","Gran Capitán 10, 08970 Sant Joan Despí
Barcelona | Quinta da Cerca - Caixaria
2565 - 187 Dois Portos",Spain | Portugal,https://assets.hpra.ie/products/Human/28845/0c22409f-042a-4e70-a219-6ec04da7f56a.pdf
36866,Noradrenaline (Norepinephrine) Kabi 1 mg / ml concentrate for solution for infusion,PA2059/073/001,Fresenius Kabi Deutschland GmbH,C01CA03 norepinephrine,C01CA03,"Labesfal - Laboratórios Almiro, S.A.","Zona Industrial do Lagedo,
Santiago de Besteiros, 3465-157",Portugal,https://assets.hpra.ie/products/Human/36866/298544f3-b896-485d-9519-584ce6e38b69.pdf
15144,Olanzapine 5mg Film-coated Tablets,PA0126/210/002,Clonmel Healthcare Ltd,"N05AH Diazepines, oxazepines, thiazepines and oxepines, N05AH03 olanzapine",N05AH03,STADA Arzneimittel AG | Clonmel Healthcare Ltd | Sanico N.V. | Coripharma ehf.,"Stadastrasse 2-18, 61118 Bad Vilbel | Waterford Road, Clonmel, Co. Tipperary | Industriezone, Veedijk 59, BE - 2300 Turnhout | Reykjavikurvegur 78, IS-220 Hafnarfjordur",Germany | Ireland | Belgium | Iceland,https://assets.hpra.ie/products/Human/15144/79076efe-72cc-4916-b738-8e2af42c7813.pdf
18401,"Hartmann’s Solution for Infusion, PPC PSEB bag",PA2059/057/003,Fresenius Kabi Deutschland GmbH,"B05BB Solutions affecting the electrolyte balance, B05BB01 electrolytes",B05BB01,FRESENIUS KABI POLSKA Sp. z o.o.,25 ul. Sienkiewicza,Poland,https://assets.hpra.ie/products/Human/18401/42428bcc-fc16-43a3-b5f8-5bbed08c25d3.pdf
28140,Co-amoxiclav Bluefish 500 mg / 125  mg film- coated tablets,PA1436/002/002,Bluefish Pharmaceuticals AB,"J01CR Combinations of penicillins, incl. beta-lactamase inhibitors, J01CR02 amoxicillin and enzyme inhibitor",J01CR02,Bluefish Pharmaceuticals AB,"Gävlegatan 22
113 30 Stockholm",Sweden,https://assets.hpra.ie/products/Human/28140/a820a1de-8a59-4e26-a4e7-6f7b59e0a05c.pdf
28141,Co-amoxiclav Bluefish 875 mg / 125 mg film- coated tablets,PA1436/002/003,Bluefish Pharmaceuticals AB,"J01CR Combinations of penicillins, incl. beta-lactamase inhibitors, J01CR02 amoxicillin and enzyme inhibitor",J01CR02,Bluefish Pharmaceuticals AB,"Gävlegatan 22
113 30 Stockholm",Sweden,https://assets.hpra.ie/products/Human/28141/64a1fb30-2734-4ebc-9af1-4630bc0910c1.pdf
40137,Sugammadex Accord 100 mg / mL solution for injection,PA2315/271/001,Accord Healthcare Ireland Ltd.,V03AB35 sugammadex,V03AB35,Accord Healthcare Polska Sp.z.o.o. | Laboratori Fundació Dau | Accord Healthcare Single Member S.A.,"Ul. Lutomierska 50, 95-200, Pabianice | C/ C, 12-14 Pol. Ind., Zona Franca, Barcelona, 08040 | 64th Km National Road Athens, Lamia, 32009",Poland | Spain | Greece,https://assets.hpra.ie/products/Human/40137/550ffb6d-d59d-41c8-96d4-5c12a4e27d83.pdf
39796,Zovirax 200 mg Dispersible Tablets,PPA1463/199/001,"IMED Healthcare Ltd.,","J05AB Nucleosides and nucleotides excl. reverse transcriptase inhibitors, J05AB01 aciclovir",J05AB01,"Glaxo Wellcome, S.A.","Avda. De Extremadura, 3 09400 Aranda de, Duero (Burgos)",Spain,https://assets.hpra.ie/products/Human/39796/484a2abf-3fdd-4399-b2cb-8a66624a9315.pdf
21848,Ativan 1 mg Tablets,PA0822/090/001,Pfizer Healthcare Ireland Unlimited Company,"N05BA Benzodiazepine derivatives, N05BA06 lorazepam",N05BA06,Pfizer Manufacturing Deutschland GmbH | Pfizer Ireland PharmaceuticalsUnlimited Company,"Mooswaldallee 1, 79108 Freiburg Im Breisgau | Little Connell
Newbridge
Co. Kildare",Germany | Ireland,https://assets.hpra.ie/products/Human/21848/00664885-3660-4dee-9fa9-94ea499b0a5e.pdf
29805,Ephedrine Hydrochloride 3 mg / ml solution for injection in pre-filled syringe,PA1968/011/001,Laboratoire Aguettant,C01CA26 ephedrine,C01CA26,LABORATOIRE AGUETTANT | LABORATOIRE AGUETTANT,"1, rue Alexander Fleming
69007 LYON | Lieu-dit “Chantecaille”
07340 CHAMPAGNE",France | France,https://assets.hpra.ie/products/Human/29805/a34ead10-614e-40e5-a942-e681e87b0a7e.pdf
14854,Prednisolone 5 mg Tablets,PA0126/027/001,Clonmel Healthcare Ltd,"H02AB Glucocorticoids, H02AB06 prednisolone",H02AB06,Clonmel Healthcare Ltd | Dragenopharm Apotheker Püschl GmbH,"Waterford Road, Clonmel, Co. Tipperary | Göllstr. 1, 84529 Tittmoning",Ireland | Germany,https://assets.hpra.ie/products/Human/14854/727debd4-8bc0-4773-9543-2c33f8b88fef.pdf
20917,Ciprofloxacin Teva 250 mg film-coated tablets,PA0749/031/002,Teva Pharma B.V.,"J01MA Fluoroquinolones, J01MA02 ciprofloxacin",J01MA02,Pharmachemie B.V. | TEVA Pharmaceutical Works Private Limited Company,"Swensweg 5, 2003 RN Haarlem | Pallagi út 13, 4042 Debrecen",Netherlands | Hungary,https://assets.hpra.ie/products/Human/20917/e3ec58ec-90f3-4ad5-9810-97a156f30205.pdf
35246,Amikacin 250 mg /  ml Solution for injection / infusion,PA1418/012/001,Athlone Pharmaceuticals Limited,J01GB06 amikacin,J01GB06,HELP S.A.,"Pedini Ioanninon, Ioannina, 45500",Greece,https://assets.hpra.ie/products/Human/35246/02759f44-9800-48aa-8a6b-52747f4eb662.pdf
36851,Ofost 5 IU / ml concentrate for solution for infusion or solution for intramuscular injection,PA22992/001/001,AS Grindeks,H01BB02 oxytocin,H01BB02,AS Grindeks,"Krustpils iela 53, Rīga, LV-1057",Latvia,https://assets.hpra.ie/products/Human/36851/4da1cf5a-747f-418c-9b25-b10d4d43156a.pdf
36864,Ofost 10 IU / ml concentrate for solution for infusion or solution for intramuscular injection,PA22992/001/002,AS Grindeks,H01BB02 oxytocin,H01BB02,AS Grindeks,"Krustpils iela 53, Rīga, LV-1058",Latvia,https://assets.hpra.ie/products/Human/36864/53b0adbd-d4b2-4a76-a01f-41e7796242cf.pdf
16706,Oramox 250 mg / 5 ml powder for oral suspension,PA1418/013/002,Athlone Pharmaceuticals Limited,"J01CA Penicillins with extended spectrum, J01CA04 amoxicillin",J01CA04,Athlone Laboratories Limited,"Ballymurray, Co. Roscommon",Ireland,https://assets.hpra.ie/products/Human/16706/bae42bd2-4c4f-4118-b9d9-9faee39f8d2f.pdf
35360,Posaconazole Teva 100 mg gastro-resistant tablets,PA1986/091/001,Teva B.V.,J02AC04 posaconazole,J02AC04,Delorbis Pharmaceuticals Ltd.,"17, Athinon Street, Ergates Industrial Area, 2643 Lefkosia",Cyprus,https://assets.hpra.ie/products/Human/35360/c0f7a85c-2db4-4037-a395-d9e5946538d7.pdf
28921,Phenoxymethylpenicillin Sugar Free 125 mg / 5 ml Powder for Oral solution,PA23148/002/001,Brown & Burk IR Limited,"J01CE Beta-lactamase sensitive penicillins, J01CE02 phenoxymethylpenicillin",J01CE02,Brown & Burk UK Ltd | Misom Labs Ltd,"5 Marryat Close
Hounslow West
Middlesex
TW4 5DQ | Malta Life Sciences Park,
LS2.01.06, Industrial Estate, San Gwann, SGN 3000",United Kingdom | Malta,https://assets.hpra.ie/products/Human/28921/a20940c4-4848-41f8-8ea5-f7891a296aba.pdf
28922,Phenoxymethylpenicillin Sugar Free 250 mg / 5 ml Powder for Oral solution,PA23148/002/002,Brown & Burk IR Limited,"J01CE Beta-lactamase sensitive penicillins, J01CE02 phenoxymethylpenicillin",J01CE02,Brown & Burk UK Ltd | Misom Labs Ltd,"5 Marryat Close
Hounslow West
Middlesex
TW4 5DQ | Malta Life Sciences Park,
LS2.01.06, Industrial Estate, San Gwann, SGN 3000",United Kingdom | Malta,https://assets.hpra.ie/products/Human/28922/e70b883f-20d2-4f0c-9a48-986509873a00.pdf
30674,Sodium Chloride 0.9% w / v Intravenous Infusion BP,PA2299/002/001,Baxter Holding B.V.,"B05BB Solutions affecting the electrolyte balance, B05BB01 electrolytes",B05BB01,Baxter S.A. | Baxter Healthcare Ltd. | Bieffe Medital S.A. | Vantive Manufacturing Limited Moneen Road | Bieffe Medital S.p.A.,"Boulevard René Branquart, 80
7860 Lessines | Caxton Way
Thetford Norfolk IP24 3SE | Ctra de Biescas-Senegüé
22666 Sabiñánigo (Huesca) | Castlebar
County Mayo | Via Nuova Provinciale
23034 Grosotto (SO)",Belgium | United Kingdom | Spain | Ireland | Italy,https://assets.hpra.ie/products/Human/30674/3d520620-6668-4a89-9b34-c0159fb9b20c.pdf
29226,Ultiva 1 mg Powder for Concentrate for Solution for Infusion,PA1691/032/001,Aspen Pharma Trading Limited,"N01AH Opioid anesthetics, N01AH06 remifentanil",N01AH06,GlaxoSmithKline Manufacturing S.p.A. | Aspen Pharma Ireland Limited | Aspen Bad Oldesloe GmbH | Avara Liscate Pharmaceutical Services S.p.A.,"Strada Provinciale Asolana 90, 43056 San Polo di
Torrile, Parma | 3016 Lake Drive, Citywest Business Campus, Dublin 24 | Industriestrasse 32-36
23843 Bad Oldesloe | Via Fosse Ardeatine, 2
20050 Liscate (MI)",Italy | Ireland | Germany | Italy,https://assets.hpra.ie/products/Human/29226/9faaa5c2-0eaf-4cc3-bf9e-f65ba00598aa.pdf
25186,Erythrocin 500 mg tablets,PA1142/008/003,Amdipharm Limited,"J01FA Macrolides, J01FA01 erythromycin",J01FA01,Aesica Queenborough Limited | Kleva Pharmaceuticals SA | Aesica Pharmaceuticals S.r.I.,"Queenborough
Kent
ME11 5EL | 189 Parnithos Ave
13675 - Acharnai | Via Praglia,15
10044 Pianezza (TO)",United Kingdom | Greece | Italy,https://assets.hpra.ie/products/Human/25186/ea80b783-e040-4349-914e-2629c5002cdd.pdf
19552,Panadol 500 mg Film Coated Tablets,PA0678/107/001,Haleon Ireland Limited,"N02BE Anilides, N02BE01 paracetamol",N02BE01,Haleon Ireland Dungarvan Limited,"Knockbrack, Dungarvan, Co. Waterford, X35
RY76",Ireland,https://assets.hpra.ie/products/Human/19552/768d01ce-1262-4853-b5a2-4db9827f5313.pdf
26425,"Heparin sodium 1,000 IU / ml Solution for injection or concentrate for solution for infusion, 5ml vials",PA0281/229/004,Pinewood Laboratories Ltd,"B01AB Heparin group, B01AB01 heparin",B01AB01,Steriscience Sp. z o.o.,"10 Daniszewska St., 03-230, Warsaw",Poland,https://assets.hpra.ie/products/Human/26425/35d564fd-bb91-49cf-8927-770e125c733c.pdf
26426,"Heparin sodium 5,000 IU / ml Solution for injection or concentrate for solution for infusion, 5 ml vials",PA0281/229/005,Pinewood Laboratories Ltd,"B01AB Heparin group, B01AB01 heparin",B01AB01,Steriscience Sp. z o.o.,"10 Daniszewska St., 03-230, Warsaw",Poland,https://assets.hpra.ie/products/Human/26426/762bc4b2-5757-40ce-ad95-c3561b575d10.pdf
19471,Panadol Original 500 mg film-coated Tablets,PA0678/039/005,Haleon Ireland Limited,"N02BE Anilides, N02BE01 paracetamol",N02BE01,GlaxoSmithKline Dungarvan Ltd,"Knockbrack, Dungarvan, Co. Waterford",Ireland,https://assets.hpra.ie/products/Human/19471/25c9a625-519a-4193-84ed-dccabc6ee949.pdf
26422,"Heparin sodium 1,000 IU / ml Solution for injection or concentrate for solution for infusion, 5ml ampoules",PA0281/229/001,Pinewood Laboratories Ltd,"B01AB Heparin group, B01AB01 heparin",B01AB01,Steriscience Sp. z o.o.,"10 Daniszewska St., 03-230, Warsaw",Poland,https://assets.hpra.ie/products/Human/26422/ef5fc1b3-cb82-41b4-9e9a-093e222d8981.pdf
26428,Heparin Sodium 10 IU / ml flushing solution for maintenance of patency of intravenous devices,PA0281/230/001,Pinewood Laboratories Ltd,"B01AB Heparin group, B01AB01 heparin",B01AB01,Steriscience Sp. z o.o.,"10 Daniszewska St., 03-230, Warsaw",Poland,https://assets.hpra.ie/products/Human/26428/b25877cd-74b4-4a4e-8696-8a48d03b729b.pdf
37161,Panadol Actifast Lemon 500 mg Soluble Tablets,PA0678/039/017,Haleon Ireland Limited,N02BE01 paracetamol,N02BE01,Haleon Ireland Dungarvan Limited,"Knockbrack, Dungarvan, Co. Waterford, X35
RY76",Ireland,https://assets.hpra.ie/products/Human/37161/6e5f91c3-2805-463d-954e-4034ed24057e.pdf
38800,Furosemide Pinewood 20 mg Tablets,PA0281/263/001,Pinewood Laboratories Ltd,C03CA01 furosemide,C03CA01,Flavine Pharma France,"3, Voie d’Allemagne, 13127 Vitrolles",France,https://assets.hpra.ie/products/Human/38800/69515d6f-f386-4a7b-9394-b429b95933da.pdf
26423,"Heparin sodium 1,000 IU / ml Solution for injection or concentrate for solution for infusion, 10ml ampoules",PA0281/229/002,Pinewood Laboratories Ltd,"B01AB Heparin group, B01AB01 heparin",B01AB01,Steriscience Sp. z o.o.,"10 Daniszewska St., 03-230, Warsaw",Poland,https://assets.hpra.ie/products/Human/26423/5c51fa83-82bb-4726-a5c5-abd099af5a74.pdf
38951,Furosemide Pinewood 40 mg Tablets,PA0281/263/002,Pinewood Laboratories Ltd,C03CA01 furosemide,C03CA01,Flavine Pharma France,"3, Voie d’Allemagne, 13127 Vitrolles",France,https://assets.hpra.ie/products/Human/38951/81a17670-dc90-4686-86dc-d4bc6e8c8672.pdf
28932,Co-Amoxiclav Sugar Free 400 mg / 57 mg / 5 ml Powder for Oral Suspension,PA23148/005/002,Brown & Burk IR Limited,"J01CR Combinations of penicillins, incl. beta-lactamase inhibitors, J01CR02 amoxicillin and enzyme inhibitor",J01CR02,Misom Labs Ltd ,"Malta Life Sciences Park,
LS2.01.06, Industrial Estate, San Gwann, SGN 3000,",Malta ,https://assets.hpra.ie/products/Human/28932/06edb305-2a8d-4845-8bc1-7e9621a1125e.pdf
28931,Co-amoxiclav Sugar Free 200 mg / 28.5 mg / 5 ml Powder for Oral Suspension,PA23148/005/001,Brown & Burk IR Limited,"J01CR Combinations of penicillins, incl. beta-lactamase inhibitors, J01CR02 amoxicillin and enzyme inhibitor",J01CR02,Misom Labs Ltd ,"Malta Life Sciences Park,
LS2.01.06, Industrial Estate, San Gwann, SGN 3000,",Malta ,https://assets.hpra.ie/products/Human/28931/7118de29-08c3-4c23-a331-62c8f2d8c9b9.pdf
26676,Ciprofloxacin Krka 500 mg film-coated tablets,PA1347/035/002,"KRKA, d.d., Novo mesto","J01MA Fluoroquinolones, J01MA02 ciprofloxacin",J01MA02,"KRKA, d.d.","Novo mesto, Šmarješka cesta 6, 8501 Novo mesto",Slovenia,https://assets.hpra.ie/products/Human/26676/1fccff40-01d3-4e4b-9d71-358ac282a55e.pdf
21950,Solu-Medrone powder and solvent for solution for injection or concentrate for solution for infusion 1000 mg / vial,PA0822/136/004,Pfizer Healthcare Ireland Unlimited Company,"H02AB Glucocorticoids, H02AB04 methylprednisolone",H02AB04,Pfizer Manufacturing Belgium NV,"Rijksweg 12
2870
Puurs-Sint-Amands",Belgium,https://assets.hpra.ie/products/Human/21950/908267ff-ef2a-4e3a-9753-ac0234c4db83.pdf
26675,Ciprofloxacin Krka 250 mg film-coated tablets,PA1347/035/001,"KRKA, d.d., Novo mesto","J01MA Fluoroquinolones, J01MA02 ciprofloxacin",J01MA02,"KRKA, d.d.","Novo mesto, Šmarješka cesta 6, 8501 Novo mesto",Slovenia,https://assets.hpra.ie/products/Human/26675/5b111aed-aec6-49a9-9fb2-159ba7e2f18e.pdf
26677,Ciprofloxacin Krka 750 mg film-coated tablets,PA1347/035/003,"KRKA, d.d., Novo mesto","J01MA Fluoroquinolones, J01MA02 ciprofloxacin",J01MA02,"KRKA, d.d.","Novo mesto, Šmarješka cesta 6, 8501 Novo mesto",Slovenia,https://assets.hpra.ie/products/Human/26677/a650b1ef-a1ac-4df4-a7f3-2eaa7dcad89d.pdf
21947,Solu-Medrone powder and solvent for solution for injection or concentrate for solution for infusion 40 mg / vial,PA0822/136/001,Pfizer Healthcare Ireland Unlimited Company,"H02AB Glucocorticoids, H02AB04 methylprednisolone",H02AB04,Pfizer Manufacturing Belgium NV,"Rijksweg 12
2870
Puurs-Sint-Amands",Belgium,https://assets.hpra.ie/products/Human/21947/d82ec364-859c-4c6f-882a-7df028e49b0c.pdf
21913,Depo-Medrone 40 mg / ml Suspension for Injection 1 ml vial,PA0822/122/001,Pfizer Healthcare Ireland Unlimited Company,"H02AB Glucocorticoids, H02AB04 methylprednisolone",H02AB04,Pfizer Manufacturing Belgium NV,"Rijksweg 12
2870
Puurs-Sint-Amands",Belgium,https://assets.hpra.ie/products/Human/21913/30c89ff3-b6e1-405d-97e0-9e0e24a968e2.pdf
21948,Solu-Medrone powder and solvent for solution for injection or concentrate for solution for infusion 125 mg / vial,PA0822/136/002,Pfizer Healthcare Ireland Unlimited Company,"H02AB Glucocorticoids, H02AB04 methylprednisolone",H02AB04,Pfizer Manufacturing Belgium NV,"Rijksweg 12
2870
Puurs-Sint-Amands",Belgium,https://assets.hpra.ie/products/Human/21948/c235e62c-0984-4ed5-9cb2-8bc98394682f.pdf
25538,Cefuroxime 1.5 g Powder for Injection / Infusion,PA1226/009/002,Flynn Pharma Limited,"J01DC Second-generation cephalosporins, J01DC02 cefuroxime",J01DC02,ACS DOBFAR S.P.A | ACS DOBFAR S.P.A,"Nucleo Industriale S.Atto S.Nicolò a Tordino 64100 Teramo | Via A. Fleming, 2 37135 Verona",Italy | Italy ,https://assets.hpra.ie/products/Human/25538/e283b15c-7197-46fd-8cbb-6fd5fac71b4b.pdf
21914,Depo-Medrone 40 mg / ml Suspension for Injection 2 ml vial,PA0822/122/002,Pfizer Healthcare Ireland Unlimited Company,"H02AB Glucocorticoids, H02AB04 methylprednisolone",H02AB04,Pfizer Manufacturing Belgium NV,"Rijksweg 12
2870
Puurs-Sint-Amands",Belgium,https://assets.hpra.ie/products/Human/21914/bea5b900-26ae-44e1-a3f6-41fdcc2d1b99.pdf
20610,Propofol-Lipuro 2% (20 mg / ml) emulsion for injection or infusion,PA0736/018/003,B. Braun Melsungen AG,"N01AX Other general anesthetics, N01AX10 propofol",N01AX10,B. Braun Melsungen AG,Carl-Braun-Straße 1 Postal address:,Germany,https://assets.hpra.ie/products/Human/20610/4805e93d-1144-4a15-854d-5f7c07e5f312.pdf
26404,Ceftazidime 1g Powder for solution for injection or infusion,PA0281/224/001,Pinewood Laboratories Ltd,"J01DD Third-generation cephalosporins, J01DD02 ceftazidime",J01DD02,Labesfal - Laboratorios Almiro,"S.A, Zona Industrial do Lagedo, Santiago de
Besteiros, 3465-157",Portugal,https://assets.hpra.ie/products/Human/26404/ee42bfc6-b4f1-493e-8cde-50b4228b35fe.pdf
26405,Ceftazidime 2g Powder for solution for injection or infusion,PA0281/224/002,Pinewood Laboratories Ltd,"J01DD Third-generation cephalosporins, J01DD02 ceftazidime",J01DD02,Labesfal - Laboratorios Almiro,"S.A, Zona Industrial do Lagedo, Santiago de
Besteiros, 3465-157",Portugal,https://assets.hpra.ie/products/Human/26405/e91d2203-8dc7-4de0-a556-499c98cf3298.pdf
30474,Octanate 500 IU powder and solvent for solution for injection,PA2219/004/002,Octapharma (IP),"B02BD Blood coagulation factors, B02BD02 coagulation factor VIII",B02BD02,Octapharma Pharmazeutika Produktionsges.m.b.H. | Octapharma S.A.S | Octapharma AB,"Oberlaaer Str. 235 A-1100 Vienna | 70 - 72 Rue du Maréchal Foch BP 33, F - 67381 Lingolsheim | SE 112 75 Stockholm",Austria | France | Sweden ,https://assets.hpra.ie/products/Human/30474/6124d712-9531-47a8-81b2-7dd695928f2b.pdf
30473,Octanate 250 IU.Powder and solvent for solution for injection,PA2219/004/001,Octapharma (IP),"B02BD Blood coagulation factors, B02BD02 coagulation factor VIII",B02BD02,Octapharma Pharmazeutika Produktionsges.m.b.H. | Octapharma S.A.S | Octapharma AB,"Oberlaaer Str. 235 A-1100 Vienna | 70 - 72 Rue du Maréchal Foch BP 33, F - 67381 Lingolsheim | SE 112 75 Stockholm",Austria | France | Sweden ,https://assets.hpra.ie/products/Human/30473/6a841d5b-967b-4181-b5ae-8644a64059a1.pdf
30475,Octanate 1000 IU powder and solvent for solution for injection,PA2219/004/003,Octapharma (IP),"B02BD Blood coagulation factors, B02BD02 coagulation factor VIII",B02BD02,Octapharma Pharmazeutika Produktionsges.m.b.H. | Octapharma S.A.S | Octapharma AB,"Oberlaaer Str. 235 A-1100 Vienna | 70 - 72 Rue du Maréchal Foch BP 33, F - 67381 Lingolsheim | SE 112 75 Stockholm",Austria | France | Sweden ,https://assets.hpra.ie/products/Human/30475/f5aabd0d-0816-45f1-862c-de40d0e0779a.pdf
30681,Mannitol 10% Solution for Infusion BP,PA2299/006/001,Baxter Holding B.V.,"B05BC Solutions producing osmotic diuresis, B05BC01 mannitol",B05BC01,Baxter Healthcare Ltd. | Baxter S.A. |  Bieffe Medital S.A. | Vantive Manufacturing Limited,"axton Way Thetford Norfolk – IP24 3SE | Boulevard R. Branquart, 80 7860 Lessines |  Ctra de Biescas-Senegüé 22666 Sabiñànigo (Huesca) | Moneen Road Castlebar- County Mayo",United Kingdom |  Spain | Belgium | Ireland,https://assets.hpra.ie/products/Human/30681/bac49ebd-80c3-47f4-bc3f-a989b68b63b3.pdf
30682,Mannitol 15% w / v solution for infusion,PA2299/006/002,Baxter Holding B.V.,"B05BC Solutions producing osmotic diuresis, B05BC01 mannitol",B05BC01,Baxter Healthcare Ltd. | Baxter S.A. |  Bieffe Medital S.A. | Vantive Manufacturing Limited,"axton Way Thetford Norfolk – IP24 3SE | Boulevard R. Branquart, 80 7860 Lessines |  Ctra de Biescas-Senegüé 22666 Sabiñànigo (Huesca) | Moneen Road Castlebar- County Mayo",United Kingdom | Belgium | Spain | Ireland,https://assets.hpra.ie/products/Human/30682/af6a58c3-1150-4679-9aa7-1a7c43b907a3.pdf
22722,Diamox SR 250mg Modified Release Hard Capsules,PA1142/020/001,Amdipharm Limited,"S01EC Carbonic anhydrase inhibitors, S01EC01 acetazolamide",S01EC01,Mercury Pharmaceuticals Ltd. | Alternate Manufacturer,"Capital House, 85 King William Street, London, EC4N 7BL | Rottendorf Pharma GmbH, Ostenfelder Strasse 51-61, 59320 Ennigerloh",United Kingdom | Germany,https://assets.hpra.ie/products/Human/22722/f3f34111-0c7c-467d-8ba1-551ac695165d.pdf
14423,Fentanyl 100 micrograms in 2 ml Solution for Injection,PA0073/122/001,Mercury Pharmaceuticals (Ireland) Ltd,"N01AH Opioid anesthetics, N01AH01 fentanyl",N01AH01,B. Braun Melsungen AG,"Mistelweg 2, 12357 Berlin",Germany,https://assets.hpra.ie/products/Human/14423/f0277fab-f69b-4e45-90ac-a1d83b53ce28.pdf
22124,Fluorouracil 25 mg / ml Solution for Injection or Infusion,PA0822/223/001,Pfizer Healthcare Ireland Unlimited Company,"L01BC Pyrimidine analogues, L01BC02 fluorouracil",L01BC02,Hospira Australia Pty Ltd,"1-5, 7-23 and 25-39 Lexia Place, Mulgrave, VIC 3170",Australia,https://assets.hpra.ie/products/Human/22124/7a786eb7-03f8-4b6c-80be-f344bf258947.pdf
40016,Ephedrine Hydrochloride 3 mg / ml solution for injection,PA1968/011/002,Laboratoire Aguettant,C01CA26 ephedrine,C01CA26,LABORATOIRE AGUETTANT | LABORATOIRE AGUETTANT,"1, rue Alexander Fleming 69007 LYON | Lieu-dit “Chantecaille” 07340 CHAMPAGNE",France | France ,https://assets.hpra.ie/products/Human/40016/7d69f0dd-b86b-42f8-85b2-5d190a0faaa2.pdf
24538,Ventolin 1mg / ml Concentrate for Solution for Intravenous Infusion,PA1077/049/002,GlaxoSmithKline (Ireland) Limited,"R03CC Selective beta-2-adrenoreceptor agonists, R03CC02 salbutamol",R03CC02,GlaxoSmithKline Manufacturing S.p.A.,"Strada Provinciale Asolana 90
43056 San Polo di Torrile
Parma",Italy,https://assets.hpra.ie/products/Human/24538/3a8a3291-6cd8-435d-821b-8a344543474e.pdf
24537,Ventolin 500 micrograms / ml Solution for Injection,PA1077/049/001,GlaxoSmithKline (Ireland) Limited,"R03AC Selective beta-2-adrenoreceptor agonists, R03AC02 salbutamol",R03AC02,GlaxoSmithKline Manufacturing S.p.A.,"Strada Provinciale Asolana 90
43056 San Polo di Torrile
Parma",Italy,https://assets.hpra.ie/products/Human/24537/3d7c5b9c-3434-4bc9-8a65-bcf193333d07.pdf
43960,Cordarone X 200 mg Tablets,PPA1463/255/001,"IMED Healthcare Ltd.,",C01BD01 amiodarone,C01BD01,"Galenicum Health, S.L.U | SAG Manufacturing S.L.U","Sant Gabriel, 50, 08950 – Esplugues de Llobregat (Barcelona) |  Crta. N-I, Km 36, 28750 San Agustin de Guadalix, Madrid,",Spain | Spain,https://assets.hpra.ie/products/Human/43960/534c1d88-db79-43f7-8360-4e73d531fd97.pdf
14344,Furosemide 250mg in 25ml Solution for Injection / Infusion,PA0073/059/006,Mercury Pharmaceuticals (Ireland) Ltd,"C03CA Sulfonamides, plain, C03CA01 furosemide",C03CA01,B. Braun Melsungen AG,"Mistelweg 2, 12357, Berlin",Germany,https://assets.hpra.ie/products/Human/14344/81779e07-9f89-48ce-a5a5-fb1517918d8a.pdf
16684,Pinamox 250 mg / 5 ml powder for oral suspension,PA0298/010/002,Athlone Laboratories Ltd,"J01CA Penicillins with extended spectrum, J01CA04 amoxicillin",J01CA04,Athlone Laboratories Limited,"Ballymurray, Co. Roscommon, Ireland., The product is distributed by:",Ireland,https://assets.hpra.ie/products/Human/16684/58bdb3d3-b13c-426c-b1ca-10b6c70531fa.pdf
16683,Pinamox 125 mg / 5 ml powder for oral suspension,PA0298/010/001,Athlone Laboratories Ltd,"J01CA Penicillins with extended spectrum, J01CA04 amoxicillin",J01CA04,Athlone Laboratories Limited,"Ballymurray, Co. Roscommon, Ireland., The product is distributed by:",Ireland,https://assets.hpra.ie/products/Human/16683/960e3234-8f0b-40cd-a48c-c40364765b9c.pdf
40111,Teicoplanin Seacross 400 mg powder for solution for injection / infusion or oral solution,PA22766/011/002,Seacross Pharma (Europe) Limited,J01XA02 teicoplanin,J01XA02,Seacross Pharma (Europe) Limited ,"POD 13, The Old Station House
15A Main Street, Blackrock
Dublin, A94 T8P8",Ireland,https://assets.hpra.ie/products/Human/40111/e420dc7d-356b-4f17-aae9-a89803cfc3e4.pdf
30861,Epirubicin Hydrochloride 2 mg / ml solution for injection or infusion,PA2315/034/001,Accord Healthcare Ireland Ltd.,"L01DB Anthracyclines and related substances, L01DB03 epirubicin",L01DB03,Laboratori FUNDACIO DAU | Accord Healthcare Polska Sp.z o.o. | Accord Healthcare Single Member S.A.,"C/ De la letra C, 12-14, Poligono Industrial de la Zona Franca, 08040 Barcelona | ul. Lutomierska 50,95-200 Pabianice | 64th Km National Road Athens, Lamia, Schimatari, 32009",Spain | Poland | Greece,https://assets.hpra.ie/products/Human/30861/26597a92-7d32-490e-a8b2-24b5f54b63fb.pdf
40104,Teicoplanin Seacross 200 mg powder for solution for injection / infusion or oral solution,PA22766/011/001,Seacross Pharma (Europe) Limited,J01XA02 teicoplanin,J01XA02,Seacross Pharma (Europe) Limited,"POD 13, The Old Station House
15A Main Street, Blackrock
Dublin, A94 T8P8",Ireland,https://assets.hpra.ie/products/Human/40104/6f74459e-7167-4bdc-ae6e-414f83d41cef.pdf
30367,"Influvac Tetra, suspension for injection in pre-filled syringe (influenza vaccine, surface antigen, inactivated)",PA23355/016/001,Viatris Healthcare Limited,"J07BB Influenza vaccines, J07BB02 influenza, inactivated, split virus or surface antigen",J07BB02,Abbott Biologicals B.V. ,"Veerweg 12
NL - 8121 AA Olst",Netherlands,https://assets.hpra.ie/products/Human/30367/43a094f5-29fb-4760-b326-843e95e17bbd.pdf
36849,Paralief 500 mg soft capsules,PA0126/020/007,Clonmel Healthcare Ltd,N02BE01 paracetamol,N02BE01,STADA Arzneimittel AG | Clonmel Healthcare Ltd | Centrafarm Services B.V.,"Stadastrasse 2-18, 61118 Bad Vilbel | Waterford Road, Clonmel, Co. Tipperary | Van de Reijstraat 31 E, 4814 NE Breda",Germany | Ireland | Netherlands,https://assets.hpra.ie/products/Human/36849/4a8bc63e-4c30-4a9b-ab70-a0ba153ab0f5.pdf
30228,Clindamycin 150 mg / ml solution for injection,PA2059/007/001,Fresenius Kabi Deutschland GmbH,"J01FF Lincosamides, J01FF01 clindamycin",J01FF01,Labesfal – Laboratórios Almiro,"S.A, Lagedo, Santiago de Besteiros, Santiago de Besteiros, 3465-157",Portugal,https://assets.hpra.ie/products/Human/30228/209cba3e-0f60-4df6-bd3b-8bcde6738335.pdf
24945,Potassium Chloride 15% w / v Concentrate for solution for infusion,PA1122/003/001,Noridem Enterprises Limited,"B05XA Electrolyte solutions, B05XA01 potassium chloride",B05XA01,DEMO S.A. PHARMACEUTICAL INDUSTRY,"21st km National Road Athens-
Lamia, 14568 Krioneri, Attik",Greece,https://assets.hpra.ie/products/Human/24945/a44f3ae3-e765-491b-a776-930264c9d209.pdf
41449,Diazepam 0.4 mg / ml oral suspension,PA22697/022/001,Syri Pharma Limited t/a Thame Laboratories,N05BA01 diazepam,N05BA01,Pharmadox Healthcare Ltd.,"KW20A Kordin Industrial Park,
Paola PLA 3000",Malta,https://assets.hpra.ie/products/Human/41449/f0c2cfe2-07a5-479d-a285-b684027aa81a.pdf
25180,Erythroped PI SF 125 mg / 5 ml granules for oral suspension,PA1142/006/002,Amdipharm Limited,"J01FA Macrolides, J01FA01 erythromycin",J01FA01,Aesica Queenborough Limited | Aesica Pharmaceuticals S.r.I.,"Queenborough Kent ME11 5EL | Via Praglia,15 10044 Pianezza (TO)",United Kingdom | Italy,https://assets.hpra.ie/products/Human/25180/be74bd00-303d-45eb-9581-a0449c7eb1e7.pdf
30480,"Albunorm 20%, 200g / l, solution for infusion",PA2219/007/002,Octapharma (IP),"B05AA Blood substitutes and plasma protein fractions, B05AA01 albumin",B05AA01,Octapharma Pharmazeutika | Octapharma S.A.S. | Octapharma AB | Octapharma Produktionsgesellschaft Deutschland mbH,"Produktionsges.m.b.H., Oberlaaerstrasse 235, 1100 Vienna | 72 rue du Maréchal Foch, 67380 Lingolsheim | Lars Forssells gata 23, 112 75 Stockholm | Wolfgang-Marguerre-Allee 1, 31832 Springe",Austria | France | Sweden | Germany,https://assets.hpra.ie/products/Human/30480/28004c3a-b1db-4767-9726-28884a0568cc.pdf
25182,Erythroped Adult 500mg Film-coated Tablets,PA1142/006/004,Amdipharm Limited,"J01FA Macrolides, J01FA01 erythromycin",J01FA01,Aesica Queenborough Limited ,"Aesica Queenborough Limited
Queenborough
Kent
ME11 5EL",United Kingdom,https://assets.hpra.ie/products/Human/25182/8cd92bbb-3768-4976-9c2d-de251fb85bba.pdf
17195,Abacavir / Lamivudine Mylan 600 mg / 300 mg film-coated tablets,PA0577/193/001,"McDermott Laboratories Ltd., T/A Gerard Laboratories","J05AR Antivirals for treatment of HIV infections, combinations, J05AR02 lamivudine and abacavir",J05AR02,McDermott Laboratories Ltd. t/a Gerard Laboratories | Mylan Hungary Kft.,"35/36 Baldoyle Industrial Estate, Grange Road, Dublin 13 | Mylan utca 1., Komarom, 2900",Ireland | Hungary,https://assets.hpra.ie/products/Human/17195/175dfb7b-1a02-4f56-ae3d-0a7ffdd8847f.pdf
25179,Erythroped SF 250 mg / 5 ml granules for oral suspension,PA1142/006/001,Amdipharm Limited,"J01FA Macrolides, J01FA01 erythromycin",J01FA01,Aesica Queenborough Limited | Aesica Pharmaceuticals S.r.I,"Queenborough Kent ME11 5EL | Via Praglia,15 10044 Pianezza (TO)", United Kingdom | Italy,https://assets.hpra.ie/products/Human/25179/dd8da5a8-d234-41ea-bf4d-a39d8e6b65f2.pdf
25169,NeoMercazole 20 mg Tablets,PA1142/002/002,Amdipharm Limited,"H03BB Sulfur-containing imidazole derivatives, H03BB01 carbimazole",H03BB01,Cenexi SAS,"52 rue Marcel et Jacques Gaucher, Page 6 of 7 94120 Fontenay-sous-Bois,",France,https://assets.hpra.ie/products/Human/25169/2aa53772-30ab-4a6a-b358-d23602c05dc9.pdf
25168,NeoMercazole 5 mg Tablets,PA1142/002/001,Amdipharm Limited,"H03BB Sulfur-containing imidazole derivatives, H03BB01 carbimazole",H03BB01,Cenexi SAS,"52 rue Marcel et Jacques Gaucher, Page 6 of 7 94120 Fontenay-sous-Bois,",France,https://assets.hpra.ie/products/Human/25168/cc236085-1cb9-4da1-81f5-bcc819ae647e.pdf
25194,Genticin 80 mg / 2ml Solution for Injection,PA1142/013/001,Amdipharm Limited,"J01GB Other aminoglycosides, J01GB03 gentamicin",J01GB03,Farmar S.A.,"Agiou Dimitriou 63, Alimos Attiki, 17456",Greece,https://assets.hpra.ie/products/Human/25194/683bb49b-4281-42bd-a3c0-88fbef6055b3.pdf
28205,Piperacillin / Tazobactam Aurobindo 4 g / 0.5 g powder for solution for infusion,PA23467/001/002,Eugia Pharma (Malta) Limited,"J01CR Combinations of penicillins, incl. beta-lactamase inhibitors, J01CR05 piperacillin and enzyme inhibitor",J01CR05,APL Swift Services (Malta) Limited,"HF26, Hal Far Industrial Estate, Hal Far
Birzebbugia, BBG 3000",Malta,https://assets.hpra.ie/products/Human/28205/ae061768-d8e9-4db2-b56d-406a9575be96.pdf
14842,Paralief 500mg Tablets,PA0126/020/001,Clonmel Healthcare Ltd,"N02BE Anilides, N02BE01 paracetamol",N02BE01,Clonmel Healthcare Ltd | Sofarimex | STADA Arzneimittel AG,"Waterford Road, Clonmel, Co. Tipperary | Alto do Colaride/Agualva, 2735-213 Cacém |  Stadastrasse 2-18, 61118 Bad Vilbel",Ireland | Portugal | Germany,https://assets.hpra.ie/products/Human/14842/b8c83345-8abc-4c64-b0ef-8aa24870969e.pdf
29634,"Anexate 500 micrograms / 5ml, solution for injection or infusion",PA1868/002/001,Cheplapharm Arzneimittel  GmbH,"V03AB Antidotes, V03AB25 flumazenil",V03AB25,CHEPLAPHARM Arzneimittel GmbH,"Ziegelhof 23-24, 17489 Greifswald",Germany,https://assets.hpra.ie/products/Human/29634/d748d7cf-11e0-48d5-b657-4707a7a06664.pdf
41895,Ceftazidime hameln 2 g powder for solution for injection / infusion,PA2237/010/003,hameln pharma gmbh,J01DD02 ceftazidime,J01DD02,hameln rds s.r.o.,"Horna 36, 90001 Modra",Slovakia,https://assets.hpra.ie/products/Human/41895/2f271820-b84d-4999-b330-6ae1e2537f24.pdf
41894,Ceftazidime hameln 1 g powder for solution for injection / infusion,PA2237/010/002,hameln pharma gmbh,J01DD02 ceftazidime,J01DD02,hameln rds s.r.o.,"Horna 36, 90001 Modra",Slovakia,https://assets.hpra.ie/products/Human/41894/e3b68b79-f699-4b57-acb7-f608df24375e.pdf
41839,Ceftazidime hameln 500 mg powder for solution for injection,PA2237/010/001,hameln pharma gmbh,J01DD02 ceftazidime,J01DD02,hameln rds s.r.o.,"Horna 36, 90001 Modra",Slovakia,https://assets.hpra.ie/products/Human/41839/c755e4b8-abd9-4ce8-ba3e-bc966bba4dab.pdf
28679,Dantrium 25 mg Capsules,PA1336/004/001,Norgine B.V.,"M03CA Dantrolene and derivatives, M03CA01 dantrolene",M03CA01,Delpharm L’Aigle,"Zone Industrielle No1, Route De Crulai, 61300 L’Aigle",France,https://assets.hpra.ie/products/Human/28679/98a4d547-1df6-4145-a6bf-85160664b739.pdf
26018,"VAQTA Adult 50 U / 1 ml, suspension for injection in a prefilled syringe. Hepatitis A vaccine, inactivated, adsorbed. For adults",PA1286/056/002,Merck Sharp & Dohme Ireland (Human Health) Limited,"J07BC Hepatitis vaccines, J07BC02 hepatitis A, inactivated, whole virus",J07BC02,Merck Sharp & Dohme B.V.,"Waarderweg 39, 2031 BN Haarlem",Netherlands,https://assets.hpra.ie/products/Human/26018/93ed2fc8-52cc-480f-823b-a1969dd614f5.pdf
26017,"VAQTA Paediatric 25 U / 0.5 mL, suspension for injection in a prefilled syringe. Hepatitis A vaccine, inactivated, adsorbed. For children and adolescents",PA1286/056/001,Merck Sharp & Dohme Ireland (Human Health) Limited,"J07BC Hepatitis vaccines, J07BC02 hepatitis A, inactivated, whole virus",J07BC02,Merck Sharp & Dohme B.V.,"Waarderweg 39, 2031 BN Haarlem",Netherlands,https://assets.hpra.ie/products/Human/26017/8ab1211a-7936-43e0-b2c5-d3dbbb5b375e.pdf
38094,Isoprenaline hydrochloride Macure 0.2 mg / ml concentrate for solution for infusion,PA23199/001/001,Macure Pharma ApS,C01CA02 isoprenaline,C01CA02,s.a.l.f. Laboratorio Farmacologico S.p.A.,"Via Giuseppe Mazzini 9, 24069 Cenate Sotto",Italy,https://assets.hpra.ie/products/Human/38094/e5f6ae66-1bda-4467-b8e8-bef7dc266e86.pdf
16679,Kopen Sugar Free 125 mg / 5 ml Powder for Oral Solution,PA1418/014/001,Athlone Pharmaceuticals Limited,"J01CE Beta-lactamase sensitive penicillins, J01CE02 phenoxymethylpenicillin",J01CE02,"Athlone Laboratories Limited, Ballymurray, Co.  ",Roscommon,Ireland,https://assets.hpra.ie/products/Human/16679/b08bcd08-5454-4be7-a716-4470cc5c1620.pdf
16680,Kopen Sugar Free 250 mg / 5 ml Powder for Oral Solution,PA1418/014/002,Athlone Pharmaceuticals Limited,"J01CE Beta-lactamase sensitive penicillins, J01CE02 phenoxymethylpenicillin",J01CE02,"Athlone Laboratories Limited, Ballymurray, Co.  ",Roscommon,Ireland,https://assets.hpra.ie/products/Human/16680/6b58068c-9c8e-40e9-bb60-02c038505aa1.pdf
27263,Olanzapine 20mg Orodispersible Tablets,PA2315/229/004,Accord Healthcare Ireland Ltd.,"N05AH Diazepines, oxazepines, thiazepines and oxepines, N05AH03 olanzapine",N05AH03,Accord Healthcare Polska Sp.z.o.o. | Accord Healthcare B.V.,"Ul. Lutomierska 50, 95-200, Pabianice | Winthontlaan 200, 3526KV Utrecht",Poland | Netherlands,https://assets.hpra.ie/products/Human/27263/41a008f0-47ec-4570-b2a7-08deed94b67e.pdf
27260,Olanzapine 5 mg Orodispersible Tablets,PA2315/229/001,Accord Healthcare Ireland Ltd.,"N05AH Diazepines, oxazepines, thiazepines and oxepines, N05AH03 olanzapine",N05AH03,Accord Healthcare Polska Sp.z.o.o. | Accord Healthcare B.V.,"Ul. Lutomierska 50, 95-200, Pabianice | Winthontlaan 200, 3526KV Utrecht",Poland | Netherlands,https://assets.hpra.ie/products/Human/27260/4aa2daf7-d6cf-4de7-abc2-2c54414d1fd0.pdf
27262,Olanzapine 15mg Orodispersible Tablets,PA2315/229/003,Accord Healthcare Ireland Ltd.,"N05AH Diazepines, oxazepines, thiazepines and oxepines, N05AH03 olanzapine",N05AH03,Accord Healthcare Polska Sp.z.o.o. | Accord Healthcare B.V.,"Ul. Lutomierska 50, 95-200, Pabianice | Winthontlaan 200, 3526KV Utrecht",Poland | Netherlands,https://assets.hpra.ie/products/Human/27262/3863c778-135a-4dc8-9419-9716b3b03810.pdf
37718,Mercaptopurine Silver Pharma 50 mg tablets,PA23137/001/001,Silver Pharma S.L.,L01BB02 mercaptopurine,L01BB02,Ardena Pamplona S.L. | Laboratori Fundació DAU,"Pol. Mocholí C/ Noáin, 1, 31110 Noáin (Navarra) | Calle Lletra C, 12-14, Pol. Ind. Zon, 08040 Barcelona",Spain | Spain,https://assets.hpra.ie/products/Human/37718/b8f33654-ca45-4a31-873f-7ea94d3eaa88.pdf
25616,Furosemide Bristol 20 mg Tablets,PA22749/001/001,Brillpharma (Ireland) Limited,"C03CA Sulfonamides, plain, C03CA01 furosemide",C03CA01,Bristol Laboratories Limited. | Bristol Laboratories Limited | axcount Generika GmbH | Bristol Laboratories Limited,"Unit 3, Canalside, Northbridge Road, Berkhamsted | Laporte Way, Luton, LU4 8WL | Max-Planck-Straße 36d, 61381 Friedrichsdorf | Unit 5, Traynor Way, Whitehouse Business Park, Peterlee, SR8 2RU",United Kingdom | United Kingdom | Germany | United Kingdom,https://assets.hpra.ie/products/Human/25616/e468d3c3-1999-4922-bfc4-ff858abdc851.pdf
25617,Furosemide Bristol 40 mg Tablets,PA22749/001/002,Brillpharma (Ireland) Limited,"C03CA Sulfonamides, plain, C03CA01 furosemide",C03CA01,Bristol Laboratories Limited. | Bristol Laboratories Limited | axcount Generika GmbH | Bristol Laboratories Limited,"Unit 3, Canalside, Northbridge Road, Berkhamsted | Laporte Way, Luton, LU4 8WL | Max-Planck-Straße 36d, 61381 Friedrichsdorf | Unit 5, Traynor Way, Whitehouse Business Park, Peterlee, SR8 2RU",United Kingdom | United Kingdom | Germany | United Kingdom,https://assets.hpra.ie/products/Human/25617/62f20a14-37e4-463e-bf46-1a82bde5e69c.pdf
28093,Etoposide 20 mg / ml concentrate for solution for infusion,PA2059/036/001,Fresenius Kabi Deutschland GmbH,"L01CB Podophyllotoxin derivatives, L01CB01 etoposide",L01CB01,Fresenius Kabi Deutschland GmbH,"Pfingstweide 53, 61169 Friedberg",Germany,https://assets.hpra.ie/products/Human/28093/6926aa35-2bcf-4deb-b4de-484a98ed7646.pdf
30574,Mifegyne 200 mg tablets,PA22946/001/001,EXELGYN,G03XB01 mifepristone,G03XB01,Laboratoires Macors,"22 rue des Caillottes, 89000 Auxerre",France,https://assets.hpra.ie/products/Human/30574/8b839f50-52b0-45a2-9a18-f553ecf91c35.pdf
30575,Mifegyne 600 mg tablets,PA22946/001/002,EXELGYN,G03XB01 mifepristone,G03XB01,Laboratoires Macors | Nordic Pharma B.V.,"22 rue des Caillottes, 89000 Auxerre | Siriusdreef 41, 2132 WT Hoofddorp",France | Netherlands,https://assets.hpra.ie/products/Human/30575/624fc5ad-c952-43f7-83c2-cb015047966e.pdf
17246,Abacavir / Lamivudine Viatris 600 mg / 300 mg Film-coated Tablets,PA23266/056/001,Viatris Limited,"J05AR Antivirals for treatment of HIV infections, combinations, J05AR02 lamivudine and abacavir",J05AR02,Mylan Hungary Kft | Mylan Germany GmbH,"Mylan utca 1, Komárom, 2900 | Zweigniederlassung Bad Homburg v. d. Hoehe, Benzstrasse 1, Bad Homburg v., d. Hoehe, Hessen, 61352",Hungary | Germany,https://assets.hpra.ie/products/Human/17246/9b2c5d73-0ace-4567-bc72-bd635518facc.pdf
24968,Cisatracurium 2 mg / ml solution for injection / infusion,PA1122/017/001,Noridem Enterprises Limited,"M03AC Other quaternary ammonium compounds, M03AC11 cisatracurium",M03AC11,DEMO S.A. Pharmaceutical Industry,"21st km National Road Athens-Lamia,
14568 Krioneri, Attiki,",Greece,https://assets.hpra.ie/products/Human/24968/35e9e00d-103f-4953-8499-4a3bf425580f.pdf
25191,Maxolon 10 mg Tablets,PA1142/011/003,Amdipharm Limited,"A03FA Propulsives, A03FA01 metoclopramide",A03FA01,Amdipharm UK Limited | Kern Pharma S.L,"Capital House, 85 King William Street, 5, London, EC4N 7BL | Kern Pharma S.L., Poligono Industrial Colon II, Venus 72, E-08228 Terrassa, Barcelona | you would like to know more, ask your doctor or pharmac, ® Maxalon is a registered trademark of Amdipharm Merc",United Kingdom | Spain,https://assets.hpra.ie/products/Human/25191/e93b2426-9375-44da-82d3-fd687f45ca21.pdf
25189,Maxolon 5 mg / ml Solution for Injection,PA1142/011/001,Amdipharm Limited,"A03FA Propulsives, A03FA01 metoclopramide",A03FA01,Amdipharm UK Limited | Alternate Manufacturer,"Capital House, 85 King William Street, London, EC4N 7BL | Poligono Industrial Colon II,
Venus 72, E-08228 Terrassa,
Barcelona",United Kingdom | Spain,https://assets.hpra.ie/products/Human/25189/0ce4187a-a065-4eab-9982-c7d944f66e67.pdf
14443,Warfant 3 mg Tablets,PA0073/139/002,Mercury Pharmaceuticals (Ireland) Ltd,"B01AA Vitamin K antagonists, B01AA03 warfarin",B01AA03,Famar Italia S.P.A,"VIA ZAMBELETTI, 25-20021 BARANZATE (MI)",Italy,https://assets.hpra.ie/products/Human/14443/0f80d6f4-c661-4a84-9a18-873278fd81a4.pdf
14444,Warfant 5 mg Tablets,PA0073/139/003,Mercury Pharmaceuticals (Ireland) Ltd,"B01AA Vitamin K antagonists, B01AA03 warfarin",B01AA03,Famar Italia S.P.A,"VIA ZAMBELETTI, 25-20021 BARANZATE (MI)",Italy,https://assets.hpra.ie/products/Human/14444/d9d0e579-3fb3-405d-a120-af4d79a27a70.pdf
14442,Warfant 1 mg Tablets,PA0073/139/001,Mercury Pharmaceuticals (Ireland) Ltd,"B01AA Vitamin K antagonists, B01AA03 warfarin",B01AA03,Famar Italia S.P.A,"VIA ZAMBELETTI, 25-20021 BARANZATE (MI)",Italy,https://assets.hpra.ie/products/Human/14442/1ea4c065-d47d-4030-8637-bf8585abc318.pdf
42395,Septrin 80 mg / 400 mg Tablets,PPA1463/234/001,"IMED Healthcare Ltd.,",J01EE01 sulfamethoxazole and trimethoprim,J01EE01,Alcalá Farma,"Avenida de Madrid 82, Alcalá de Henares, 28802 Madrid",Spain,https://assets.hpra.ie/products/Human/42395/f93d76a2-3ae1-436f-bc9d-251d20d5e6aa.pdf
15852,"Compound Sodium Lactate Intravenous Infusion BP, Ecobag (Hartmann’s Solution)",PA0179/004/008,B. Braun Medical Limited,"B05BB Solutions affecting the electrolyte balance, B05BB01 electrolytes",B05BB01,B. Braun Melsungen AG,"Carl-Braun-Straße 1
34212 Melsungen",Germany ,https://assets.hpra.ie/products/Human/15852/PA179-4-8PIL-2165291-20072015120117-635729904787428750.pdf
21398,Atrovent 250 UDVs 250 micrograms /  1ml Nebuliser Solution,PA0775/012/002,Boehringer Ingelheim International GmbH,"R03BB Anticholinergics, R03BB01 ipratropium bromide",R03BB01,"Laboratoire Unither
","Espace Industriel Nord
151 rue André Durouchez
80084 Amiens Cedex 2
",France,https://assets.hpra.ie/products/Human/21398/8f4343d5-9bd0-4964-9d20-0123f01df094.pdf
19171,EFRACEA 40 mg modified-release hard capsules,PA22743/006/001,Galderma International,J01AA02 doxycycline,J01AA02,"Patheon France, ","40 boulevard de Champaret
38300 BOURGOIN JALLIEU | ",Ireland,https://assets.hpra.ie/products/Human/19171/3257dbb5-875c-4db3-9e27-68b3c2eabae6.pdf
26256,Tambocor 10 mg / ml Solution for Injection or Infusion,PA23355/023/001,Viatris Healthcare Limited,"C01BC Antiarrhythmics, class Ic, C01BC04 flecainide",C01BC04,Cenexi | Laboratoires GALDERMA,"52, rue Marcel et Jacques Gaucher, 94120 Fontenay-Sous-Bois | , Zone Industrielle Montde’sir, 74540 Alby sur
Chéran",France | France,https://assets.hpra.ie/products/Human/26256/cc0c513b-a187-4d45-9fdf-f6a559d0a88f.pdf
19364,Half Beta-Prograne 80 mg Prolonged-Release Capsules,PA22720/002/002,Tillomed Pharma GmbH,"C07AA Beta blocking agents, non-selective, C07AA05 propranolol",C07AA05,"MIAS Pharma Limited | 
Tillomed Laboratories Limited | 
Tillomed Pharma GmbH | 
Tillomed Malta Limited
","Suite 2, Stafford House
Strand Road
Portmarnock
Co. Dublin | 220 Butterfield
Great Marlings
Luton
LU2 8DL | Mittelstraße 5/5a
12529 Schönefeld | Malta Life Sciences Park
LS2.01.06 Industrial Estate
San Gwann, SGN 3000
",Ireland | United Kingdom | Germany | Malta,https://assets.hpra.ie/products/Human/19364/9a086714-83be-4d66-bc04-29ec3f5e3ec7.pdf
14846,Paralief Hot Lemon Drink 600 mg powder for oral solution in sachet,PA0126/020/006,Clonmel Healthcare Ltd,"N02BE Anilides, N02BE01 paracetamol",N02BE01,STADA Arzneimittel AG | Clonmel Healthcare Ltd,"Stadastrasse 2-18, D-61118 Bad Vilbel | Waterford Road, Clonmel, Co. Tipperary",Germany | Ireland,https://assets.hpra.ie/products/Human/14846/9d45d788-ac8f-4cd6-bdc7-364346e26625.pdf
19448,Panadol Cold & Flu Hot Lemon with Honey Powder for Oral SolutionParacetamol 600mgAscorbic acid 40mg,PA0678/011/003,Haleon Ireland Limited,"N02BE Anilides, N02BE01 paracetamol",N02BE01,SmithKline Beecham S.A. ,"Avda de Ajalvir Km 2,500, 28806 Alcala de Henares, Madrid,",Spain,https://assets.hpra.ie/products/Human/19448/2e87470d-d098-4053-b86d-882847152a83.pdf
19476,Panadol Max Strength Cold and Flu Hot Lemon Powder for oral solution Paracetamol 1000mg,PA0678/039/013,Haleon Ireland Limited,"N02BE Anilides, N02BE01 paracetamol",N02BE01,SmithKline Beecham S.A. ,"Avda. de Ajalvir Km 2,500,
28806 Alcalá de Henares, Madrid", Spain,https://assets.hpra.ie/products/Human/19476/52c67758-3f74-439a-8a3e-5bb6c59cbdf6.pdf
19464,Panadol Soluble Max 1000mg Paracetamol Effervescent granules,PA0678/028/002,Haleon Ireland Limited,"N02BE Anilides, N02BE01 paracetamol",N02BE01,SmithKline Beecham S.A. ,"Avda. de Ajalvir Km 2,500,
28806 Alcalá de Henares, Madrid", Spain,https://assets.hpra.ie/products/Human/19464/548cdc1d-5f19-4d9f-a722-314363080124.pdf
19473,Panagram Max 1g Film coated tablets,PA0678/039/009,Haleon Ireland Limited,"N02BE Anilides, N02BE01 paracetamol",N02BE01,GlaxoSmithKline (Dungarvan),"Knockbrack, Co. Waterford",Ireland,https://assets.hpra.ie/products/Human/19473/7bfd3d22-9440-47ac-84e9-5e281f021f4a.pdf
19549,Panadol Head Cold Powder for Oral SolutionParacetamol 600 mg Ascorbic Acid 40 mg,PA0678/106/001,Haleon Ireland Limited,"N02BE Anilides, N02BE01 paracetamol",N02BE01,SmithKline Beecham S.A. ,"Avda. de Ajalvir Km 2,500,
28806 Alcalá de Henares, Madrid", Spain,https://assets.hpra.ie/products/Human/19549/1cda5813-26df-4cad-806b-67c71b4a9b41.pdf
17921,Sabril 500 mg Granules for Oral Solution,PA0540/023/002,Sanofi-Aventis Ireland Limited T/A SANOFI,"N03AG Fatty acid derivatives, N03AG04 vigabatrin",N03AG04,Patheon France S.A.,"Boulevard de Champaret
38300 Bourgoin-Jallieu ",France,https://assets.hpra.ie/products/Human/17921/f5b78f7e-5e32-4b41-b29d-43516b44f9f2.pdf
16705,Oramox 125 mg / 5 ml powder for oral suspension,PA1418/013/001,Athlone Pharmaceuticals Limited,"J01CA Penicillins with extended spectrum, J01CA04 amoxicillin",J01CA04,"Athlone Laboratories Limited, ","Ballymurray, Co. Roscommon",Ireland,https://assets.hpra.ie/products/Human/16705/e796e329-d025-423f-8396-1d574ef017aa.pdf
16685,Pinamox 250 mg hard capsules,PA0298/010/003,Athlone Laboratories Ltd,"J01CA Penicillins with extended spectrum, J01CA04 amoxicillin",J01CA04,Athlone Laboratories Limited,"Ballymurray, Co.
Roscommon",Ireland,https://assets.hpra.ie/products/Human/16685/68355daa-987c-4adc-a134-79b3a4dfd6b2.pdf
24912,DELTACORTRIL ENTERIC 2.5 mg gastro-resistant tablets,PA1113/003/002,Phoenix Labs,"H02AB Glucocorticoids, H02AB06 prednisolone",H02AB06,LABORATORI FUNDACIO DAU,"C/C, 12-14, Pol. Ind.
Consorci Zona Franca. Barcelona, 08040 Barcelona",Spain,https://assets.hpra.ie/products/Human/24912/908fc024-2102-4302-90a1-db3501ed42a0.pdf
16686,Pinamox 500 mg hard capsules,PA0298/010/004,Athlone Laboratories Ltd,"J01CA Penicillins with extended spectrum, J01CA04 amoxicillin",J01CA04,Athlone Laboratories Limited,"Ballymurray, Co.
Roscommon",Ireland,https://assets.hpra.ie/products/Human/16686/e094a821-0dc8-44d2-853e-5c5d4412ba94.pdf
24911,DELTACORTRIL ENTERIC 5 mg gastro-resistant tablets,PA1113/003/001,Phoenix Labs,"H02AB Glucocorticoids, H02AB06 prednisolone",H02AB06,LABORATORI FUNDACIO DAU,"C/C, 12-14, Pol. Ind.
Consorci Zona Franca. Barcelona, 08040 Barcelona",Spain,https://assets.hpra.ie/products/Human/24911/dddbca8f-7cb2-43b4-856a-65deccc43978.pdf
30437,Sublimaze 50 micrograms / ml solution for injection,PA22583/002/001,Piramal Critical Care B.V.,"N01AH Opioid anesthetics, N01AH01 fentanyl",N01AH01,Piramal Critical Care B.V. | McGregor Cory Ltd,"Rouboslaan 32, 2252TR, Voorschoten | Middleton Close, Banbury, Oxfordshire OX16 4RS ",Netherlands | United Kingdom,https://assets.hpra.ie/products/Human/30437/bc0cf1f0-8f82-4eba-8bc4-61a653353229.pdf
16707,Oramox 250 mg hard capsules,PA1418/013/003,Athlone Pharmaceuticals Limited,"J01CA Penicillins with extended spectrum, J01CA04 amoxicillin",J01CA04,Athlone Laboratories Limited,"Ballymurray, Co.
Roscommon",Ireland,https://assets.hpra.ie/products/Human/16707/e001465b-ab57-4a6d-8ac9-1fdcec22518d.pdf
16708,Oramox 500 mg hard capsules,PA1418/013/004,Athlone Pharmaceuticals Limited,"J01CA Penicillins with extended spectrum, J01CA04 amoxicillin",J01CA04,Athlone Laboratories Limited,"Ballymurray, Co.
Roscommon",Ireland,https://assets.hpra.ie/products/Human/16708/556187a1-712c-448e-9a2c-557127b9c053.pdf
14424,Fentanyl 500 micrograms in 10 ml Solution for Injection,PA0073/122/002,Mercury Pharmaceuticals (Ireland) Ltd,"N01AH Opioid anesthetics, N01AH01 fentanyl",N01AH01,B. Braun Melsungen AG,"Mistelweg 2, 12357 Berlin",Germany,https://assets.hpra.ie/products/Human/14424/cddb12c4-783d-49d4-b226-45b02f8bcd12.pdf
42245,Esomeprazole Clonmel 20 mg gastro-resistant tablets,PA0126/404/001,Clonmel Healthcare Ltd,A02BC05 esomeprazole,A02BC05,"LABORATORIOS LICONSA, S.A. | STADA Arzneimittel ","Avda. Miralcampo, N°7, Polígono Industrial Miralcampo 19200 Azuqueca de Henares (Guadalajara) |  AG, Stadastrasse 2 – 18, 61118 Bad Vilbel ",Spain | Germany,https://assets.hpra.ie/products/Human/42245/bbac8602-6ae6-40e2-9844-165ae85fe9b2.pdf
19363,Beta-Prograne 160mg Prolonged-Release Capsules,PA22720/002/001,Tillomed Pharma GmbH,"C07AA Beta blocking agents, non-selective, C07AA05 propranolol",C07AA05,"MIAS Pharma Limited | 
Tillomed Laboratories Limited | 
Tillomed Pharma GmbH | 
Tillomed Malta Limited
","Suite 2, Stafford House
Strand Road
Portmarnock
Co. Dublin | 220 Butterfield
Great Marlings
Luton
LU2 8DL | Mittelstraße 5/5a
12529 Schönefeld | Malta Life Sciences Park
LS2.01.06 Industrial Estate
San Gwann, SGN 3000
",Ireland | United Kingdom | Germany | Malta,https://assets.hpra.ie/products/Human/19363/1dad9462-70c9-417f-990e-4592c7f25089.pdf
30695,Compound Sodium Lactate Solution for Infusion BP,PA2299/012/001,Baxter Holding B.V.,"B05BB Solutions affecting the electrolyte balance, B05BB01 electrolytes",B05BB01,Baxter SA | Baxter Healthcare Ltd. | Bieffe Medital S.A.,"Boulevard René Branquart, 80, 7860 Lessines | Caxton Way, Thetford Norfolk IP24 3SE | Ctra de Biescas, Senegüé, 22666 Sabiñanigo (Huesca)",Belgium | United Kingdom | Spain,https://assets.hpra.ie/products/Human/30695/b1a8fbf7-062c-451e-ba4c-cabb477554b4.pdf
30479,"Albunorm 5%, 50 g / l, solution for infusion",PA2219/007/001,Octapharma (IP),"B05AA Blood substitutes and plasma protein fractions, B05AA01 albumin",B05AA01,Octapharma Pharmazeutika | Octapharma S.A.S. | Octapharma AB | Octapharma Produktionsgesellschaft Deutschland mbH,"Produktionsges.m.b.H., Oberlaaerstrasse 235, 1100 Vienna | 72 rue du Maréchal Foch, 67380 Lingolsheim | Lars Forssells gata 23, 112 75 Stockholm | Wolfgang-Marguerre-Allee 1, 31832 Springe",Austria | France | Sweden | Germany,https://assets.hpra.ie/products/Human/30479/036cf019-5ead-4c62-a540-e2c69b4a48e4.pdf
42349,Aciclovir 250 mg powder for solution for infusion,PA1122/043/001,Noridem Enterprises Limited,J05AB01 aciclovir,J05AB01,DEMO S.A. PHARMACEUTICAL INDUSTRY,"21st Km National Road Athens–Lamia,
14568 Krioneri, Attiki",Greece ,https://assets.hpra.ie/products/Human/42349/042430ac-3b53-4b2e-a8aa-a50b074cde13.pdf
42350,Aciclovir 500 mg powder for solution for infusion,PA1122/043/002,Noridem Enterprises Limited,J05AB01 aciclovir,J05AB01,DEMO S.A. PHARMACEUTICAL INDUSTRY,"21st Km National Road Athens–Lamia,
14568 Krioneri, Attiki",Greece ,https://assets.hpra.ie/products/Human/42350/2aca4a94-3144-4d79-8d3a-6066cbbbfaa8.pdf
16336,Flucillin – Flucloxacillin capsules 500 mg,PA0281/031/005,Pinewood Laboratories Ltd,"J01CF Beta-lactamase resistant penicillins, J01CF05 flucloxacillin",J01CF05,"Pinewood Laboratories Ltd., ","Ballymacarbry, Clonmel, Co. Tipperary.",Ireland,https://assets.hpra.ie/products/Human/16336/77d6aaff-6100-4706-81ad-4f39c9124ddf.pdf
40529,Ephedrine Hydrochloride 30 mg /  ml solution for injection,PA1968/011/003,Laboratoire Aguettant,C01CA26 ephedrine,C01CA26,"Laboratoire Aguettant
","1, rue Alexander Fleming
69007 Lyon",France ,https://assets.hpra.ie/products/Human/40529/a67b1d39-5e63-4f34-bd5b-327b21f27440.pdf
18027,Flagyl-S 200mg / 5ml Oral Suspension,PA0814/003/001,Fidia Farmaceutici S.p.A.,P01AB01 metronidazole,P01AB01,Unither Liquid Manufacturing,"1-3 Allee de la Neste, Z.I. en Sigal, 31770 Colomiers",France,https://assets.hpra.ie/products/Human/18027/518167b2-2afa-4d23-8e6e-0ecc80bce67a.pdf
21649,Ketalar 50 mg / ml Solution for Injection / Infusion,PA0822/013/002,Pfizer Healthcare Ireland Unlimited Company,"N01AX Other general anesthetics, N01AX03 ketamine",N01AX03,Siegfried Hameln Gmb," Langes Feld 13, 31789 Hameln",Germany,https://assets.hpra.ie/products/Human/21649/cb02acdc-abcc-4136-ab20-2358f97baaa3.pdf
18389,"Propofol 2 % (20 mg / 1 ml) Fresenius emulsion for injection or infusion, vial",PA2059/055/004,Fresenius Kabi Deutschland GmbH,"N01AX Other general anesthetics, N01AX10 propofol",N01AX10,"Fresenius Kabi Austria GmbH
","Hafnerstraße 36
A-8055 Graz
",Austria,https://assets.hpra.ie/products/Human/18389/3ef07995-a7ab-47d0-bc89-9a8baab3176e.pdf
21648,Ketalar 10mg / ml Solution for Injection / Infusion,PA0822/013/001,Pfizer Healthcare Ireland Unlimited Company,"N01AX Other general anesthetics, N01AX03 ketamine",N01AX03,Siegfried Hameln Gmb," Langes Feld 13, 31789 Hameln",Germany,https://assets.hpra.ie/products/Human/21648/da8f85b9-cbf1-416d-8d16-0ca7d20ba53d.pdf
18388,"Propofol 2 % (20 mg / 1 ml) Fresenius emulsion for injection or infusion, ampoule",PA2059/055/003,Fresenius Kabi Deutschland GmbH,"N01AX Other general anesthetics, N01AX10 propofol",N01AX10,"Fresenius Kabi Austria GmbH
","Hafnerstraße 36
A-8055 Graz
",Austria,https://assets.hpra.ie/products/Human/18388/ca9fdad2-acd7-46e5-81ea-cd67a63eb2e8.pdf
17808,Glytrin 400 micrograms per metered dose Sublingual Spray,PA2262/004/001,Evolan Pharma AB,"C01DA Organic nitrates, C01DA02 glyceryl trinitrate",C01DA02,Pharmaserve (North West) Ltd,"9 Arkwright Road, Astmoor Industrial Estate, Runcorn, Cheshire, WA7, 1NU ",United Kingdom,https://assets.hpra.ie/products/Human/17808/819bbb7d-f611-482f-8a25-180a8b04f595.pdf
30253,Propofol 1% (10 mg / ml) emulsion for injection / infusion in pre-filled syringe,PA2059/017/004,Fresenius Kabi Deutschland GmbH,"N01AX Other general anesthetics, N01AX10 propofol",N01AX10,"Fresenius Kabi Austria GmbH
","Hafnerstraße 36
A-8055 Graz
",Austria,https://assets.hpra.ie/products/Human/30253/302a4984-f89a-4c62-aec0-0b7902c8de0e.pdf
30252,Propofol 2% (20 mg / ml) emulsion for injection / infusion,PA2059/017/003,Fresenius Kabi Deutschland GmbH,"N01AX Other general anesthetics, N01AX10 propofol",N01AX10,Fresenius Kabi Austria GmbH | Fresenius Kabi AB,"A-8055 Graz, Hafnerstraße 36 | S-75174 Uppsala, Rapsgatan 7",Austria | Sweden,https://assets.hpra.ie/products/Human/30252/9617e34c-0cef-4ef2-b5dc-4ec90c2f8477.pdf
30254,Propofol 2% (20 mg / ml) emulsion for injection / infusion in pre-filled syringe,PA2059/017/005,Fresenius Kabi Deutschland GmbH,"N01AX Other general anesthetics, N01AX10 propofol",N01AX10,"Fresenius Kabi Austria GmbH
","Hafnerstraße 36
A-8055 Graz
",Austria,https://assets.hpra.ie/products/Human/30254/a4c1d214-9cc4-4069-9869-c42ffe8ff848.pdf
18387,"Propofol 1 % (10 mg / 1 ml) Fresenius emulsion for injection or infusion, vial",PA2059/055/002,Fresenius Kabi Deutschland GmbH,"N01AX Other general anesthetics, N01AX10 propofol",N01AX10,Fresenius Kabi Austria GmbH | Fresenius Kabi AB,"A-8055 Graz, Hafnerstraße 36 | S-75174 Uppsala, Rapsgatan 7",Austria | Sweden,https://assets.hpra.ie/products/Human/18387/bce9b784-fbe0-4669-b672-f07e1060fdaf.pdf
18386,"Propofol 1 % (10 mg / 1 ml) Fresenius emulsion for injection or infusion, ampoule",PA2059/055/001,Fresenius Kabi Deutschland GmbH,"N01AX Other general anesthetics, N01AX10 propofol",N01AX10,Fresenius Kabi Austria GmbH | Fresenius Kabi AB,"A-8055 Graz, Hafnerstraße 36 | S-75174 Uppsala, Rapsgatan 7",Austria | Sweden,https://assets.hpra.ie/products/Human/18386/f06ef3e4-d336-4034-b456-758dbabea0ed.pdf
30250,Propofol 1% (10 mg / ml) emulsion for injection / infusion,PA2059/017/001,Fresenius Kabi Deutschland GmbH,"N01AX Other general anesthetics, N01AX10 propofol",N01AX10,Fresenius Kabi Austria GmbH | Fresenius Kabi AB,"A-8055 Graz, Hafnerstraße 36 | S-75174 Uppsala, Rapsgatan 7",Austria | Sweden,https://assets.hpra.ie/products/Human/30250/c9c910ce-3428-458e-85a9-c71ac83339a3.pdf
22065,Zithromax powder for oral suspension 200 mg / 5 ml,PA0822/191/002,Pfizer Healthcare Ireland Unlimited Company,"J01FA Macrolides, J01FA10 azithromycin",J01FA10,"Haupt Pharma Latina S.r.l.
","Latina (LT)
Strada Statale 156 Km 47,600
04100 Borgo San Michele
",Italy,https://assets.hpra.ie/products/Human/22065/b3206f06-80fb-408d-a525-a8e838f57540.pdf
39286,Sugammadex 100 mg / ml Solution for Injection,PA2299/058/001,Baxter Holding B.V.,V03AB35 sugammadex,V03AB35,SOLUPHARM PHARMAZEUTISCHE ERZEUGNISSE GMBH,"Industriestraße 3
34212 Melsungen",Germany,https://assets.hpra.ie/products/Human/39286/a08056fb-9c4b-4d32-9d6a-685870be07c9.pdf
18399,"Hartmann’s Solution for Infusion, PVC bag",PA2059/057/001,Fresenius Kabi Deutschland GmbH,"B05BB Solutions affecting the electrolyte balance, B05BB01 electrolytes",B05BB01,FRESENIUS KABI POLSKA Sp. z o.o.,"25 ul. Sienkiewicza,
P-99-300 Kutno",Poland,https://assets.hpra.ie/products/Human/18399/e2e464c4-0057-4e3e-b689-91b81aff8b86.pdf
20784,Haldol Decanoate 100 mg / ml Solution for Injection,PA22587/003/002,Essential Pharma Limited,"N05AD Butyrophenone derivatives, N05AD01 haloperidol",N05AD01,Janssen Pharmaceutica NV,"Turnhoutseweg 30, B-2, Essential Pharma Limited, Vision Exchange Buildin, District, Birkirkara, CBD 1070",Malta,https://assets.hpra.ie/products/Human/20784/b3b991db-b7fa-489b-af75-a69dce48309f.pdf
18400,"Hartmann’s Solution for Infusion, PSEB bag",PA2059/057/002,Fresenius Kabi Deutschland GmbH,"B05BB Solutions affecting the electrolyte balance, B05BB01 electrolytes",B05BB01,FRESENIUS KABI POLSKA Sp. z o.o.,"25 ul. Sienkiewicza,
P-99-300 Kutno",Poland,https://assets.hpra.ie/products/Human/18400/0028feec-84ba-46ae-8feb-0b919a4975c8.pdf
20783,Haldol Decanoate 50 mg / ml Solution for Injection,PA22587/003/001,Essential Pharma Limited,"N05AD Butyrophenone derivatives, N05AD01 haloperidol",N05AD01,Janssen Pharmaceutica NV | Essential Pharma Limited,"Turnhoutseweg 30, B-2340 Beerse . | Vision Exchange Building, Triq it-Territorjals, Zone 1, Central Business
District, Birkirkara, CBD 1070
",Belgium | Malta,https://assets.hpra.ie/products/Human/20783/465881c5-f255-4e6f-919d-c577e19f5655.pdf
18402,"Hartmann’s Solution for Infusion, glass bottle",PA2059/057/004,Fresenius Kabi Deutschland GmbH,"B05BB Solutions affecting the electrolyte balance, B05BB01 electrolytes",B05BB01,FRESENIUS KABI POLSKA Sp. z o.o.,"25 ul. Sienkiewicza,
P-99-300 Kutno",Poland,https://assets.hpra.ie/products/Human/18402/004d0c93-241a-4df7-8ece-1515118e2e85.pdf
19885,Verap 240mg prolonged release tablets,PA0711/016/005,"Rowex Limited,","C08DA Phenylalkylamine derivatives, C08DA01 verapamil",C08DA01,Salutas Pharma GmbH. | Rowa Pharmaceuticals Ltd.,"Otto-von-Guericke Allee 1, 39179 Barleben | Bantry, Co Cork
",Germany |  Ireland ,https://assets.hpra.ie/products/Human/19885/0283b65f-7d42-482a-b42c-33c3da096d0e.pdf
18460,Remifentanil 5 mg powder for concentrate for solution for injection or infusion,PA2059/056/003,Fresenius Kabi Deutschland GmbH,"N01AH Opioid anesthetics, N01AH06 remifentanil",N01AH06,Fresenius Kabi Deutschland GmbH,61346 Bad Homburg v.d.H.,Germany,https://assets.hpra.ie/products/Human/18460/39872a97-5484-4ad8-a80b-9e64bb537f4d.pdf
18459,Remifentanil 2 mg powder for concentrate for solution for injection or infusion,PA2059/056/002,Fresenius Kabi Deutschland GmbH,"N01AH Opioid anesthetics, N01AH06 remifentanil",N01AH06,Fresenius Kabi Deutschland GmbH,61346 Bad Homburg v.d.H.,Germany,https://assets.hpra.ie/products/Human/18459/8fee1ceb-1f10-4e22-80a1-32d316234341.pdf
18458,Remifentanil 1 mg powder for concentrate for solution for injection or infusion,PA2059/056/001,Fresenius Kabi Deutschland GmbH,"N01AH Opioid anesthetics, N01AH06 remifentanil",N01AH06,Fresenius Kabi Deutschland GmbH,61346 Bad Homburg v.d.H.,Germany,https://assets.hpra.ie/products/Human/18458/e2ac8a8f-8fc2-4a6a-bf47-94f714174dfd.pdf
29078,MST Continus 10 mg Prolonged-release tablets,PA1688/004/002,Mundipharma Pharmaceuticals Limited,N02AA01 morphine,N02AA01,Mundipharma DC B.V.,"Leusderend 16, 3832 RC Leusden",Netherlands,https://assets.hpra.ie/products/Human/29078/dc841218-41de-4ad4-a2bc-2e9430f6adab.pdf
41571,Ceftriaxone hameln 1 g powder for solution for injection / infusion,PA2237/011/001,hameln pharma gmbh,J01DD04 ceftriaxone,J01DD04,hameln rds s.r.o.,"Horná 36, 900 01 Modra",Slovakia,https://assets.hpra.ie/products/Human/41571/68b9dea2-ef51-4a8e-9990-37e0f1643c07.pdf
42326,Esomeprazole 40 mg powder for solution for injection / infusion,PA1989/002/001,Demo S.A.,A02BC05 esomeprazole,A02BC05,DEMO S.A. PHARMACEUTICAL INDUSTRY,"21st Km National Road Athens–Lamia,
14568 Krioneri, Attiki",Greece ,https://assets.hpra.ie/products/Human/42326/58039b2b-229c-494f-a414-ef740070f110.pdf
41676,Ceftriaxone hameln 2 g powder for solution for injection / infusion,PA2237/011/002,hameln pharma gmbh,J01DD04 ceftriaxone,J01DD04,hameln rds s.r.o.,"Horná 36, 900 01 Modra",Slovakia,https://assets.hpra.ie/products/Human/41676/1f1eb8e7-940b-405b-bac7-c16b6ce3c2b9.pdf
38122,Carbimazole 5 mg Tablets,PA22865/006/001,Renata Pharmaceuticals (Ireland) Limited,H03BB01 carbimazole,H03BB01,Alterno Labs d.o.o.,"Brnčičeva ulica 29, Ljubljana-Črnuče, 1231",Slovenia,https://assets.hpra.ie/products/Human/38122/24a21fef-4454-43c0-aba3-26ee3a37d558.pdf
38123,Carbimazole 20 mg Tablets,PA22865/006/002,Renata Pharmaceuticals (Ireland) Limited,H03BB01 carbimazole,H03BB01,Alterno Labs d.o.o.,"Brnčičeva ulica 29, Ljubljana-Črnuče, 1231",Slovenia,https://assets.hpra.ie/products/Human/38123/ac022ec3-b29d-4d6b-8a8e-1aa0c18e11e7.pdf
38447,Plerixafor Seacross 20 mg / ml solution for injection,PA22766/007/001,Seacross Pharma (Europe) Limited,L03AX16 plerixafor,L03AX16,Seacross Pharmaceuticals Limited |  Seacross Pharma (Europe) Limited ,"Stanmore Business & Innovation Centre Stanmore Place Howard Road Stanmore, HA7 1BT | 4POD 13, The Old Station House 15A Main Street, Blackrock Dublin, A94 T8P8 ","United Kingdom | Ireland
",https://assets.hpra.ie/products/Human/38447/985178a5-45c0-42c3-a3f4-32cd798eeed7.pdf
42120,"Influvac sub-unit, suspension for injection in pre-filled syringe Influenza vaccine (surface antigen, inactivated)",PA23355/031/001,Viatris Healthcare Limited,"J07BB02 influenza, inactivated, split virus or surface antigen",J07BB02,Abbott Biologicals B.V.,"Veerweg 12, NL - 8121 AA Olst",Netherlands,https://assets.hpra.ie/products/Human/42120/defd33b9-3102-41e0-8654-2dbcf4efbae4.pdf
28081,Oxaliplatin 5 mg / ml concentrate for solution for infusion,PA2059/049/001,Fresenius Kabi Deutschland GmbH,"L01XA Platinum compounds, L01XA03 oxaliplatin",L01XA03,Fresenius Kabi Deutschland GmbH,"Pfingstweide 53, 61169 Friedberg",Germany,https://assets.hpra.ie/products/Human/28081/64f8134b-17b4-4e3f-9d54-eb0044abf522.pdf
32016,"Metoject 50 mg / ml Solution for Injection, pre-filled syringe",PPA0465/436/001,PCO Manufacturing Ltd.,L04AX03 methotrexate,L04AX03,medac Gesellschaft für klinische Spezialpräparate mbH,"
Theaterstr. 6 22880 Wedel",Germany,https://assets.hpra.ie/products/Human/32016/a6929e52-827f-4adb-9630-94e1ee881aa2.pdf
16813,Calpol 120 mg / 5 ml Infant Oral Suspension,PA23490/003/001,JNTL Consumer Health I (Ireland) Limited,"N02BE Anilides, N02BE01 paracetamol",N02BE01,Delpharm Orleans,"5 avenue de
Concyr,
45071 Orléans, Cedex 2",France,https://assets.hpra.ie/products/Human/16813/360cc97f-a0bd-4844-bcbc-69ff6510793e.pdf
16816,Calpol 120 mg /  5 ml Sugar Free Infant Oral Suspension,PA23490/003/004,JNTL Consumer Health I (Ireland) Limited,"N02BE Anilides, N02BE01 paracetamol",N02BE01,Delpharm Orleans,"5 avenue de
Concyr,
45071 Orléans, Cedex 2",France,https://assets.hpra.ie/products/Human/16816/881b58d5-4ce4-4d0a-9426-a56f6d83b0fe.pdf
16815,Calpol Six Plus 250 mg / 5 ml Sugar / Colour Free Oral Suspension,PA23490/003/003,JNTL Consumer Health I (Ireland) Limited,"N02BE Anilides, N02BE01 paracetamol",N02BE01,Delpharm Orleans,"5 avenue de
Concyr,
45071 Orléans, Cedex 2",France,https://assets.hpra.ie/products/Human/16815/4b6f0294-963e-4740-b22a-ddf039669f20.pdf
23821,Nordurine 0.2 mg Tablets,PA1009/017/002,Ferring Ireland Ltd,"H01BA Vasopressin and analogues, H01BA02 desmopressin",H01BA02,Ferring GmbH,"Wittland 11, D-24109 Kiel",Germany,https://assets.hpra.ie/products/Human/23821/PA1009-17-2-2162024-08052015145355-635666936365016250.pdf
27952,Nimotop 30 mg film-coated tablets,PA25299/001/001,Laboratoire X.O,"C08CA Dihydropyridine derivatives, C08CA06 nimodipine",C08CA06,Bayer AG | Haupt Pharma Münster,D51368 Leverkusen | Haupt Pharma Münsterz,Germany | Germany,https://assets.hpra.ie/products/Human/27952/32b88304-0d7a-428e-a7e9-9fab7a6d42de.pdf
17501,"Salamol Easi-Breathe CFC-Free Inhaler 100 micrograms Pressurised Inhalation, Suspension",PA0436/032/002,Norton Waterford,R03AC02 salbutamol,R03AC02,Norton Waterford T/A IVAX Pharmaceuticals Ireland,"Unit 301, IDA Industrial Park, Cork Road, Waterford",Ireland,https://assets.hpra.ie/products/Human/17501/f5f3042f-874d-409b-bc86-db46bd3d0e10.pdf
15148,Olanzapine 20mg Film-coated Tablets,PA0126/210/006,Clonmel Healthcare Ltd,"N05AH Diazepines, oxazepines, thiazepines and oxepines, N05AH03 olanzapine",N05AH03,STADA Arzneimittel AG | Clonmel Healthcare Ltd | Sanico N.V. | Coripharma ehf.,"Stadastrasse 2-18, 61118 Bad Vilbel | Waterford Road, Clonmel, Co. Tipperary | Industriezone, Veedijk 59, BE - 2300 Turnhout | Reykjavikurvegur 78, IS-220 Hafnarfjordur",Germany | Ireland | Belgium | Iceland,https://assets.hpra.ie/products/Human/15148/d0ed3f83-76a6-4660-ba70-aa6eca0ef473.pdf
17127,Piperacillin Tazobactam 2 g / 0.25 g powder for solution for infusion,PA23266/021/001,Viatris Limited,"J01CR Combinations of penicillins, incl. beta-lactamase inhibitors, J01CR05 piperacillin and enzyme inhibitor",J01CR05,Mitim S.r.l.,"Via Cacciamali, 34-38, Brescia, 25125",Italy,https://assets.hpra.ie/products/Human/17127/530dbead-ad83-40d4-9167-3b4c4e70b8b0.pdf
17128,Piperacillin Tazobactam 4 g / 0.5 g powder for solution for infusion,PA23266/021/002,Viatris Limited,"J01CR Combinations of penicillins, incl. beta-lactamase inhibitors, J01CR05 piperacillin and enzyme inhibitor",J01CR05,Mitim S.r.l.,"Via Cacciamali, 34-38, Brescia, 25125",Italy,https://assets.hpra.ie/products/Human/17128/5ce1b0c5-386b-4de4-9d8d-7014ba28ba24.pdf
19469,"Panadol Baby 120 mg / 5 ml, Oral Suspension",PA0678/039/003,Haleon Ireland Limited,"N02BE Anilides, N02BE01 paracetamol",N02BE01,Haleon Germany GmbH ,"Barthstrasse 4, D-80339 Munich | Leaflet revised in August 2025.",Germany,https://assets.hpra.ie/products/Human/19469/b38ff6b0-c58d-42de-9aef-034eb4a6cc60.pdf
24955,Teicoplanin 400 mg Powder and Solvent for Solution for injection / infusion or oral solution,PA1122/009/002,Noridem Enterprises Limited,"J01XA Glycopeptide antibacterials, J01XA02 teicoplanin",J01XA02,DEMO S.A. PHARMACEUTICAL INDUSTRY,"21st Km National Road Athens–Lamia,
14568 Krioneri, Attiki",Greece ,https://assets.hpra.ie/products/Human/24955/681c5367-f89c-48fc-9921-1e685f7e024b.pdf
24954,Teicoplanin 200 mg Powder and Solvent for Solution for injection / infusion or oral solution,PA1122/009/001,Noridem Enterprises Limited,"J01XA Glycopeptide antibacterials, J01XA02 teicoplanin",J01XA02,DEMO S.A. PHARMACEUTICAL INDUSTRY,"21st Km National Road Athens–Lamia,
14568 Krioneri, Attiki",Greece ,https://assets.hpra.ie/products/Human/24954/1d141f0d-d82e-4c11-9876-0f7ff4097ff6.pdf
27917,Fludara 10 mg film-coated tablets,PA0611/004/002,Sanofi B.V.,"L01BB Purine analogues, L01BB05 fludarabine",L01BB05,SANOFI WINTHROP INDUSTRIE,"30-36, avenue Gustave Eiffel, 37100 Tours",France,https://assets.hpra.ie/products/Human/27917/d6128fec-c871-40d0-9e62-7e029df9b0f1.pdf
22135,Vincristine Sulfate 1mg / ml Solution for Injection or Infusion,PA0822/232/001,Pfizer Healthcare Ireland Unlimited Company,"L01CA Vinca alkaloids and analogues, L01CA02 vincristine",L01CA02,Pfizer Service Company BV,"Hoge Wei 10, Zaventem, 1930",Belgium,https://assets.hpra.ie/products/Human/22135/544b8048-7bba-460e-9a83-0360ecc5490a.pdf
25505,Teicoplanin Hikma 400 mg Powder for solution for injection / infusion or oral solution,PA1217/010/002,Hikma Farmacêutica (Portugal) S.A.,"J01XA Glycopeptide antibacterials, J01XA02 teicoplanin",J01XA02,Hikma Italia S.P.A.,"Viale Certosa, 10
27100 Pavia",Italy,https://assets.hpra.ie/products/Human/25505/a3d18483-7b46-46e1-b9a8-b4b2946176f7.pdf
29080,MST Continus 30 mg Prolonged-release tablets,PA1688/004/004,Mundipharma Pharmaceuticals Limited,N02AA01 morphine,N02AA01,Mundipharma DC B.V.,"Leusderend 16, 3832 RC Leusden",Netherlands,https://assets.hpra.ie/products/Human/29080/5bd9f04d-d0f9-4d29-a5a7-f4630217211e.pdf
29082,MST Continus 100mg Prolonged-release tablets,PA1688/004/006,Mundipharma Pharmaceuticals Limited,N02AA01 morphine,N02AA01,Mundipharma DC B.V.,"Leusderend 16, 3832 RC Leusden",Netherlands,https://assets.hpra.ie/products/Human/29082/a59bc766-8fc4-4748-b551-b742f32ddba4.pdf
29079,MST Continus 15 mg Prolonged-release tablets,PA1688/004/003,Mundipharma Pharmaceuticals Limited,N02AA01 morphine,N02AA01,Mundipharma DC B.V.,"Leusderend 16, 3832 RC Leusden",Netherlands,https://assets.hpra.ie/products/Human/29079/e4b8b4e0-648f-44c1-a4f0-0625e0ee7282.pdf
40757,Teicoplanin Hikma 100 mg powder for solution for injection / infusion,PA1217/010/003,Hikma Farmacêutica (Portugal) S.A.,J01XA02 teicoplanin,J01XA02,Hikma Italia SpA,"Viale Certosa, 10, IT-27100 Pavia",Italy,https://assets.hpra.ie/products/Human/40757/05bd9693-2a14-43f4-8ca2-4706f0060cb2.pdf
25504,Teicoplanin Hikma 200 mg Powder for solution for injection / infusion or oral solution,PA1217/010/001,Hikma Farmacêutica (Portugal) S.A.,"J01XA Glycopeptide antibacterials, J01XA02 teicoplanin",J01XA02,Hikma Italia SpA,"Viale Certosa, 10, IT-27100 Pavia",Italy,https://assets.hpra.ie/products/Human/25504/adb338aa-1d9a-441a-91fb-d2022b3ac9bc.pdf
29077,MST Continus 5 mg prolonged-release tablets,PA1688/004/001,Mundipharma Pharmaceuticals Limited,N02AA01 morphine,N02AA01,Mundipharma DC B.V.,"Leusderend 16, 3832 RC Leusden",Netherlands,https://assets.hpra.ie/products/Human/29077/6c1b9756-51d1-4c7c-b012-2a7aa9cae005.pdf
38839,Sugammadex 100 mg / ml solution for injection,PA2165/022/001,AS Kalceks,V03AB35 sugammadex,V03AB35,AS KALCEKS,"Krustpils iela 71E, Riga, LV-1057",Latvia,https://assets.hpra.ie/products/Human/38839/2dd21a98-8802-46cd-9e63-c3200ded385a.pdf
28722,Septrin Forte 160 mg / 800 mg Tablets,PA1691/010/002,Aspen Pharma Trading Limited,"J01EE Combinations of sulfonamides and trimethoprim, incl. derivatives, J01EE01 sulfamethoxazole and trimethoprim",J01EE01,"Aspen Bad Oldesloe GmbH
","Industriestrasse 32-36,
D-23843 Bad Oldesloe",Germany,https://assets.hpra.ie/products/Human/28722/3c5ff074-1a9b-42b0-a587-057bf039ed3c.pdf
28717,Lanvis 40mg Tablets,PA1691/006/001,Aspen Pharma Trading Limited,"L01BB Purine analogues, L01BB03 tioguanine",L01BB03,EXCELLA GmbH & Co. KG,"Nürnberger Strasse 12, 90537 Feucht",Germany,https://assets.hpra.ie/products/Human/28717/b477b876-9a75-4fd4-9b68-66c8520fc190.pdf
28724,Septrin Adult 80 mg / 400 mg per 5 ml Oral Suspension,PA1691/010/004,Aspen Pharma Trading Limited,"J01EE Combinations of sulfonamides and trimethoprim, incl. derivatives, J01EE01 sulfamethoxazole and trimethoprim",J01EE01,Aspen Bad Oldesloe GmbH,"Industriestrasse 32-36, D-23843 Bad Oldesloe | For any Medical Information enquires about this product, please contact:",Germany,https://assets.hpra.ie/products/Human/28724/68b2ca87-93c4-4f81-9500-cf0d33cfb564.pdf
28723,Septrin Paediatric 40 mg / 200 mg per 5 ml Oral Suspension,PA1691/010/003,Aspen Pharma Trading Limited,"J01EE Combinations of sulfonamides and trimethoprim, incl. derivatives, J01EE01 sulfamethoxazole and trimethoprim",J01EE01,Aspen Bad Oldesloe GmbH,"Industriestrasse 32-36, D-23843 Bad Oldesloe | For any Medical Information enquires about this product, please contact:",Germany,https://assets.hpra.ie/products/Human/28723/6737b959-3ffe-40c6-bd3f-b8dd9826454f.pdf
28721,Septrin 80 mg / 400 mg Tablets,PA1691/010/001,Aspen Pharma Trading Limited,"J01EE Combinations of sulfonamides and trimethoprim, incl. derivatives, J01EE01 sulfamethoxazole and trimethoprim",J01EE01,Aspen Bad Oldesloe GmbH,"Industriestrasse 32-36, D-23843 Bad Oldesloe | For any Medical Information enquires about this product please contact:",Germany,https://assets.hpra.ie/products/Human/28721/535bf78b-31dd-4514-ab53-278e051e2be4.pdf
27232,Paracetamol 10 mg / ml solution for infusion,PA2315/218/001,Accord Healthcare Ireland Ltd.,"N02BE Anilides, N02BE01 paracetamol",N02BE01,S.M. FARMACEUTICI SRL | Neogen Developments N.V.,"Zona industriale, 85050 TITO – POTENZA | Square Marie Curie, 50, Anderlecht, 1070",Italy | Belgium,https://assets.hpra.ie/products/Human/27232/82b1a0ec-4519-4244-9293-57e5fe1fb895.pdf
36673,Furosemide 10 mg / ml solution for injection / infusion,PA2237/002/001,hameln pharma gmbh,C03CA01 furosemide,C03CA01,Siegfried Hameln GmbH | HBM Pharma s.r.o. | hameln rds s.r.o. | Zakłady Farmaceutyczne POLPHARMA S.A.,"Langes Feld 13, 317 89 Hameln | Sklabinská 30, 036 80 Martin | Horná 36, 900 01 Modra, Slovakia, Zakłady Farmaceutyczne POLPHARMA S.A., ul. Pelplińska 19, 83-200 Starogard Gdański | ul. Pelplińska 19, 83-200 Starogard Gdański",Germany | Slovakia | Slovakia | Poland,https://assets.hpra.ie/products/Human/36673/6b70649d-fb25-43a8-89b9-9c7785d78959.pdf
21917,"Depo-Medrone 40mg / ml with Lidocaine 10mg / ml Suspension for Injection, 2ml vial",PA0822/123/002,Pfizer Healthcare Ireland Unlimited Company,"H02AB Glucocorticoids, H02AB04 methylprednisolone",H02AB04,"Pfizer Manufacturing Belgium NV
","Rijksweg 12
2870 Puurs-Sint-Amands
",Belgium,https://assets.hpra.ie/products/Human/21917/ccc4b983-20b0-46df-8074-d858e981bf00.pdf
18470,Potassium Chloride 15% w / v Concentrate for Solution for Infusion,PA2059/054/001,Fresenius Kabi Deutschland GmbH,"B05XA Electrolyte solutions, B05XA01 potassium chloride",B05XA01,FRESENIUS KABI ESPAÑA,"S.A., C/ Marina 16 – 18, 08005 Barcelona",Spain,https://assets.hpra.ie/products/Human/18470/46f7fc34-29a8-4b5b-9302-2484991bf9f9.pdf
30691,Potassium Chloride 0.15% w / v and Glucose 5% w / v Solution for Infusion BP,PA2299/009/002,Baxter Holding B.V.,"B05XA Electrolyte solutions, B05XA01 potassium chloride",B05XA01,Baxter SA | Baxter Healthcare Ltd. | Bieffe Medital Sabiñánigo | Baxter SA | Bieffe Medital Sabiñánigo ,"Boulevard René Branquart, 80 7860 Lessines | Caxton Way, Thetford Norfolk IP24 3SE | Ctra de Biescas, Senegüé 22666 Sabiñanigo (Huesca) | Boulevard René Branquart, 80 7860 Lessines | Ctra de Biescas, Senegüé 22666 Sabiñanigo (Huesca) ",Belgium | United Kingdom |  Spain | Belgium | Spain,https://assets.hpra.ie/products/Human/30691/ce53831e-4069-42ae-952e-cf9b541be0eb.pdf
22082,Dopamine Hydrochloride 40 mg / ml Sterile Concentrate,PA0822/202/001,Pfizer Healthcare Ireland Unlimited Company,"C01CA Adrenergic and dopaminergic agents, C01CA04 dopamine",C01CA04,Pfizer Service Company BV,"Hoge Wei 10, 1930 Zaventem",Belgium,https://assets.hpra.ie/products/Human/22082/c599c8c6-8ade-4f62-be2c-60f3bb627181.pdf
41086,Cefotaxime hameln 2 g powder for solution for injection / infusion,PA2237/008/002,hameln pharma gmbh,J01DD01 cefotaxime,J01DD01,hameln rds s.r.o.,"Horna 36, 900 01 Modra",Slovakia,https://assets.hpra.ie/products/Human/41086/e5d41740-06c8-4b4d-a88a-349a30dca2dc.pdf
41041,Cefotaxime hameln 1 g powder for solution for injection / infusion,PA2237/008/001,hameln pharma gmbh,J01DD01 cefotaxime,J01DD01,hameln rds s.r.o.,"Horna 36, 900 01 Modra",Slovakia,https://assets.hpra.ie/products/Human/41041/5d07cb4d-e713-403b-8ac7-453074cd29c7.pdf
26569,Milrinone 1 mg / ml Solution for Injection / Infusion,PA0281/244/001,Pinewood Laboratories Ltd,"C01CE Phosphodiesterase inhibitors, C01CE02 milrinone",C01CE02,CP Pharmaceuticals Ltd,"Ash Road North, Wrexham, LL13 9UF", United Kingdom.,https://assets.hpra.ie/products/Human/26569/61b6dcca-eaf4-4c68-bb53-888e377b991f.pdf
29794,Atropine Sulfate Aguettant 0.1 mg / ml solution for injection in pre-filled syringe,PA1968/003/001,Laboratoire Aguettant,"A03BA Belladonna alkaloids, tertiary amines, A03BA01 atropine",A03BA01,LABORATOIRE AGUETTANT,"1, RUE ALEXANDER FLEMING, 69007 LYON, FRANCE",France,https://assets.hpra.ie/products/Human/29794/0689fc00-102a-4d88-a6c3-e10544ed0fca.pdf
29795,Atropine Sulfate Aguettant 0.2mg / ml Solution for Injection in Pre-Filled Syringe,PA1968/003/002,Laboratoire Aguettant,"A03BA Belladonna alkaloids, tertiary amines, A03BA01 atropine",A03BA01,Laboratoire AGUETTANT |  Laboratoire AGUETTANT ,"1, rue Alexander Fleming 69007 LYON | Lieu-dit “Chantecaille” 07340 CHAMPAGNE ",France | France,https://assets.hpra.ie/products/Human/29795/150124f0-74a9-467f-bd67-fe8760e8d980.pdf
37829,Sugammadex 100 mg / ml Solution for injection,PA1122/032/001,Noridem Enterprises Limited,V03AB35 sugammadex,V03AB35,DEMO S.A. PHARMACEUTICAL INDUSTRY,"21st Km National Road Athens–Lamia,
14568 Krioneri, Attiki",Greece ,https://assets.hpra.ie/products/Human/37829/a6595562-d725-4370-80f6-8ab7d07407b1.pdf
23820,Nordurine 0.1 mg Tablets,PA1009/017/001,Ferring Ireland Ltd,"H01BA Vasopressin and analogues, H01BA02 desmopressin",H01BA02,Ferring GmbH ,"Wittland 11, D-24109 Kiel",Germany,https://assets.hpra.ie/products/Human/23820/PA1009-17-1-2162024-08052015145340-635666936211422500.pdf
35107,Treosulfan Tillomed 5 g powder for solution for infusion,PA2321/003/001,"Laboratorios Tillomed Spain, S.L.U.",L01AB02 treosulfan,L01AB02,MIAS Pharma Limited | Tillomed Malta Limited ,"Suite 2, Stafford House, Strand Road
Portmarnock, Co. Dublin
 | Malta Life Sciences Park,
LS2.01.06 Industrial Estate,
San Gwann, SGN 3000
",Ireland |  Malta ,https://assets.hpra.ie/products/Human/35107/f5602b2c-5912-4daf-a065-4ab059bde592.pdf
27514,Carboplatin 10 mg / ml concentrate for solution for infusion,PA2315/080/001,Accord Healthcare Ireland Ltd.,"L01XA Platinum compounds, L01XA02 carboplatin",L01XA02,Accord Healthcare Polska Sp.z o.o. | Accord Healthcare Single Member S.A.,"ul. Lutomierska 50, 95-200 Pabianice | 64th Km National Road Athens, Lamia, 32009",Poland | Greece,https://assets.hpra.ie/products/Human/27514/5dae8f36-923b-4fda-9faa-f65af1989c0a.pdf
32015,Prograf 0.5 mg hard capsules,PPA0465/435/001,PCO Manufacturing Ltd.,L04AD02 tacrolimus,L04AD02,Astellas Ireland Co. Ltd.,"Killorglin, County Kerry, V93FC86",Ireland,https://assets.hpra.ie/products/Human/32015/d94dc478-aa42-4e53-9d8a-1b06079075a9.pdf
23637,Lemsip Max Cold and Flu Hot Lemon 1000mg Powder for Oral Solution,PA0979/021/001,Reckitt Benckiser Ireland Ltd,"N02BE Anilides, N02BE01 paracetamol",N02BE01,"Reckitt Benckiser Healthcare (UK) Limited,"," Hull, HU8 7DS, UK and RB NL Brands B.V. Schiphol Blvd 207, 1118 BH
Schiphol, NL.",United Kingdom,https://assets.hpra.ie/products/Human/23637/c5b755b3-672a-4fd4-a094-3d050e8f3d33.pdf
26331,Clorom XL 500 mg Prolonged-Release Tablets,PA23142/006/001,Aspire Pharma (Malta) Limited,"J01FA Macrolides, J01FA09 clarithromycin",J01FA09,Pharmadox Healthcare Limited,"KW20A Kordin Industrial Park, Paola, PLA 3000",Malta,https://assets.hpra.ie/products/Human/26331/eeda6c13-d7c2-4cf5-bb70-b2b413593d21.pdf
24963,Remifentanil Noridem 2 mg powder for concentrate for solution for injection or infusion,PA1122/014/002,Noridem Enterprises Limited,"N01AH Opioid anesthetics, N01AH06 remifentanil",N01AH06,DEMO S.A. PHARMACEUTICAL INDUSTRY,"21st Km National Road Athens–Lamia,
14568 Krioneri, Attiki",Greece ,https://assets.hpra.ie/products/Human/24963/af232e99-5aaa-4efa-934b-5ab60752ac6f.pdf
24962,Remifentanil Noridem 1 mg powder for concentrate for solution for injection or infusion,PA1122/014/001,Noridem Enterprises Limited,"N01AH Opioid anesthetics, N01AH06 remifentanil",N01AH06,DEMO S.A. PHARMACEUTICAL INDUSTRY,"21st Km National Road Athens–Lamia,
14568 Krioneri, Attiki",Greece ,https://assets.hpra.ie/products/Human/24962/51b7a876-19ac-4fcf-8b17-7320054fd70e.pdf
24964,Remifentanil Noridem 5 mg powder for concentrate for solution for injection or infusion,PA1122/014/003,Noridem Enterprises Limited,"N01AH Opioid anesthetics, N01AH06 remifentanil",N01AH06,DEMO S.A. PHARMACEUTICAL INDUSTRY,"21st Km National Road Athens–Lamia,
14568 Krioneri, Attiki",Greece ,https://assets.hpra.ie/products/Human/24964/eb36ceb2-4c4c-478f-92fd-f660d1174505.pdf
30227,Cefuroxime 1.5 g powder for solution for injection / infusion,PA2059/006/002,Fresenius Kabi Deutschland GmbH,"J01DC Second-generation cephalosporins, J01DC02 cefuroxime",J01DC02,"Labesfal - Laboratorios Almiros SA
","Lagedo, 3465-157 Sanitago Besteiros",Portugal,https://assets.hpra.ie/products/Human/30227/f08e3ff4-62f0-4f39-8d1b-389cdad5575c.pdf
26424,"Heparin sodium 25,000 IU / ml Solution for injection or concentrate for solution for infusion, 0.2ml ampoules",PA0281/229/003,Pinewood Laboratories Ltd,"B01AB Heparin group, B01AB01 heparin",B01AB01,Steriscience Sp. z o.o.,"10 Daniszewska St., 03-230, Warsaw",Poland,https://assets.hpra.ie/products/Human/26424/3b917281-8f8a-4c58-8ecf-cc8bddb574d5.pdf
28718,Leukeran 2 mg film-coated tablets,PA1691/007/001,Aspen Pharma Trading Limited,"L01AA Nitrogen mustard analogues, L01AA02 chlorambucil",L01AA02,EXCELLA GmbH & Co. KG,"Nürnberger Strasse 12, 90537 Feucht",Germany,https://assets.hpra.ie/products/Human/28718/81f366e9-a0db-4d3b-b669-bb18ea255878.pdf
21400,Oramorph Oral Solution 10 mg / 5 ml,PA2256/004/001,Glenwood GmbH,"N02AA Natural opium alkaloids, N02AA01 morphine",N02AA01,Istituto De Angeli S.r.l.,"Località Prulli Di Sotto n. 103/C, 50066 Reggello (FI)",Italy,https://assets.hpra.ie/products/Human/21400/1b55d6e1-f8f8-4f0a-9b7c-a4df82edd47e.pdf
30399,"TdaPBooster, suspension for injection in pre-filled syringe.Diphtheria, tetanus and pertussis (acellular component) vaccine (adsorbed, reduced antigen content)",PA2160/002/001,AJ Vaccines A/S,"J07AJ Pertussis vaccines, J07AJ52 pertussis, purified antigen, combinations with toxoids",J07AJ52,AJ Vaccines A/S,"Artillerivej 5, DK-2300 Copenhagen S",Denmark,https://assets.hpra.ie/products/Human/30399/4e88fca3-25bf-4a6e-9cac-1198eca7cdc4.pdf
16817,Calpol Six Plus Fastmelts 250 mg Paracetamol orodispersible tablets,PA23490/003/005,JNTL Consumer Health I (Ireland) Limited,"N02BE Anilides, N02BE01 paracetamol",N02BE01,"JNTL Consumer Health (France)
SAS"," Domaine de Maigremont, 27100 Val de Reuil",France,https://assets.hpra.ie/products/Human/16817/a7c6cd74-6056-4e6a-91f9-c8aab756da5c.pdf
29371,Hydroxocobalamin 1 mg / ml solution for injection,PA1770/002/001,G.L. Pharma GmbH,"B03BA Vitamin B12 (cyanocobalamin and analogues), B03BA03 hydroxocobalamin",B03BA03,G.L. Pharma GmbH,"Schlossplatz 1, 8502 Lannach",Austria,https://assets.hpra.ie/products/Human/29371/556e8db6-22c0-4cd4-a1ea-0bbd3f3b04f2.pdf
29343,Padolieve Max 1000mg film coated tablets,PA25373/001/002,A.forall Development,"N02BE Anilides, N02BE01 paracetamol",N02BE01,SANTA S.A.,"Str. Panselelor nr. 25, nr. 27, nr. 29, Brasov, jud. Brasov, 500419",Romania,https://assets.hpra.ie/products/Human/29343/8761e6c4-ab1e-4db7-9fa5-8f35e81bd166.pdf
29342,Padolieve 500mg film coated tablets,PA25373/001/001,A.forall Development,"N02BE Anilides, N02BE01 paracetamol",N02BE01,SANTA S.A.,"Str. Panselelor nr. 25, nr. 27, nr. 29, Brasov, jud. Brasov, 500419",Romania,https://assets.hpra.ie/products/Human/29342/c72cc062-70fe-4a0e-afdc-475871543a35.pdf
20845,Etoposide-Teva 20 mg / ml Concentrate for Solution for Infusion,PA0749/002/001,Teva Pharma B.V.,"L01CB Podophyllotoxin derivatives, L01CB01 etoposide",L01CB01,Pharmachemie B.V.,"Swensweg 5
2003 RN Haarlem",Netherlands,https://assets.hpra.ie/products/Human/20845/45ea57d2-db42-4d61-b935-25d6d11e7ba5.pdf
30068,Klacid IV 500mg Powder for Concentrate for Solution for Infusion,PA23355/013/003,Viatris Healthcare Limited,"J01FA Macrolides, J01FA09 clarithromycin",J01FA09,Delpharm Saint Remy,"Rue de l'Isle, 28380 Saint-Rémy-sur-Avre",France,https://assets.hpra.ie/products/Human/30068/c52a7e4b-a8b7-43c0-9cfa-197f451aa961.pdf
26337,Lorazepam 2.5 mg tablets,PA23142/007/002,Aspire Pharma (Malta) Limited,"N05BA Benzodiazepine derivatives, N05BA06 lorazepam",N05BA06,Farmaceutisch Analytisch Laboratorium Duiven B.V (FAL Duiven B.V) | Medochemie Ltd,"Dijkgraaf, 6921, RK Duiven | Factory A - Z, Ayios Athanassios, Industrial Street, Limassol",Netherlands | Cyprus,https://assets.hpra.ie/products/Human/26337/ea6367fa-3d58-4e40-a5a6-f823f6e700fe.pdf
30381,Sinora 1 mg / ml concentrate for solution for infusion,PA22835/004/001,Sintetica GmbH,"C01CA Adrenergic and dopaminergic agents, C01CA03 norepinephrine",C01CA03,Sirton Pharmaceuticals Spa | Sintetica GmbH ,"Piazza XX Settembre, 2, 22079 Villa Guardia (CO) | Albersloher Weg 11",Italy | Germany ,https://assets.hpra.ie/products/Human/30381/932baae2-4a4c-43ec-abbe-f27c4de1cc68.pdf
18141,Priadel 400mg prolonged-release tablets,PA22587/001/002,Essential Pharma Limited,"N05AN Lithium, N05AN01 lithium",N05AN01,Delpharm Dijon,"6 Boulevard de l’Europe, 21800, Quetigny",France,https://assets.hpra.ie/products/Human/18141/3d0511c5-278d-449d-9d60-bbef05db70a0.pdf
27687,Valganciclovir Accord 450 mg film-coated tablets,PA2315/179/001,Accord Healthcare Ireland Ltd.,"J05AB Nucleosides and nucleotides excl. reverse transcriptase inhibitors, J05AB14 valganciclovir",J05AB14,Pharmadox Healthcare Ltd. |  Accord Healthcare Polska Sp.z o.o. | Accord Healthcare B.V.,"KW20A Kordin Industrial Park, Paola
PLA 3000 | ul. Lutomierska 50,95-200 Pabianice, Winthontlaan 200,
3526 KV Utrecht 
",Malta |  Poland | Netherlands,https://assets.hpra.ie/products/Human/27687/71722198-5e2e-4beb-87d3-3a19e73e5728.pdf
21401,Oramorph Concentrated oral solution 20 mg / ml,PA2256/004/002,Glenwood GmbH,"N02AA Natural opium alkaloids, N02AA01 morphine",N02AA01,Istituto De Angeli S.r.l.,"Località Prulli di Sotto n. 103/C
50066 Reggello (FI)
",Italy,https://assets.hpra.ie/products/Human/21401/7355437b-24e2-4670-8a1b-69518d24aa5f.docx
40280,Midazolam 1 mg / ml solution for injection in pre-filled syringe,PA1968/017/001,Laboratoire Aguettant,N05CD08 midazolam,N05CD08,"LABORATOIRE AGUETTANT
","1, rue Alexander Fleming
69007 Lyon
",France,https://assets.hpra.ie/products/Human/40280/7596a2ec-1fcf-4213-b3fb-b3b3cf9d1484.pdf
26336,Lorazepam 1mg tablets,PA23142/007/001,Aspire Pharma (Malta) Limited,"N05BA Benzodiazepine derivatives, N05BA06 lorazepam",N05BA06,Farmaceutisch Analytisch Laboratorium Duiven B.V (FAL Duiven B.V) | Medochemie Ltd,"Dijkgraaf, 6921, RK Duiven | Factory A - Z, Ayios Athanassios, Industrial Street, Limassol",Netherlands | Cyprus,https://assets.hpra.ie/products/Human/26336/fd31fdd9-042b-4779-96f9-aa13414c0446.pdf
36919,Midazolam 5 mg / ml solution for injection / infusion,PA2165/012/001,AS Kalceks,N05CD08 midazolam,N05CD08,AS KALCEKS,"Krustpils iela 71E, Rīga, LV-1057",Latvia,https://assets.hpra.ie/products/Human/36919/93a0f3d7-1a53-4199-a0d8-b2920377898c.pdf
30526,Konakion MM Ampoules 10 mg / ml Solution for Injection and Oral Solution,PA2239/002/001,CHEPLAPHARM Arzneimittel GmbH,"B02BA Vitamin K, B02BA01 phytomenadione",B02BA01,CHEPLAPHARM Arzneimittel GmbH,"Ziegelhof 23-24, 17489 Greifswald",Germany,https://assets.hpra.ie/products/Human/30526/2052002e-f61f-4c01-8d19-7997d3671b35.pdf
22094,Vinblastine Sulfate 1mg / ml Solution for Injection or Infusion,PA0822/208/001,Pfizer Healthcare Ireland Unlimited Company,"L01CA Vinca alkaloids and analogues, L01CA01 vinblastine",L01CA01,Pfizer Service Company BV,"Hoge Wei 10, Zaventem, 1930",Belgium,https://assets.hpra.ie/products/Human/22094/c641517f-7f79-4283-964a-41681489dfef.pdf
30632,Melphalan Tillomed 50 mg powder and solvent for solution for injection / infusion,PA22720/006/001,Tillomed Pharma GmbH,"L01AA Nitrogen mustard analogues, L01AA03 melphalan",L01AA03,MIAS Pharma Limited | Tillomed Malta Limited,"Suite 2, Stafford House, Strand Road, Portmarnock | LS2.01.06 Industrial Estate, San Gwann, SGN 3000",Ireland | Malta ,https://assets.hpra.ie/products/Human/30632/954e1e2c-df90-4570-9c87-d4a593f061a9.pdf
29228,Ultiva 5 mg Powder for Concentrate for Solution for Infusion,PA1691/032/003,Aspen Pharma Trading Limited,"N01AH Opioid anesthetics, N01AH06 remifentanil",N01AH06,GlaxoSmithKline Manufacturing S.p.A. | Aspen Pharma Ireland Limited | Aspen Bad Oldesloe GmbH | Avara Liscate Pharmaceutical Services S.p.A.,"Strada Provinciale Asolana 90, 43056 San Polo di
Torrile, Parma | 3016 Lake Drive, Citywest Business Campus, Dublin 24 | Industriestrasse 32-36
23843 Bad Oldesloe | Via Fosse Ardeatine, 2
20050 Liscate (MI)
","Italy | Ireland | Germany | Italy
",https://assets.hpra.ie/products/Human/29228/167e3556-676c-4912-a1c3-620668a3aa93.pdf
29227,Ultiva 2 mg Powder for Concentrate for Solution for Infusion,PA1691/032/002,Aspen Pharma Trading Limited,"N01AH Opioid anesthetics, N01AH06 remifentanil",N01AH06,GlaxoSmithKline Manufacturing S.p.A. | Aspen Pharma Ireland Limited | Aspen Bad Oldesloe GmbH | Avara Liscate Pharmaceutical Services S.p.A.,"Strada Provinciale Asolana 90, 43056 San Polo di
Torrile, Parma | 3016 Lake Drive, Citywest Business Campus, Dublin 24 | Industriestrasse 32-36
23843 Bad Oldesloe | Via Fosse Ardeatine, 2
20050 Liscate (MI)
","Italy | Ireland | Germany | Italy
",https://assets.hpra.ie/products/Human/29227/eeb1051f-0772-436f-8dae-8e8e1eea304a.pdf
27609,Olanzapine Accord 15 mg film-coated tablets,PA2315/112/005,Accord Healthcare Ireland Ltd.,"N05AH Diazepines, oxazepines, thiazepines and oxepines, N05AH03 olanzapine",N05AH03,"Accord Healthcare B.V.  | Accord Healthcare Limited | Accord Healthcare Polska Sp.z o.o.
","Winthontlaan 200,
3526 KV Utrecht | Sage house, 319, Pinner Road, North Harrow, Middlesex HA1 4HF | ul. Lutomierska 50,95-200 Pabianice
",Netherlands | United Kingdom | Poland,https://assets.hpra.ie/products/Human/27609/a15009b5-c24e-4a91-ab96-8b67bc0427a0.pdf
27606,Olanzapine Accord 5 mg film-coated tablets,PA2315/112/002,Accord Healthcare Ireland Ltd.,"N05AH Diazepines, oxazepines, thiazepines and oxepines, N05AH03 olanzapine",N05AH03,"Accord Healthcare B.V.  | Accord Healthcare Limited | Accord Healthcare Polska Sp.z o.o.
","Winthontlaan 200,
3526 KV Utrecht | Sage house, 319, Pinner Road, North Harrow, Middlesex HA1 4HF | ul. Lutomierska 50,95-200 Pabianice
",Netherlands | United Kingdom | Poland,https://assets.hpra.ie/products/Human/27606/5ee3ea17-d537-417c-a639-93886a28776e.pdf
39554,Sugammadex 50 mg / ml solution for injection in pre-filled syringe,PA1968/016/002,Laboratoire Aguettant,V03AB35 sugammadex,V03AB35,LABORATOIRE AGUETTANT,"1, rue Alexander Fleming, 69007 Lyon",France,https://assets.hpra.ie/products/Human/39554/1eb8625b-a365-46d9-9aee-7c32db75b9f9.pdf
28078,Gemcitabine 2 g powder for solution for infusion,PA2059/039/003,Fresenius Kabi Deutschland GmbH,"L01BC Pyrimidine analogues, L01BC05 gemcitabine",L01BC05,Fresenius Kabi Deutschland GmbH,"Pfingstweide 53, 61169 Friedberg",Germany,https://assets.hpra.ie/products/Human/28078/c6e5b3d7-687c-4b78-a277-b6ae66469ebd.pdf
14316,Morphine Sulphate 1mg / 5ml Solution for Injection,PA0073/020/003,Mercury Pharmaceuticals (Ireland) Ltd,"N02AA Natural opium alkaloids, N02AA01 morphine",N02AA01,B. Braun Melsungen AG,"Mistelweg 2, 12357 Berlin",Germany,https://assets.hpra.ie/products/Human/14316/a3662606-43b1-4bf2-b72f-4a48728f6226.pdf
28077,Gemcitabine 1 g powder for solution for infusion,PA2059/039/002,Fresenius Kabi Deutschland GmbH,"L01BC Pyrimidine analogues, L01BC05 gemcitabine",L01BC05,Fresenius Kabi Deutschland GmbH,"Pfingstweide 53, 61169 Friedberg",Germany,https://assets.hpra.ie/products/Human/28077/da5b1035-4ba3-4bda-a346-0e5438a98c43.pdf
28719,Myleran 2 mg film-coated tablets,PA1691/008/001,Aspen Pharma Trading Limited,"L01AB Alkyl sulfonates, L01AB01 busulfan",L01AB01,EXCELLA GmbH & Co. KG,"Nürnberger Strasse 12, 90537 Feucht",Germany,https://assets.hpra.ie/products/Human/28719/48f8348f-7460-4b50-86a5-8606ef42d2e7.pdf
28076,Gemcitabine 200 mg powder for solution for infusion,PA2059/039/001,Fresenius Kabi Deutschland GmbH,"L01BC Pyrimidine analogues, L01BC05 gemcitabine",L01BC05,Fresenius Kabi Deutschland GmbH,"Pfingstweide 53, 61169 Friedberg",Germany,https://assets.hpra.ie/products/Human/28076/82e4ce9d-28f1-4549-bfc4-79f236c1a1d3.pdf
28714,Alkeran 50 mg Powder and Solvent for Solution for Infusion,PA1691/004/001,Aspen Pharma Trading Limited,"L01AA Nitrogen mustard analogues, L01AA03 melphalan",L01AA03,Cenexi – Laboratories Thissen S.A.,"Rue de la Papyree 2-4-6, Braine-L’Alleud, 1420",Belgium,https://assets.hpra.ie/products/Human/28714/6cd1db53-a01b-4158-a411-0fa80f92d408.pdf
27607,Olanzapine Accord 7.5 mg film-coated tablets,PA2315/112/003,Accord Healthcare Ireland Ltd.,"N05AH Diazepines, oxazepines, thiazepines and oxepines, N05AH03 olanzapine",N05AH03,"Accord Healthcare B.V.  | Accord Healthcare Limited | Accord Healthcare Polska Sp.z o.o.
","Winthontlaan 200,
3526 KV Utrecht | Sage house, 319, Pinner Road, North Harrow, Middlesex HA1 4HF | ul. Lutomierska 50,95-200 Pabianice
",Netherlands | United Kingdom | Poland,https://assets.hpra.ie/products/Human/27607/7f3d5291-f25e-4b5d-a10c-22639bc46488.pdf
36925,Dexmedetomidine B. Braun 100 micrograms / ml concentrate for solution for infusion,PA0736/042/001,B. Braun Melsungen AG,N05CM18 dexmedetomidine,N05CM18,"B. Braun Medical, S.A.","Ronda de los Olivares, Parcela 11, Polígono Industrial Los Olivares, 23009 Jaén",Spain,https://assets.hpra.ie/products/Human/36925/330ce713-7f18-4ae4-a049-a36600276cc5.pdf
35081,Suxamethonium Chloride 50 mg / ml solution for injection / infusion,PA0549/014/001,Ethypharm,M03AB01 suxamethonium,M03AB01,Macarthys Laboratories Limited t/a Martindale Pharma | Fannin Limited | ETHYPHARM | ETHYPHARM,"Bampton Road, Harold Hill,
Romford, Essex RM3 8UG |  Fannin House, South County Business Park,
Dublin 18, D18 Y0C9 | Chemin de la Poudriere, GRAND QUEVILLY,
76120 | Zone Industrielle de Saint-Arnoult,
CHATEAUNEUF EN THYMERAIS, 28170
","United Kingdom | Ireland | France  | France
",https://assets.hpra.ie/products/Human/35081/091c3a74-ca60-4803-a0d0-2bf60768feb1.pdf
30383,Sinora 0.2 mg / ml solution for infusion,PA22835/004/003,Sintetica GmbH,"C01CA Adrenergic and dopaminergic agents, C01CA03 norepinephrine",C01CA03,Sirton Pharmaceuticals Spa | Sintetica GmbH,"Piazza XX Settembre, 2, 22079 Villa Guardia (CO) | Albersloher Weg 11",Italy | Germany,https://assets.hpra.ie/products/Human/30383/acf54b50-acab-4393-90b8-d9ee28898e8d.pdf
39551,Sugammadex 10 mg / ml solution for injection in pre-filled syringe,PA1968/016/001,Laboratoire Aguettant,V03AB35 sugammadex,V03AB35,LABORATOIRE AGUETTANT,"1, rue Alexander Fleming, 69007 Lyon",France,https://assets.hpra.ie/products/Human/39551/18efbd2a-5508-4b49-882d-cb50eb2f1364.pdf
30382,Sinora 0.1 mg / ml solution for infusion,PA22835/004/002,Sintetica GmbH,"C01CA Adrenergic and dopaminergic agents, C01CA03 norepinephrine",C01CA03,Sirton Pharmaceuticals Spa | Sintetica GmbH ,"Piazza XX Settembre, 2, 22079 Villa Guardia (CO) | Albersloher Weg 11",Italy | Germany,https://assets.hpra.ie/products/Human/30382/0af8d812-7a06-4465-a0e5-3a30bb75cb56.pdf
21396,Actilyse Cathflo 2 mg powder for solution for injection and infusion,PA0775/011/004,Boehringer Ingelheim International GmbH,B01AD02 alteplase,B01AD02,Boehringer Ingelheim Pharma GmbH & Co. KG | Boehringer Ingelheim France,"Birkendorfer Strasse 65
88397 Biberach/Riss |
100-104 avenue de France
75013 Paris
",Germany | France,https://assets.hpra.ie/products/Human/21396/f9c7e180-fb57-4122-933f-12d118851633.pdf
37469,Dabigatran etexilate Clonmel 150 mg hard capsules,PA0126/340/003,Clonmel Healthcare Ltd,B01AE07 dabigatran etexilate,B01AE07,Pharmadox Healthcare Ltd | STADA Arzneimittel AG | Clonmel Healthcare Ltd,"KW20A Kordin Industrial Park, Paola, PLA3000 | Stadastrasse 2-18, 61118 Bad Vilbel | Waterford Road, Clonmel, Co. Tipperary",Malta | Germany | Ireland,https://assets.hpra.ie/products/Human/37469/e63e0dba-dc5b-4c6f-9e3e-0b4b00c8f567.pdf
37426,Dabigatran etexilate Clonmel 75 mg hard capsules,PA0126/340/001,Clonmel Healthcare Ltd,B01AE07 dabigatran etexilate,B01AE07,Pharmadox Healthcare Ltd | STADA Arzneimittel AG | Clonmel Healthcare Ltd,"KW20A Kordin Industrial Park, Paola, PLA3000 | Stadastrasse 2-18, 61118 Bad Vilbel | Waterford Road, Clonmel, Co. Tipperary",Malta | Germany | Ireland,https://assets.hpra.ie/products/Human/37426/5ee97fb9-0d26-44aa-a10e-0197caa1d4fb.pdf
37468,Dabigatran etexilate Clonmel 110 mg hard capsules,PA0126/340/002,Clonmel Healthcare Ltd,B01AE07 dabigatran etexilate,B01AE07,Pharmadox Healthcare Ltd | STADA Arzneimittel AG |Clonmel Healthcare Ltd,"KW20A Kordin Industrial Park, Paola, PLA3000  | Stadastrasse 2-18, 61118 Bad Vilbel | Waterford Road, Clonmel, Co. Tipperary","Malta | Germany | Ireland
",https://assets.hpra.ie/products/Human/37468/e21766ce-8de3-46e9-82c1-0007765230fc.pdf
26539,Oxytocin 10 IU / ml Concentrate for Solution for Infusion,PA0281/239/001,Pinewood Laboratories Ltd,"H01BB Oxytocin and analogues, H01BB02 oxytocin",H01BB02,Biologici Italia Laboratories S.R.L.,"Via F. Serpero 2, 20060 Masate (Milano)",Italy,https://assets.hpra.ie/products/Human/26539/f5635b79-ea28-48d1-aa6e-4ecdb0ace0ac.pdf
36426,Dexmedetomidine 100 micrograms / ml concentrate for solution for infusion,PA2299/050/001,Baxter Holding B.V.,N05CM18 dexmedetomidine,N05CM18,UAB Norameda | Bieffe Medital S.p.A,"Meistru 8a, Vilnius, 02189 | Via Nuova Provinciale, 23034 Grosotto (SO)",Lithuania | Italy,https://assets.hpra.ie/products/Human/36426/c5a6be9f-21f3-4b2b-a74e-21a5116be99c.pdf
23838,Noqturina 25 microgram oral lyophilisate,PA1009/027/001,Ferring Ireland Ltd,"H01BA Vasopressin and analogues, H01BA02 desmopressin",H01BA02,Ferring GmbH,"Wittland 11, D-24109, Kiel",Germany,https://assets.hpra.ie/products/Human/23838/2160939.PA1009_027_001.4a1d9d53-efd7-470a-b713-cd49e6f4c125.000001ProductLeafletApproved.160708.pdf
24400,Fortum 500 mg powder for solution for injection,PA23311/001/001,Sandoz Pharmaceuticals d.d.,"J01DD Third-generation cephalosporins, J01DD02 ceftazidime",J01DD02,ACS Dobfar S.p.A.,"Via Alessandro Fleming 2, 37135 Verona",Italy,https://assets.hpra.ie/products/Human/24400/6117a7ec-0431-4f5e-9a1b-235d243b736b.pdf
25508,Ceftazidime 1 g powder for solution for injection / infusion,PA1217/012/002,Hikma Farmacêutica (Portugal) S.A.,"J01DD Third-generation cephalosporins, J01DD02 ceftazidime",J01DD02,"Hikma Farmacêutica (Portugal), S.A.
","Estrada do Rio da Mó, nº8, 8A, 8B, Fervença, 2705-906 Terrugem SNT",Portugal,https://assets.hpra.ie/products/Human/25508/afefbd19-b8e6-43f7-952d-88f968fbfd3a.pdf
25509,Ceftazidime 2 g powder for solution for injection / infusion,PA1217/012/003,Hikma Farmacêutica (Portugal) S.A.,"J01DD Third-generation cephalosporins, J01DD02 ceftazidime",J01DD02,"Hikma Farmacêutica (Portugal), S.A.","Estrada do Rio da Mó, nº8, 8A, 8B, Fervença, 2705-906 Terrugem SNT",Portugal,https://assets.hpra.ie/products/Human/25509/f3eab517-1bfe-488e-bb17-8e0a2f2a5aba.pdf
25507,Ceftazidime 500 mg powder for solution for injection,PA1217/012/001,Hikma Farmacêutica (Portugal) S.A.,"J01DD Third-generation cephalosporins, J01DD02 ceftazidime",J01DD02,"Hikma Farmacêutica (Portugal), S.A.","Estrada do Rio da Mó, nº8, 8A, 8B, Fervença, 2705-906 Terrugem SNT",Portugal,https://assets.hpra.ie/products/Human/25507/0786b3a7-6b01-4f7c-b861-4dd4e832db09.pdf
26772,Clarithromycin Krka 250 mg film-coated tablets,PA1347/068/001,"KRKA, d.d., Novo mesto","J01FA Macrolides, J01FA09 clarithromycin",J01FA09,"KRKA, d.d.","Novo mesto, Šmarješka cesta 6, 8501 Novo mesto",Slovenia,https://assets.hpra.ie/products/Human/26772/6a880a4f-eb83-4ac4-9c43-dffb83010c27.pdf
26773,Clarithromycin Krka 500 mg film-coated tablets,PA1347/068/002,"KRKA, d.d., Novo mesto","J01FA Macrolides, J01FA09 clarithromycin",J01FA09,"KRKA, d.d.","Novo mesto, Šmarješka cesta 6, 8501 Novo mesto",Slovenia,https://assets.hpra.ie/products/Human/26773/f9149008-c4ba-4c51-b2a1-20eeb12f2974.pdf
29633,Vesanoid 10 mg soft capsules,PA1868/001/001,Cheplapharm Arzneimittel  GmbH,L01XF01 Cytostatic-differentiating agent,L01XF01,CHEPLAPHARM Arzneimittel GmbH | CHEPLAPHARM Arzneimittel GmbH | CENEXI SAS,"Ziegelhof 23-24, 17489 Greifswald | Bahnhofstr. 1a, 17498 Mesekenhagen | 52, rue M. et J. Gaucher, 94120 Fontenay-sous-Bois",Germany | Germany | France,https://assets.hpra.ie/products/Human/29633/c2c026b5-f067-428b-ac9a-1d50854f4829.pdf
15867,Potassium Chloride 15% w / v Concentrate for Solution for Infusion,PA0179/030/002,B. Braun Medical Limited,"B05XA Electrolyte solutions, B05XA01 potassium chloride",B05XA01,B. Braun Melsungen AG,"Carl-Braun-Straße 1, D-34212 Melsungen",Germany,https://assets.hpra.ie/products/Human/15867/2185508.PA0179_030_002.8c2c87aa-3f14-4207-97cc-eb406de316e3.000001Leaflet.180529.pdf
35441,Gentamicin 20 mg / mL Solution for injection / infusion,PA1122/023/001,Noridem Enterprises Limited,J01GB03 gentamicin,J01GB03,DEMO S.A. PHARMACEUTICAL INDUSTRY,"21st Km National Road Athens–Lamia,
14568 Krioneri, Attiki",Greece ,https://assets.hpra.ie/products/Human/35441/320a5250-662a-4941-a148-0cd120d1bdfa.pdf
35565,Gentamicin 40 mg / mL Solution for injection / infusion,PA1122/023/002,Noridem Enterprises Limited,J01GB03 gentamicin,J01GB03,DEMO S.A. PHARMACEUTICAL INDUSTRY,"21st Km National Road Athens–Lamia,
14568 Krioneri, Attiki",Greece ,https://assets.hpra.ie/products/Human/35565/3810f35f-ab3e-4ab3-86e0-c4f5de3c2ef4.pdf
35566,Gentamicin 80 mg / mL Solution for injection / infusion,PA1122/023/003,Noridem Enterprises Limited,J01GB03 gentamicin,J01GB03,DEMO S.A. PHARMACEUTICAL INDUSTRY,"21st Km National Road Athens–Lamia,
14568 Krioneri, Attiki",Greece ,https://assets.hpra.ie/products/Human/35566/9f3448e4-2f28-400f-be9a-75ba75d9fc40.pdf
41778,Metoject 20 mg solution for injection in pre-filled pen,PPA0465/436/004,PCO Manufacturing Ltd.,"L01BA Folic acid analogues, L01BA01 methotrexate",L01BA01,"Medac,Gesellschaft für klinische Spezialpräparate mbH","Theaterstr. 6, 22880 Wedel",Germany,https://assets.hpra.ie/products/Human/41778/0d79aa1b-f02d-46da-bc0d-5201d1c0c78d.pdf
41776,Metoject 10 mg solution for injection in pre-filled pen,PPA0465/436/002,PCO Manufacturing Ltd.,"L01BA Folic acid analogues, L01BA01 methotrexate",L01BA01,"Medac,Gesellschaft für klinische Spezialpräparate mbH","Theaterstr. 6, 22880 Wedel",Germany,https://assets.hpra.ie/products/Human/41776/e3d83ec6-524f-4c2f-a0d3-790650f4381f.pdf
41777,Metoject 15 mg solution for injection in pre-filled pen,PPA0465/436/003,PCO Manufacturing Ltd.,"L01BA Folic acid analogues, L01BA01 methotrexate",L01BA01,"Medac,Gesellschaft für klinische Spezialpräparate mbH","Theaterstr. 6, 22880 Wedel",Germany,https://assets.hpra.ie/products/Human/41777/cc1d1f6d-8362-4ed7-95dd-c435f7ba2345.pdf
38415,Flucloxacillin 500 mg film-coated tablets,PA22871/026/001,Azure Pharmaceuticals Ltd.,J01CF05 flucloxacillin,J01CF05,"Meiji Pharma Spain, S.A.
","Avda de Madrid, 94
Alcalà de Henares
28802 Madrid
",Spain,https://assets.hpra.ie/products/Human/38415/7d4687e4-a964-4214-af6c-a5c7d97b8cf1.pdf
38430,Flucloxacillin 1000 mg Film-coated Tablets,PA22871/026/002,Azure Pharmaceuticals Ltd.,J01CF05 flucloxacillin,J01CF05,Meiji Pharma Spain ,"S.A., Avda de Madrid, 94",Spain,https://assets.hpra.ie/products/Human/38430/26b01a87-ce25-49ae-b935-ad656f367dc1.pdf
30401,"Tuberculin PPD RT23 AJV 2 T.U. / 0.1 mL, solution for injection",PA2160/004/001,AJ Vaccines A/S,"V04CF Tuberculosis diagnostics, V04CF01 tuberculin",V04CF01,AJ Vaccines A/S,"Artillerivej 5, DK-2300 Copenhagen S",Denmark,https://assets.hpra.ie/products/Human/30401/a9c94301-12cb-4078-8992-6416d9918b94.pdf
26327,Ethambutol Hydrochloride 400mg film-coated tablets,PA23142/004/002,Aspire Pharma (Malta) Limited,"J04AK Other drugs for treatment of tuberculosis, J04AK02 ethambutol",J04AK02,Pharmadox Healthcare Limited,"KW20A Kordin Industrial Park, Paola, PLA 3000",Malta,https://assets.hpra.ie/products/Human/26327/0916fa6e-415a-4915-bf42-06d676ee368d.pdf
26326,Ethambutol Hydrochloride 100mg film-coated tablets,PA23142/004/001,Aspire Pharma (Malta) Limited,"J04AK Other drugs for treatment of tuberculosis, J04AK02 ethambutol",J04AK02,Pharmadox Healthcare Limited,"KW20A Kordin Industrial Park, Paola, PLA 3000",Malta,https://assets.hpra.ie/products/Human/26326/593815e9-aaf9-4ff5-8a28-bcdf1782303a.pdf
16812,Paracetamol 120 mg / 5 ml Sugar-Free Infant Oral Suspension,PA23490/036/002,JNTL Consumer Health I (Ireland) Limited,"N02BE Anilides, N02BE01 paracetamol",N02BE01,McNeil Manufacturing,"5 avenue de
Concyr, 45071 Orléans, Cedex 2",France,https://assets.hpra.ie/products/Human/16812/f7bbe356-21fe-4c62-a82a-5dee730f1591.pdf
37370,Zarontin 250 mg / 5 ml Syrup,PPA0465/456/001,PCO Manufacturing Ltd.,"N03AD Succinimide derivatives, N03AD01 ethosuximide",N03AD01,Delpharm Orléans or Famar Orleans,"5 Avenue de Concyr, 45071 Orleans, Cedex 2",France,https://assets.hpra.ie/products/Human/37370/a154cc83-4577-490d-912e-4722e22f989c.pdf
16811,Paracetamol 120 mg / 5 ml Infant Oral Suspension,PA23490/036/001,JNTL Consumer Health I (Ireland) Limited,"N02BE Anilides, N02BE01 paracetamol",N02BE01,McNeil Manufacturing,"5 avenue de
Concyr, 45071 Orléans, Cedex 2",France,https://assets.hpra.ie/products/Human/16811/0a9f5c91-d898-45c5-856e-4c43b4617906.pdf
16331,Primacine 500 mg / 5 ml Granules for Oral Suspension,PA0281/026/009,Pinewood Laboratories Ltd,"J01FA Macrolides, J01FA01 erythromycin",J01FA01,Pinewood Laboratories Ltd.,"Ballymacarbry, Clonmel, Co. Tipperary",Ireland,https://assets.hpra.ie/products/Human/16331/1ae948ff-e8ec-47f7-ba36-d9b37f85a12f.pdf
24908,Prednesol 5mg Tablets,PA1113/001/001,Phoenix Labs,"H02AB Glucocorticoids, H02AB06 prednisolone",H02AB06,Losan Pharma GmbH | Losan Pharma GmbH,"Otto-Hahn-Strasse 13, D79395 – Neuenburg | Eschbacher St.2, 79427 Eschbach",Germany | Germany,https://assets.hpra.ie/products/Human/24908/5b41e7ce-3783-4f8c-b167-0b88aef02b3c.pdf
30698,Heparin Sodium BP 2000 IU / l in 0.9 % w / v Sodium Chloride IV infusion,PA2299/014/002,Baxter Holding B.V.,"B01AB Heparin group, B01AB01 heparin",B01AB01,"Bieffe Medital SpA | Baxter Healthcare S.A.
","Via Nuova Provinciale - 23034 Grosotto (SO) | Castlebar, Co. Mayo
","Italy | Ireland
",https://assets.hpra.ie/products/Human/30698/47955f89-84e9-49bb-8c24-a56cd69a246e.pdf
35599,Paracetamol Krka 500 mg tablets,PA1347/095/001,"KRKA, d.d., Novo mesto",N02BE01 paracetamol,N02BE01,"KRKA, d.d.","Novo mesto, Šmarješka cesta 6, 8501 Novo mesto",Slovenia,https://assets.hpra.ie/products/Human/35599/4e3d6306-c01d-4ce1-9ad1-8f274a57c96c.pdf
17218,Brabio 40 mg / ml solution for injection in pre-filled syringe,PA23266/011/001,Viatris Limited,"L03AX Other immunostimulants, L03AX13 glatiramer acetate",L03AX13,Synthon Hispania SL | Synthon BV,"Castelló 1, Poligono Las Salinas, 08830 Sant Boi de Llobregat | Microweg 22, 6545 CM Nijmegen",Spain | Netherlands,https://assets.hpra.ie/products/Human/17218/2803674d-cb6e-4da8-bc52-5051ebd7d284.pdf
15321,Amoxicillin 250 mg / 5 ml powder for oral suspension,PA0126/282/004,Clonmel Healthcare Ltd,"J01CA Penicillins with extended spectrum, J01CA04 amoxicillin",J01CA04,Athlone Laboratories Limited,"Ballymurray, Co. Roscommon",Ireland,https://assets.hpra.ie/products/Human/15321/6f2a1c01-7441-4579-98bd-89eda530e21f.pdf
37058,Benzylpenicillin sodium 3000 mg Powder for Solution for Injection / Infusion,PA0711/310/002,Rowex Ltd,J01CE01 benzylpenicillin,J01CE01,Sandoz GmbH,"Biochemiestraße 10, 6250 Kundl",Austria,https://assets.hpra.ie/products/Human/37058/a90574b6-ef17-4a49-adf3-54a2678c08a0.pdf
37050,Benzylpenicillin sodium 600 mg Powder for Solution for Injection / Infusion,PA0711/310/001,Rowex Ltd,J01CE01 benzylpenicillin,J01CE01,Sandoz GmbH,"Biochemiestraße 10, 6250 Kundl",Austria,https://assets.hpra.ie/products/Human/37050/5ea9a252-0691-4776-955d-bf9f2a3f2f91.pdf
21178,Clarithromycin Teva 250 mg film-coated tablets,PA0749/148/001,Teva Pharma B.V.,"J01FA Macrolides, J01FA09 clarithromycin",J01FA09,"Pharmachemie B.V. | Teva Pharmaceutical Works Private Limited Company | TEVA PHARMA, S.L.U.","Swensweg 5, 2031GA Haarlem | Pallagi út 13
Debrecen, H-4042 |  C/ C, nº 4. Polígono Industrial Malpica, 50016 Zaragoza
","Netherlands | Hungary | Spain
",https://assets.hpra.ie/products/Human/21178/93470b4a-bf55-4512-88eb-92dfcdc2a0b6.pdf
30070,"Klacid Paediatric Suspension 125 mg / 5 ml, Granules for Oral Suspension",PA23355/013/005,Viatris Healthcare Limited,"J01FA Macrolides, J01FA09 clarithromycin",J01FA09,AbbVie S.r.l.,"S.R. 148 Pontina km 52 snc
04011 Campoverde di Aprilia (LT)",Italy,https://assets.hpra.ie/products/Human/30070/3431c826-969d-4c88-a0d4-264b84c12d13.pdf
30064,Isoptin 2.5 mg / ml Solution for Injection or Infusion,PA23355/018/003,Viatris Healthcare Limited,"C08DA Phenylalkylamine derivatives, C08DA01 verapamil",C08DA01, FAMAR HEALTH CARE SERVICES MADRID S.A.U.," Avda. de Leganés, 62
28923 Alcorcón-Madrid ",Spain,https://assets.hpra.ie/products/Human/30064/0358d5cc-4ea3-4c07-ab7a-f229dc8d7054.pdf
16814,Calpol Six Plus 250 mg / 5 ml Oral Suspension,PA23490/003/002,JNTL Consumer Health I (Ireland) Limited,"N02BE Anilides, N02BE01 paracetamol",N02BE01,Delpharm Orleans," 5 avenue de
Concyr,
45071 Orléans, Cedex 2",France,https://assets.hpra.ie/products/Human/16814/12021c29-fbd6-48e5-b559-ef8713a97514.pdf
30071,Klacid 250 mg / 5 ml Granules for Oral Suspension,PA23355/013/006,Viatris Healthcare Limited,"J01FA Macrolides, J01FA09 clarithromycin",J01FA09,AbbVie S.r.l.  ,"S.R. 148 Pontina km 52 snc
04011 Campoverde di Aprilia (LT)",Italy,https://assets.hpra.ie/products/Human/30071/3ddd039c-a6b7-486e-8414-0a2e91d3d762.pdf
27280,Doxorubicin Rivopharm 2 mg / ml concentrate for solution for infusion,PA2318/002/001,Rivopharm Limited,"L01DB Anthracyclines and related substances, L01DB01 doxorubicin",L01DB01,Actavis Italy S.p.A | S.C. SINDAN-PHARMA S.R.L.,"Via Pasteur 10
20014 Nerviano (Milan) | 11th Ion Mihalache Blvd.
011171, Bucharest 1",Italy | Romania,https://assets.hpra.ie/products/Human/27280/3df60acd-afe8-4f3f-803b-b81e3c12014f.pdf
29006,Doxorubicin 2 mg / ml Concentrate for Solution for Infusion,PA22766/004/001,Seacross Pharma (Europe) Limited,"L01DB Anthracyclines and related substances, L01DB01 doxorubicin",L01DB01,Seacross Pharmaceuticals Limited |  Seacross Pharma (Europe) Limited ,"Stanmore Business & Innovation Centre Stanmore Place Howard Road Stanmore, HA7 1BT | 4POD 13, The Old Station House 15A Main Street, Blackrock Dublin, A94 T8P8 ","United Kingdom | Ireland
",https://assets.hpra.ie/products/Human/29006/95dd7ba1-2bc8-4c43-b2b9-e49c004ef022.pdf
30527,Konakion MM Paediatric Ampoules 2 mg /  0.2 ml oral solution or solution for injection,PA2239/002/002,CHEPLAPHARM Arzneimittel GmbH,"B02BA Vitamin K, B02BA01 phytomenadione",B02BA01,CHEPLAPHARM Arzneimittel GmbH,"Ziegelhof 23-24, 17489 Greifswald",Germany,https://assets.hpra.ie/products/Human/30527/9e396398-0c8b-430e-b85b-36cb922ac3a4.pdf
30744,Fluconazole 2 mg / ml solution for infusion,PA2299/033/001,Baxter Holding B.V.,"J02AC Triazole derivatives, J02AC01 fluconazole",J02AC01,Bieffe Medital S.P.A | UAB Norameda | Tramco sp. Z.o.o,"Via Nuova Provinciale, 23034 Grosotto (SO) | Meistru 8a, 02189 | Tramco sp. Z.o.o, Wolskie, ul. Wolska 14, 05-860 Plochocin",Italy | Lithuania | Poland,https://assets.hpra.ie/products/Human/30744/8d98db3b-7223-46fd-b99b-d7a0da8f95e7.pdf
35672,Labetalol 5 mg / ml solution for injection /  infusion,PA22760/001/001,S.A.L.F. S.p.A. Laboratorio Farmacologico,C07AG01 labetalol,C07AG01,S.A.L.F. S.p.A. Laboratorio Farmacologico via Marconi, 2 - 24069 Cenate Sotto (BG) ,Italy,https://assets.hpra.ie/products/Human/35672/84235d71-a170-4687-95e0-1d6d8ac15c4b.pdf
28984,Epirubicin 2 mg / ml Solution for Injection,PA22766/003/001,Seacross Pharma (Europe) Limited,"L01DB Anthracyclines and related substances, L01DB03 epirubicin",L01DB03,"Genepharm S.A.
","18th km Marathonos Avenue, 153 51 Pallini Attikis",Greece,https://assets.hpra.ie/products/Human/28984/e911cf1b-20bd-4036-9dd5-45ea6bcc85fd.pdf
35399,Carbamazepine 200 mg Tablets,PA22871/010/002,Azure Pharmaceuticals Ltd.,N03AF01 carbamazepine,N03AF01,Meiji Pharma Spain S.A.,"Avda. De Madrid, 94., 28802, Alcalà de Henares, (Madrid)",Spain,https://assets.hpra.ie/products/Human/35399/ea06c9f3-c4ba-4bf2-a6d6-d7511db12ed9.pdf
35400,Carbamazepine 400 mg Tablets,PA22871/010/003,Azure Pharmaceuticals Ltd.,N03AF01 carbamazepine,N03AF01,Meiji Pharma Spain S.A.,"Avda. De Madrid, 94., 28802, Alcalà de Henares, (Madrid)",Spain,https://assets.hpra.ie/products/Human/35400/3bf810d1-bce9-45b7-984d-77ee71b2b81d.pdf
35361,Carbamazepine 100 mg Tablets,PA22871/010/001,Azure Pharmaceuticals Ltd.,N03AF01 carbamazepine,N03AF01,Meiji Pharma Spain S.A.,"Avda. De Madrid, 94., 28802, Alcalà de Henares, (Madrid)",Spain,https://assets.hpra.ie/products/Human/35361/606f37cf-88c1-4aae-b47c-871ca82b2001.pdf
18015,Cerubidin 20 mg Powder for Concentrate for Solution for Infusion,PA0540/096/001,Sanofi-Aventis Ireland Limited T/A SANOFI,"L01DB Anthracyclines and related substances, L01DB02 daunorubicin",L01DB02,Cenexi-Laboratoires Thissen S.A ,"2-6 rue de la papyree
1420 Braine-l’Alleud,",Belgium,https://assets.hpra.ie/products/Human/18015/77af3a36-a93a-4e3a-bd48-34ec71c9e8d0.pdf
29990,Zarontin 250 mg / 5 ml Syrup,PA22644/005/001,Essential Pharma (M) Limited,"N03AD Succinimide derivatives, N03AD01 ethosuximide",N03AD01,Delpharm Orleans,"5 Avenue de Concyr, 45071 Orleans, Cedex 02",France,https://assets.hpra.ie/products/Human/29990/b341b997-177e-403b-854d-e8787acb8f04.pdf
28080,Gemcitabine 38 mg / ml Concentrate for Solution for Infusion,PA2059/039/005,Fresenius Kabi Deutschland GmbH,"L01BC Pyrimidine analogues, L01BC05 gemcitabine",L01BC05,Fresenius Kabi Deutschland GmbH,"Pfingstweide 53, 61169 Friedberg",Germany,https://assets.hpra.ie/products/Human/28080/2c7b7aa3-7e4f-4954-8b50-0a65891693ab.pdf
18439,Furosemide 20 mg / 2 ml solution for injection / infusion,PA2059/038/001,Fresenius Kabi Deutschland GmbH,"C03CA Sulfonamides, plain, C03CA01 furosemide",C03CA01,LABESFAL – Laboratórios Almiro S.A. (Fresenius Kabi Group),"Lagedo, 3465-157 Santiago de Besteiros",Portugal,https://assets.hpra.ie/products/Human/18439/9f6b1388-cbd7-4752-abe7-44681f458535.pdf
16015,GlucaGen HypoKit 1 mg powder and solvent for solution for injection,PA0218/031/002,Novo Nordisk A/S,"H04AA Glycogenolytic hormones, H04AA01 glucagon",H04AA01,Novo Nordisk A/S,"Novo Allé
DK-2880 Bagsværd",Denmark,https://assets.hpra.ie/products/Human/16015/ea0d7349-2b3b-4611-b207-048cdcb8682a.pdf
30067,Klacid Forte 500 mg film-coated tablets,PA23355/013/002,Viatris Healthcare Limited,"J01FA Macrolides, J01FA09 clarithromycin",J01FA09,AbbVie S.r.l. ,"148 Pontina km 52 snc
04011 Campoverde di Aprilia (LT)",Italy,https://assets.hpra.ie/products/Human/30067/2245973b-a2c9-44bf-b459-8d1e4bde30c5.pdf
41779,Metoject 25 mg solution for injection in pre-filled pen,PPA0465/436/005,PCO Manufacturing Ltd.,"L01BA Folic acid analogues, L01BA01 methotrexate",L01BA01,"Medac,Gesellschaft für klinische Spezialpräparate mbH","Theaterstr. 6, 22880 Wedel",Germany,https://assets.hpra.ie/products/Human/41779/1fe81ac3-c627-41b7-9222-21b48672d19e.pdf
42647,Nordurine 0.2 mg Tablets,PPA1463/236/001,IMED Healthcare Ltd.,H01BA02 desmopressin,H01BA02,Ferring GmbH,"Wittland 11, D-24109 Kiel",Germany,https://assets.hpra.ie/products/Human/42647/cfaddf8c-ddfa-44a3-95cb-cf33e9f0f5e1.pdf
29047,Tipol 75 mg suppositories,PA0126/331/001,Clonmel Healthcare Ltd,"N02BE Anilides, N02BE01 paracetamol",N02BE01,bene-Arzneimittel GmbH,"Herterichstrasse 1-3, D-81479 Munich",Germany,https://assets.hpra.ie/products/Human/29047/b502bae7-aadf-4f51-847f-0ae2e86ecd08.pdf
26566,Gentamicin 40 mg / ml solution for injection or infusion,PA0281/242/002,Pinewood Laboratories Ltd,"J01GB Other aminoglycosides, J01GB03 gentamicin",J01GB03,Biologici Italia Laboratories S.r.l.,"Via F. Serpero 2, I-20060 Masate
(Milano)", Italy.,https://assets.hpra.ie/products/Human/26566/3273861c-dcab-4166-a49f-dfc0661c383b.pdf
37748,Esomeprazole 20 mg hard gastro-resistant capsules,PA1186/027/001,Chefaro Ireland DAC,A02BC05 esomeprazole,A02BC05,Perrigo Supply Chain International DAC,"The Sharp Building, 10-12 Hogan Place, Dublin 2",Ireland,https://assets.hpra.ie/products/Human/37748/e96074a6-51b2-44b4-ad05-937df005293e.pdf
26565,Gentamicin 10 mg / ml solution for injection or infusion,PA0281/242/001,Pinewood Laboratories Ltd,"J01GB Other aminoglycosides, J01GB03 gentamicin",J01GB03,Biologici Italia Laboratories S.r.l.,"Via F. Serpero 2, I-20060 Masate",Italy,https://assets.hpra.ie/products/Human/26565/82c031c3-df67-4678-bf09-a5c0340093ef.pdf
29817,Fomicyt 40 mg / ml Powder for solution for infusion,PA1972/001/001,InfectoPharm Arzneimittel und Consilium GmbH,"J01XX Other antibacterials, J01XX01 fosfomycin",J01XX01,INFECTOPHARM Arzneimittel und Consilium GmbH,"Von-Humboldt-Str. 1, 64646 Heppenheim",Germany,https://assets.hpra.ie/products/Human/29817/e2b6fb4f-6998-4df6-8485-adfacd9f9d92.pdf
14654,Paralink Six Plus Paracetamol 250 mg / 5 ml oral solution,PA1721/006/004,Phoenix Healthcare Limited,"N02BE Anilides, N02BE01 paracetamol",N02BE01,"Ricesteele Manufacturing Limited
","Tallaght, Dublin 24",Ireland,https://assets.hpra.ie/products/Human/14654/df8ac114-73a1-4493-9e7e-e6ab6b5689dd.pdf
24545,Ventolin 2mg / 5ml Oral Solution,PA1077/049/012,GlaxoSmithKline (Ireland) Limited,"R03CC Selective beta-2-adrenoreceptor agonists, R03CC02 salbutamol",R03CC02,Aspen Bad Oldesloe GmbH,"Industriestrasse 32-36, 23843 Bad Oldesloe",Germany,https://assets.hpra.ie/products/Human/24545/53a6f201-5b40-4310-aa32-292936ccd4af.pdf
23948,Protamine sulphate LEO Pharma 1400 anti-heparin IU / ml solution for injection and infusion,PA1025/002/001,LEO Pharma A/S,"V03AB Antidotes, V03AB14 protamine",V03AB14,CENEXI SAS,"52, rue Marcel et Jacques Gaucher, 94120 Fontenay-sous-Bois",France,https://assets.hpra.ie/products/Human/23948/2142856.PA1025_002_001.5a50566f-8ade-45e3-be70-96feb44d805a.000001ProductLeaflet.141021.pdf
24630,Augmentin Paediatric 125 mg / 31.25 mg per 5 ml Powder for Oral Suspension,PA1077/093/004,GlaxoSmithKline (Ireland) Limited,"J01CR Combinations of penicillins, incl. beta-lactamase inhibitors, J01CR02 amoxicillin and enzyme inhibitor",J01CR02,Glaxo Wellcome Production,"ZI de la Peyennière, 53100 MAYENNE",France,https://assets.hpra.ie/products/Human/24630/3969e8c0-fbf4-40c3-876f-e08c7f19bd33.pdf
20631,Fluconazole 2 mg / ml solution for infusion,PA0736/030/001,B. Braun Melsungen AG,"J02AC Triazole derivatives, J02AC01 fluconazole",J02AC01,B. Braun Medical S.A.,"Carretera de Terrassa, 121",Spain,https://assets.hpra.ie/products/Human/20631/b56c4263-e7cc-4a14-97ef-8c676b06b18d.pdf
14652,Paralink 500 mg suppositories,PA1721/006/003,Phoenix Healthcare Ltd,"N02BE Anilides, N02BE01 paracetamol",N02BE01,Ricesteele Manufacturing Limited,"Tallaght, Dublin 24",Ireland,https://assets.hpra.ie/products/Human/14652/49fef444-ea9c-4ec2-869b-308503a967d6.pdf
16314,Junior Parapaed Paracetamol Oral Suspension 120 mg / 5 ml,PA0281/002/001,Pinewood Laboratories Ltd,"N02BE Anilides, N02BE01 paracetamol",N02BE01,Pinewood Laboratories Limited," Ballymacarbry, Clonmel, Co. Tipperary",Ireland,https://assets.hpra.ie/products/Human/16314/0abd904d-9120-4284-b389-8263a5cc230a.pdf
14651,Paralink 180 mg suppositories,PA1721/006/002,Phoenix Healthcare Ltd,"N02BE Anilides, N02BE01 paracetamol",N02BE01,Phoenix Healthcare Limited,"Tallaght, Dublin 24",Ireland,https://assets.hpra.ie/products/Human/14651/2004931f-c5e1-4581-a766-b43ab3e5a2d0.pdf
35650,Clarithromycin 500 mg Powder for concentrate for solution for infusion,PA1122/025/001,Noridem Enterprises Limited,J01FA09 clarithromycin,J01FA09,DEMO S.A. PHARMACEUTICAL INDUSTRY,"21st Km National Road Athens–Lamia,
14568 Krioneri, Attiki",Greece ,https://assets.hpra.ie/products/Human/35650/ece697e1-8a9d-42fd-9d47-566950700f9f.pdf
36959,Puri-Nethol 50 mg tablets,PPA0465/455/001,PCO Manufacturing Ltd.,L01BB02 mercaptopurine,L01BB02,"Excella GmbH or Excella GmbH & Co. KG | Aspen
Bad Oldesloe GmbH","Nürnberger Strasse 12, Feucht | Industriestrasse 32-36, 23843 Bad Oldesloe",Germany | Germany,https://assets.hpra.ie/products/Human/36959/ca43fdde-22eb-4abf-adbe-3c78547ed66f.pdf
18103,"Cordarone X Intravenous, 150mg / 3ml, Concentrate for solution for infusion or slow injection",PA0540/142/003,Sanofi-Aventis Ireland Limited T/A SANOFI,"C01BD Antiarrhythmics, class III, C01BD01 amiodarone",C01BD01,"Delpharm Dijon | Sanofi Winthrop Industrie | Sanofi S.r.l.
","6 Boulevard de l’Europe, 21800 Quetigny | 1 rue de la vierge, Ambares-et-Lagrave, 33565 Carbon Blanc Cedex | Via Valcanello, 4, 03012 Anagni (FR),","France | France | Italy
",https://assets.hpra.ie/products/Human/18103/74504724-a143-4070-9fc9-838e18050711.pdf
23639,Lemsip Max Cold and Flu Blackcurrant 1000 mg Powder for Oral Solution,PA0979/021/003,Reckitt Benckiser Ireland Ltd,"N02BE Anilides, N02BE01 paracetamol",N02BE01,Reckitt Benckiser Healthcare (UK) Ltd.,"Hull, HU8 7DS, UK and RB NL Brands B.V. Schiphol Blvd 207, 1118 BH
Schiphol, NL.",United Kingdom,https://assets.hpra.ie/products/Human/23639/e51037e5-b0b1-4b11-abec-5c1fb389e137.pdf
23614,Lemsip Cold & Flu Hot Lemon 500 mg Powder for Oral Solution,PA0979/013/001,Reckitt Benckiser Ireland Ltd,"N02BE Anilides, N02BE01 paracetamol",N02BE01,Reckitt Benckiser Healthcare (UK) Ltd.,"Hull, HU8 7DS, UK and RB NL Brands B.V. Schiphol Blvd 207, 1118 BH
Schiphol, NL.",United Kingdom,https://assets.hpra.ie/products/Human/23614/c498a7e9-dd31-48b3-9fd0-51e735ba84f6.pdf
23616,Lemsip Cold & Flu Headcold 500 mg Powder for Oral Solution,PA0979/014/001,Reckitt Benckiser Ireland Ltd,"N02BE Anilides, N02BE01 paracetamol",N02BE01,Reckitt Benckiser Healthcare (UK) Ltd.,"Hull, HU8 7DS, UK and RB NL Brands B.V. Schiphol Blvd 207, 1118 BH
Schiphol, NL.",United Kingdom,https://assets.hpra.ie/products/Human/23616/d166efc7-4b93-46dc-ae92-2b377148e359.pdf
35774,Flucloxacillin 1000 mg powder for solution for injection / infusion,PA2059/069/002,Fresenius Kabi Deutschland GmbH,J01CF05 flucloxacillin,J01CF05,"Labestal - Laboratórios Almiro, S.A.","Fresenius Kabi Group
3465-157 Santiago de Besteiros",Portugal,https://assets.hpra.ie/products/Human/35774/e99ef6e8-85e5-4e71-abf5-ddffb4549f43.pdf
15320,Amoxicillin 125 mg / 5 ml powder for oral suspension,PA0126/282/003,Clonmel Healthcare Ltd,"J01CA Penicillins with extended spectrum, J01CA04 amoxicillin",J01CA04,Athlone Laboratories Limited,"Ballymurray, Co. Roscommon",Ireland,https://assets.hpra.ie/products/Human/15320/89b45094-c751-4680-bc7f-127edc0729e6.pdf
35775,Flucloxacillin 2000 mg powder for solution for injection / infusion,PA2059/069/003,Fresenius Kabi Deutschland GmbH,J01CF05 flucloxacillin,J01CF05,"abestal - Laboratorios Almiro, S.A.","Fresenius Kabi Group
3465-157 Santiago de Besteiros",Portugal,https://assets.hpra.ie/products/Human/35775/0c8e0e02-fa60-46d0-a496-1219b7284dbe.pdf
38282,Sugammadex Clonmel 100 mg / ml solution for injection,PA0126/352/001,Clonmel Healthcare Ltd,V03AB35 sugammadex,V03AB35,STADA Arzneimittel AG,"Stadastrasse 2-18, 61118 Bad Vilbel",Germany,https://assets.hpra.ie/products/Human/38282/dcf68c54-04ac-4dc7-b1f5-3853572a5618.pdf
26401,Cefotaxime 500mg Powder for solution for injection or infusion,PA0281/223/001,Pinewood Laboratories Ltd,"J01DD Third-generation cephalosporins, J01DD01 cefotaxime",J01DD01,Labesfal - Laboratorios Almiro,"S.A, Zona Industrial do Lagedo, Santiago de Besteiros, 3465-157",Portugal,https://assets.hpra.ie/products/Human/26401/99ce37dc-7e90-43ad-9ee5-f228bc824da0.pdf
29378,Dexmedetomidine EVER Pharma 100 micrograms / ml concentrate for solution for infusion,PA1774/002/001,EVER Valinject GmbH,"N05CM Other hypnotics and sedatives, N05CM18 dexmedetomidine",N05CM18,EVER Pharma Jena GmbH | EVER Pharma Jena GmbH,"Otto-Schott-Str. 15, 07745 Jena |  Brüsseler Str. 18, 07747 Jena
",Germany | Germany,https://assets.hpra.ie/products/Human/29378/5ceb6df0-c3f4-4367-84ad-666fe21fda2b.pdf
40048,Flucloxacillin 500 mg powder for solution for injection / infusion,PA1122/036/001,Noridem Enterprises Limited,J01CF05 flucloxacillin,J01CF05,DEMO S.A. PHARMACEUTICAL INDUSTRY,"21st Km National Road Athens–Lamia,
14568 Krioneri, Attiki",Greece ,https://assets.hpra.ie/products/Human/40048/7be8b241-b7ee-453a-98b3-e4b60f68faa3.pdf
40107,Flucloxacillin 1000 mg powder for solution for injection / infusion,PA1122/036/002,Noridem Enterprises Limited,J01CF05 flucloxacillin,J01CF05,DEMO S.A. PHARMACEUTICAL INDUSTRY,"21st Km National Road Athens–Lamia,
14568 Krioneri, Attiki",Greece ,https://assets.hpra.ie/products/Human/40107/728397ee-1bd5-4883-8b9a-ed32d23c5f01.pdf
40108,Flucloxacillin 2000 mg powder for solution for injection / infusion,PA1122/036/003,Noridem Enterprises Limited,J01CF05 flucloxacillin,J01CF05,DEMO S.A. PHARMACEUTICAL INDUSTRY,"21st Km National Road Athens–Lamia,
14568 Krioneri, Attiki",Greece ,https://assets.hpra.ie/products/Human/40108/a9236068-f1c1-4d2d-a134-f49c1fa187c3.pdf
29300,Trebon 600 mg powder for oral solution,PA1732/003/001,Uni-Pharma Kleon Tsetis Pharmaceutical Laboratories S.A.,"R05CB Mucolytics, R05CB01 acetylcysteine",R05CB01,Uni-pharma Kleon Tsetis Pharmaceutical Laboratories S.A.,"14th km National Road 1
GR-145 64 Kifissia
 ",Greece,https://assets.hpra.ie/products/Human/29300/ae0ffffb-b97f-4057-8187-c6e6f41dcb0e.pdf
14401,Suxamethonium Chloride 50mg / ml Solution for Injection,PA0073/110/001,Mercury Pharmaceuticals (Ireland) Ltd,"M03AB Choline derivatives, M03AB01 suxamethonium",M03AB01,B. Braun Melsungen AG,"Mistelweg 2, 12357 Berlin",Germany,https://assets.hpra.ie/products/Human/14401/2bdb6f04-9eae-4ec9-80df-53e5772fb1e3.pdf
42353,Propranolol 40 mg film-coated tablets,PPA0465/509/002,PCO Manufacturing Ltd.,C07AA05 propranolol,C07AA05,"Kern Pharma, S.L.","Venus, 72 – Pol. Ind. Colón II, 08228 Terrassa – Barcelona",Spain,https://assets.hpra.ie/products/Human/42353/abb6e967-c36f-4756-984f-62d5784749e7.pdf
27972,CanOral 150 mg capsule,PA1410/041/001,Bayer Limited,"J02AC Triazole derivatives, J02AC01 fluconazole",J02AC01,,,,https://assets.hpra.ie/products/Human/27972/9e18dc06-5cdc-4566-bef4-2b9758ff86b5.pdf
26101,Carbomix 50 g Granules for Oral Suspension,PA1418/007/001,Athlone Pharmaceuticals Limited,"A07BA Charcoal preparations, A07BA01 medicinal charcoal",A07BA01,Norit Nederland B.V., 7891 EV Klazienaveen,Netherlands,https://assets.hpra.ie/products/Human/26101/bb24cca2-bd71-4a68-b2bb-cd95201f485e.pdf
40138,Folinic acid (as calcium folinate) 10 mg / ml solution for injection / infusion,PA2165/024/001,AS Kalceks,V03AF03 calcium folinate,V03AF03,AS KALCEKS,"Krustpils iela 71E, Riga, LV-1057",Latvia,https://assets.hpra.ie/products/Human/40138/ed3550d7-bb24-4882-85ca-31ed482cd3ca.pdf
29623,Flucloxacillin 250 mg Powder for solution for injection / infusion,PA1862/003/001,Ibigen Srl,"J01CF Beta-lactamase resistant penicillins, J01CF05 flucloxacillin",J01CF05,Istituto Biochimico Italiano G. Lorenzini S.p.A.,"Via Fossignano, 2
04011 Aprilia (LT)
",Italy,https://assets.hpra.ie/products/Human/29623/e801c4fa-8ea5-434c-8afa-3940a4e05d82.pdf
29626,Flucloxacillin 2000 mg powder for solution for injection / infusion,PA1862/003/004,Ibigen Srl,"J01CF Beta-lactamase resistant penicillins, J01CF05 flucloxacillin",J01CF05,Istituto Biochimico Italiano G. Lorenzini S.p.A.,"Via Fossignano, 2
04011 Aprilia (LT)
",Italy,https://assets.hpra.ie/products/Human/29626/53f20023-3f02-41ed-ac9a-c058f635c3b9.pdf
29625,Flucloxacillin 1000 mg Powder for solution for injection / infusion,PA1862/003/003,Ibigen Srl,"J01CF Beta-lactamase resistant penicillins, J01CF05 flucloxacillin",J01CF05,Istituto Biochimico Italiano G. Lorenzini S.p.A.,"Via Fossignano, 2
04011 Aprilia (LT)
",Italy,https://assets.hpra.ie/products/Human/29625/ddf8e3b7-d445-45e2-9973-5e314fbcf559.pdf
29624,Flucloxacillin 500 mg Powder for solution for injection / infusion,PA1862/003/002,Ibigen Srl,"J01CF Beta-lactamase resistant penicillins, J01CF05 flucloxacillin",J01CF05,Istituto Biochimico Italiano G. Lorenzini S.p.A.,"Via Fossignano, 2
04011 Aprilia (LT)
",Italy,https://assets.hpra.ie/products/Human/29624/7e12ce01-8e6b-4bb0-a208-c80b66fde125.pdf
12739,Fungizone 50 mg Powder for sterile concentrate,PA2239/004/001,CHEPLAPHARM Arzneimittel GmbH,"J02AA Antibiotics, J02AA01 amphotericin B",J02AA01,"Delpharm Saint Remy
","Usine de Saint-Remy
Rue de I’Isle
28380 Saint-Remy-Sur-Avre",France,https://assets.hpra.ie/products/Human/12739/b3fb7a7d-c946-4d55-ab35-ffcb48279b7c.pdf
29752,Cefuroxime 250 mg Powder for solution for injection,PA1947/002/001,Stravencon Ltd,"J01DC Second-generation cephalosporins, J01DC02 cefuroxime",J01DC02,"IPG Pharma Ltd.
","Atrium Court
The Ring
Bracknell
Berkshire
RG12 1BW",United Kingdom,https://assets.hpra.ie/products/Human/29752/2159646.PA1947_002_001.0908eeb6-d200-4795-b1ac-c956e17b7fa8.000001ProductLeafletApproved.150813.pdf
29754,Cefuroxime 1500 mg Powder for solution for injection or infusion,PA1947/002/003,Stravencon Ltd,"J01DC Second-generation cephalosporins, J01DC02 cefuroxime",J01DC02,"IPG Pharma Ltd.
","Atrium Court
The Ring
Bracknell
Berkshire
RG12 1BW",United Kingdom,https://assets.hpra.ie/products/Human/29754/2159646.PA1947_002_003.59593f08-327d-4901-aa82-f115317f374f.000001ProductLeafletApproved.150813.pdf
29753,Cefuroxime 750 mg Powder for solution for injection,PA1947/002/002,Stravencon Ltd,"J01DC Second-generation cephalosporins, J01DC02 cefuroxime",J01DC02,"IPG Pharma Ltd.
","Atrium Court
The Ring
Bracknell
Berkshire
RG12 1BW",United Kingdom,https://assets.hpra.ie/products/Human/29753/2159646.PA1947_002_002.e19578fb-855b-4895-95d4-145d2e1b89a6.000001ProductLeafletApproved.150813.pdf
25537,Cefuroxime 750 mg Powder for Injection / Infusion,PA1226/009/001,Flynn Pharma Limited,"J01DC Second-generation cephalosporins, J01DC02 cefuroxime",J01DC02,"ACS DOBFAR S.P.A | ACS DOBFAR S.P.A
","4Nucleo Industriale S.Atto S.Nicolò a Tordino 64100 Teramo,  | Via A. Fleming, 2 37135  Verona ",Italy | Italy,https://assets.hpra.ie/products/Human/25537/d4f9a18d-14a0-4ff0-add0-85c85d8ad21c.pdf
29756,Cefotaxime Reiwa Healthcare 1g powder for solution for injection / infusion,PA25363/001/001,Reiwa Healthcare S.L.,"J01DD Third-generation cephalosporins, J01DD01 cefotaxime",J01DD01,Netpharmalab Consulting Services S.L.,"Edificio Net-Pharma, Carretera Fuencarral, 22
28108 Alcobendas (Madrid)",Spain,https://assets.hpra.ie/products/Human/29756/5a0a76db-471d-4f94-a5c4-a1c33f81fa0e.pdf
30069,Klacid LA 500mg Modified release tablets,PA23355/013/004,Viatris Healthcare Limited,"J01FA Macrolides, J01FA09 clarithromycin",J01FA09,"AbbVie S.r.l.
","S.R. 148 Pontina km 52 snc
04011 Campoverde di Aprilia (LT)",Italy,https://assets.hpra.ie/products/Human/30069/ec6af148-6820-44fe-ab80-ea1eb1d7faab.pdf
28204,Piperacillin / Tazobactam Aurobindo 2 g / 0.25 g powder for solution for infusion,PA23467/001/001,Eugia Pharma (Malta) Limited,"J01CR Combinations of penicillins, incl. beta-lactamase inhibitors, J01CR05 piperacillin and enzyme inhibitor",J01CR05,APL Swift Services (Malta) Limited,"HF26, Hal Far Industrial Estate, Hal Far, Birzebbugia, BBG 3000",Malta,https://assets.hpra.ie/products/Human/28204/256cae7b-648a-4dbe-96c0-7a8071dcc0c1.pdf
35884,Noradrenaline (Norepinephrine) 1 mg / ml concentrate for solution for infusion,PA2165/009/001,AS Kalceks,C01CA03 norepinephrine,C01CA03,AS KALCEKS,"Krustpils iela 71E, Rīga, LV-1057",Latvia,https://assets.hpra.ie/products/Human/35884/bb876f4a-0a09-4216-9333-c432698d10b4.pdf
25337,Lithium Chloride 0.15 mmol / ml.  Solution for Injection,PA23039/001/001,LiDCO Netherlands B.V.,"N05AN Lithium, N05AN01 lithium",N05AN01,"Torbay Pharmaceuticals
Torbay and South Devon NHS Foundation Trust
","Wilkins Drive
Paignton
TQ4 7FG",United Kingdom,https://assets.hpra.ie/products/Human/25337/798b352d-7959-4830-becb-2fccf67d4f67.pdf
38592,Ceftriaxone 1g powder for solution for injection / infusion,PA23183/006/001,Jed Pharma Limited,J01DD04 ceftriaxone,J01DD04,"Anfarm Hellas S.A.
",61st km National Road Athens Lamia,Greece,https://assets.hpra.ie/products/Human/38592/6b0b3b30-689e-4876-8fa4-d223c70fec89.pdf
18140,Priadel 200mg prolonged-release tablets,PA22587/001/001,Essential Pharma Limited,"N05AN Lithium, N05AN01 lithium",N05AN01,Delpharm Dijon,"Schimatari Viotias 32009, Greece",France,https://assets.hpra.ie/products/Human/18140/28a0bf89-0102-4cd7-9190-bbd5f5284c2d.pdf
30346,Carbimazole 20 mg Tablets,PA2130/001/002,Essential-Healthcare Ltd.,"H03BB Sulfur-containing imidazole derivatives, H03BB01 carbimazole",H03BB01,Mawdsley-Brooks & Company Limited,"Unit 22, Quest Park, Wheatley Hall Road, Doncaster, DN2 4LT",United Kingdom,https://assets.hpra.ie/products/Human/30346/dc132055-bcb0-4d9e-975d-309a8363d76a.pdf
30416,Nacsys 600 mg Effervescent Tablets,PA2166/001/001,Alpex Pharma (Irl) Limited,"R05CB Mucolytics, R05CB01 acetylcysteine",R05CB01,"Kymos, S.L. Ronda de Can Fatjó"," 7B (Parque Tecnológico del Vallès), Cerdanyola del Vallès, 08290 Barcelona ",Spain ,https://assets.hpra.ie/products/Human/30416/39c555bb-785b-47b8-a18f-3332ee3b5e00.doc
30345,Carbimazole 5 mg Tablets,PA2130/001/001,Essential-Healthcare Ltd.,"H03BB Sulfur-containing imidazole derivatives, H03BB01 carbimazole",H03BB01,Mawdsley-Brooks & Company Limited,"Unit 22, Quest Park, Wheatley Hall Road, Doncaster, DN2 4LT",United Kingdom,https://assets.hpra.ie/products/Human/30345/68a79504-915c-450d-a5c6-76554484d72e.pdf
29984,CAMCOLIT 400 mg film-coated tablets,PA22644/001/002,Essential Pharma (M) Limited,"N05AN Lithium, N05AN01 lithium",N05AN01,Delpharm L’Aigle,"Zone Industrielle No1, Route de Crulai, L’AIGLE, 61300",France,https://assets.hpra.ie/products/Human/29984/ace21c0c-9e2a-4f6e-9df1-a8f7c3318393.pdf
29983,CAMCOLIT 250 mg film-coated tablets,PA22644/001/001,Essential Pharma (M) Limited,"N05AN Lithium, N05AN01 lithium",N05AN01,Delpharm L’Aigle,"Zone Industrielle No1, Route de Crulai, L’AIGLE, 61300",France,https://assets.hpra.ie/products/Human/29983/80b9f8e4-25be-49c2-ae7b-86a785509a3f.pdf
30061,Isoptin 40 mg film-coated tablets,PA23355/018/001,Viatris Healthcare Limited,"C08DA Phenylalkylamine derivatives, C08DA01 verapamil",C08DA01,FAMAR A.V.E. | Mylan Hungary Kft,"Anthoussa Avenue,
153 49, Attiki,
Athens | Mylan utca 1,
Komarom, 2900",Greece | Hungary ,https://assets.hpra.ie/products/Human/30061/a146128f-bbd1-46d4-b130-818a6de5a8e8.pdf
30062,Isoptin 80 mg film-coated tablets,PA23355/018/002,Viatris Healthcare Limited,"C08DA Phenylalkylamine derivatives, C08DA01 verapamil",C08DA01,FAMAR A.V.E. | Mylan Hungary Kft,"Anthoussa Avenue,
153 49, Attiki,
Athens | Mylan utca 1,
Komarom, 2900",Greece | Hungary ,https://assets.hpra.ie/products/Human/30062/c52a5f9f-367f-49f2-aa74-32612c484b77.pdf
30065,Isoptin SR 240 mg Prolonged-Release Tablets,PA23355/018/004,Viatris Healthcare Limited,"C08DA Phenylalkylamine derivatives, C08DA01 verapamil",C08DA01,FAMAR A.V.E. | Mylan Hungary Kft,"Anthoussa Avenue,
153 49, Attiki,
Athens | Mylan utca 1,
Komarom, 2900",Greece | Hungary ,https://assets.hpra.ie/products/Human/30065/ef8a8b12-4859-4349-b997-ccbd5785c4a8.pdf
24424,Zinnat 125 mg film-coated tablets,PA23311/003/002,Sandoz Pharmaceuticals d.d.,"J01DC Second-generation cephalosporins, J01DC02 cefuroxime",J01DC02,Sandoz GmbH  | Lek Pharmaceuticals d. d.,"Kundl (AICO FDF Kundl),
Biochemiestraße 10,
6250 Kundl | Verovškova ulica 57,
Ljubljana, 1526
",Austria | Slovenia,https://assets.hpra.ie/products/Human/24424/32fcae42-5bdf-4891-b6e5-df0177b21eb0.pdf
29751,Piperacillin / Tazobactam 4g / 0.5g powder for solution for infusion,PA1947/001/001,Stravencon Ltd,"J01CR Combinations of penicillins, incl. beta-lactamase inhibitors, J01CR05 piperacillin and enzyme inhibitor",J01CR05,"IPG Pharma Ltd
","Atrium Court
The Ring
Bracknell RG12 1BW
",United Kingdom,https://assets.hpra.ie/products/Human/29751/2156610.PA1947_001_001.0c715ac6-5a7a-47ac-8d2b-830841b53726.000001PIL.150514.pdf
14377,Haloperidol 5mg / ml Solution for Injection,PA0073/101/001,Mercury Pharmaceuticals (Ireland) Ltd,"N05AD Butyrophenone derivatives, N05AD01 haloperidol",N05AD01,B.Braun Melsungen AG,"Mistelweg 2/6, Berlin 47, D-12357",Germany,https://assets.hpra.ie/products/Human/14377/c8c7c989-7589-4ab8-9c6e-3ff42674ac27.pdf
14394,Sterile Dopamine Concentrate BP 40mg / ml,PA0073/108/001,Mercury Pharmaceuticals (Ireland) Ltd,"C01CA Adrenergic and dopaminergic agents, C01CA04 dopamine",C01CA04,Delpharm Tours,"La Baraudière, 37170, Chambray Lès Tours",France,https://assets.hpra.ie/products/Human/14394/31c4aeb9-e849-4a78-bf74-23010510f3fb.pdf
14395,"Sterile Dopamine Concentrate BP 160mg / ml, 5ml",PA0073/108/002,Mercury Pharmaceuticals (Ireland) Ltd,C01CA04 dopamine,C01CA04,Delpharm Tours,"La Baraudiere, 37170 Chambray Les Tours",France,https://assets.hpra.ie/products/Human/14395/d78a57df-58d2-44e4-94cf-7308c61c1b77.pdf
25679,"Flucloxacillin 250 mg / 5 ml Powder for Oral Solution, Sugar Free",PA22749/024/002,Brillpharma (Ireland) Limited,"J01CF Beta-lactamase resistant penicillins, J01CF05 flucloxacillin",J01CF05,"Bristol Laboratories Limited | axcount Generika GmbH
","Unit 3, Canalside,
Northbridge Road,
Berkhamsted |
HP4 1EG,
Max-Planck-Straße 36d,
61381 Friedric
",United Kingdom | Germany,https://assets.hpra.ie/products/Human/25679/b7f14632-1be2-4bda-9960-ab08dc3cb8c2.pdf
25678,"Flucloxacillin 125 mg / 5 ml Powder for Oral Solution, Sugar Free",PA22749/024/001,Brillpharma (Ireland) Limited,"J01CF Beta-lactamase resistant penicillins, J01CF05 flucloxacillin",J01CF05,"Bristol Laboratories Limited | axcount Generika GmbH
","Unit 3, Canalside,
Northbridge Road,
Berkhamsted |
HP4 1EG,
Max-Planck-Straße 36d,
61381 Friedric
",United Kingdom | Germany,https://assets.hpra.ie/products/Human/25678/5f7795c9-cf95-47b2-b43a-9a5ad9d206ac.pdf
41138,Zarontin 250mg / 5ml Syrup,PPA2306/031/001,Originalis B.V.,N03AD01 ethosuximide,N03AD01,"Delpharm Orleans
","5 Avenue de Concyr 45071 Orleans
Cedex 02 ",France,https://assets.hpra.ie/products/Human/41138/1a1f649d-1883-40e6-8ac8-917641a4e250.pdf
29986,Carbamazepine Essential Pharma 125 mg Suppositories,PA22644/003/001,Essential Pharma (M) Limited,N03AF01 carbamazepine,N03AF01,"Delpharm Huningue SAS - Huningue
","26 rue de la Chapelle, 68330 Huningue",France,https://assets.hpra.ie/products/Human/29986/dfde0a0c-720a-4f8b-847a-b60b85ac6cfd.pdf
29987,Carbamazepine Essential Pharma 250 mg Suppositories,PA22644/003/002,Essential Pharma (M) Limited,"N03AF Carboxamide derivatives, N03AF01 carbamazepine",N03AF01,"Delpharm Huningue SAS - Huningue
","26 rue de la Chapelle, 68330 Huningue",France,https://assets.hpra.ie/products/Human/29987/179482ec-1127-43bf-ad67-b94c64f6d785.pdf
34142,Dalacin C 150 mg Hard Capsules,PPA23080/008/001,Merit Pharmaceuticals Limited,J01FF01 clindamycin,J01FF01,Fareva Amboise,"Zone Industrielle, 29 route des Industries, 37530 Pocé-sur-Cisse",France,https://assets.hpra.ie/products/Human/34142/1e7d4873-dac7-4715-8e95-e9cf042e2b28.pdf
32013,Pulmozyme 2500 U / 2.5 ml nebuliser solution,PPA0465/433/001,PCO Manufacturing Ltd.,"R05CB Mucolytics, R05CB13 dornase alfa (desoxyribonuclease)",R05CB13,"Roche Registration GmbH | Roche Pharma AG
","Emil-Barell-Strasse 1, 79639 Grenzach-
Wyhlen |  Emil-Barell-Strasse 1, D-
79639 Grenzach-Wyhlen 
",Germany | Germany,https://assets.hpra.ie/products/Human/32013/04aac8da-ceb5-4e00-b6a8-afb402f35cfc.pdf
41104,Zovirax 800 mg Dispersible Tablets,PPA2306/030/001,Originalis B.V.,J05AB01 aciclovir,J05AB01,GlaxoWellcome S.A.," Avenida de Extremadura 3, 09400 Aranda de Duero, Burgos",Spain,https://assets.hpra.ie/products/Human/41104/85368545-bb1f-40f2-bced-9e99d029a19e.pdf
31846,Desmotabs Melt 120 micrograms oral lyophilisate,PPA0465/260/001,PCO Manufacturing Ltd.,"H01BA Vasopressin and analogues, H01BA02 desmopressin",H01BA02,Ferring GmbH ,"Wittland 11, D-24109 Kiel",Germany,https://assets.hpra.ie/products/Human/31846/6445705d-44ac-48ca-bdab-955aebc91c80.pdf
40265,Zovirax 800 mg Dispersible Tablets,PPA23080/029/001,Merit Pharmaceuticals Limited,"J05AB Nucleosides and nucleotides excl. reverse transcriptase inhibitors, J05AB01 aciclovir",J05AB01,Glaxo Wellcome S.A,"Poligono Industrial Allendeduero, 3
Avda de Extremadura, 09400 Aranda de Duero, Burgos",Spain,https://assets.hpra.ie/products/Human/40265/dd983934-9a43-478e-9d32-b61461846e46.pdf
40317,Humulin M3 KwikPen (mixture 3) 100 IU / ml Suspension for Injection,PPA0465/501/001,PCO Manufacturing Ltd.,"A10AD Insulins and analogues for injection, intermediate- or long-acting combined with fast-acting, A10AD01 insulin (human)",A10AD01,Lilly France S.A.S.,"Rue du Colonel Lilly, 67640 Fegersheim",France,https://assets.hpra.ie/products/Human/40317/1c0b8d1b-2385-4190-a322-d33e9a4e90c2.pdf
38737,Monuril 3 g granules for oral solution,PPA0465/485/001,PCO Manufacturing Ltd.,"J01XX Other antibacterials, J01XX01 fosfomycin",J01XX01,"Zambon Netherland B.V. |  Zambon S.p.A. | Zambon Netherland
B.V.
","Basicweg 14B, 3821 BR
Amersfoort |  Via Della
Chimica 9, 36100 Vicenza | Herikerbergweg 292, 1101 CT, Amsterdam
",Netherlands | Italy | Netherlands,https://assets.hpra.ie/products/Human/38737/97615875-9300-4ee1-ac4b-d4d683b9d650.pdf